[{"sounds":[{"level":-1,"sound":145}],"tick":0},{"sounds":[{"level":-1,"sound":145}],"tick":1},{"sounds":[{"level":-1,"sound":145}],"tick":2},{"sounds":[{"level":-1,"sound":145}],"tick":3},{"sounds":[{"level":-1,"sound":145}],"tick":4},{"sounds":[{"level":-1,"sound":145}],"tick":5},{"sounds":[{"level":-1,"sound":145}],"tick":6},{"sounds":[{"level":-1,"sound":145}],"tick":7},{"sounds":[{"level":-1,"sound":145}],"tick":8},{"sounds":[{"level":-1,"sound":145}],"tick":9},{"sounds":[{"level":-1,"sound":145}],"tick":10},{"sounds":[{"level":-1,"sound":145}],"tick":11},{"sounds":[{"level":-1,"sound":145}],"tick":12},{"sounds":[{"level":-1,"sound":145}],"tick":13},{"sounds":[{"level":-1,"sound":145}],"tick":14},{"sounds":[{"level":-1,"sound":145}],"tick":15},{"sounds":[{"level":-1,"sound":145},{"level":7596,"sound":73}],"tick":16},{"sounds":[{"level":-1,"sound":145}],"tick":17},{"sounds":[{"level":-1,"sound":145}],"tick":18},{"sounds":[{"level":-1,"sound":145}],"tick":19},{"sounds":[{"level":-1,"sound":145}],"tick":20},{"sounds":[{"level":-1,"sound":145}],"tick":21},{"sounds":[{"level":-1,"sound":145}],"tick":22},{"sounds":[{"level":-1,"sound":145}],"tick":23},{"sounds":[{"level":-1,"sound":145},{"level":8,"sound":81}],"tick":24},{"sounds":[{"level":-1,"sound":145}],"tick":25},{"sounds":[{"level":-1,"sound":145},{"level":4922,"sound":35}],"tick":26},{"sounds":[{"level":-1,"sound":145}],"tick":27},{"sounds":[{"level":-1,"sound":145}],"tick":28},{"sounds":[{"level":-1,"sound":145}],"tick":29},{"sounds":[{"level":-1,"sound":145}],"tick":30},{"sounds":[{"level":-1,"sound":145}],"tick":31},{"sounds":[{"level":-1,"sound":145}],"tick":32},{"sounds":[{"level":-1,"sound":145}],"tick":33},{"sounds":[{"level":-1,"sound":145}],"tick":34},{"sounds":[{"level":-1,"sound":145}],"tick":35},{"sounds":[{"level":-1,"sound":145},{"level":8,"sound":81}],"tick":36},{"sounds":[{"level":-1,"sound":145}],"tick":37},{"sounds":[{"level":-1,"sound":145}],"tick":38},{"sounds":[{"level":-1,"sound":145}],"tick":39},{"sounds":[{"level":-1,"sound":145}],"tick":40},{"sounds":[{"level":-1,"sound":145}],"tick":41},{"sounds":[{"level":-1,"sound":145}],"tick":42},{"sounds":[{"level":-1,"sound":145}],"tick":43},{"sounds":[{"level":-1,"sound":145},{"level":9,"sound":81}],"tick":44},{"sounds":[{"level":-1,"sound":145}],"tick":45},{"sounds":[{"level":-1,"sound":145},{"level":7590,"sound":74}],"tick":46},{"sounds":[{"level":-1,"sound":145}],"tick":47},{"sounds":[{"level":-1,"sound":145}],"tick":48},{"sounds":[{"level":-1,"sound":145}],"tick":49},{"sounds":[{"level":-1,"sound":145}],"tick":50},{"sounds":[{"level":-1,"sound":145}],"tick":51},{"sounds":[{"level":-1,"sound":145},{"level":10,"sound":81}],"tick":52},{"sounds":[{"level":-1,"sound":145}],"tick":53},{"sounds":[{"level":-1,"sound":145}],"tick":54},{"sounds":[{"level":-1,"sound":145}],"tick":55},{"sounds":[{"level":-1,"sound":145}],"tick":56},{"sounds":[{"level":-1,"sound":145}],"tick":57},{"sounds":[{"level":-1,"sound":145}],"tick":58},{"sounds":[{"level":-1,"sound":145}],"tick":59},{"sounds":[{"level":-1,"sound":145}],"tick":60},{"sounds":[{"level":-1,"sound":145}],"tick":61},{"sounds":[{"level":-1,"sound":145}],"tick":62},{"sounds":[{"level":-1,"sound":145}],"tick":63},{"sounds":[{"level":-1,"sound":145}],"tick":64},{"sounds":[{"level":-1,"sound":145}],"tick":65},{"sounds":[{"level":-1,"sound":145}],"tick":66},{"sounds":[{"level":-1,"sound":145}],"tick":67},{"sounds":[{"level":-1,"sound":145},{"level":12,"sound":81},{"level":4922,"sound":35}],"tick":68},{"sounds":[{"level":-1,"sound":145}],"tick":69},{"sounds":[{"level":-1,"sound":145}],"tick":70},{"sounds":[{"level":-1,"sound":145}],"tick":71},{"sounds":[{"level":-1,"sound":145}],"tick":72},{"sounds":[{"level":-1,"sound":145}],"tick":73},{"sounds":[{"level":-1,"sound":145}],"tick":74},{"sounds":[{"level":-1,"sound":145}],"tick":75},{"sounds":[{"level":-1,"sound":145},{"level":13,"sound":81}],"tick":76},{"sounds":[{"level":-1,"sound":145}],"tick":77},{"sounds":[{"level":-1,"sound":145}],"tick":78},{"sounds":[{"level":-1,"sound":145}],"tick":79},{"sounds":[{"level":-1,"sound":145}],"tick":80},{"sounds":[{"level":-1,"sound":145}],"tick":81},{"sounds":[{"level":-1,"sound":145}],"tick":82},{"sounds":[{"level":-1,"sound":145}],"tick":83},{"sounds":[{"level":-1,"sound":145},{"level":15,"sound":81}],"tick":84},{"sounds":[{"level":-1,"sound":145}],"tick":85},{"sounds":[{"level":-1,"sound":145}],"tick":86},{"sounds":[{"level":-1,"sound":145}],"tick":87},{"sounds":[{"level":-1,"sound":145}],"tick":88},{"sounds":[{"level":-1,"sound":145}],"tick":89},{"sounds":[{"level":-1,"sound":145}],"tick":90},{"sounds":[{"level":-1,"sound":145}],"tick":91},{"sounds":[{"level":-1,"sound":145}],"tick":92},{"sounds":[{"level":-1,"sound":145}],"tick":93},{"sounds":[{"level":-1,"sound":145}],"tick":94},{"sounds":[{"level":14,"sound":81},{"level":-1,"sound":145}],"tick":95},{"sounds":[{"level":-1,"sound":145}],"tick":96},{"sounds":[{"level":-1,"sound":145}],"tick":97},{"sounds":[{"level":-1,"sound":145}],"tick":98},{"sounds":[{"level":-1,"sound":145},{"level":4922,"sound":35}],"tick":99},{"sounds":[{"level":-1,"sound":145}],"tick":100},{"sounds":[{"level":-1,"sound":145}],"tick":101},{"sounds":[{"level":-1,"sound":145}],"tick":102},{"sounds":[{"level":-1,"sound":145}],"tick":103},{"sounds":[{"level":-1,"sound":145},{"level":14,"sound":81}],"tick":104},{"sounds":[{"level":-1,"sound":145}],"tick":105},{"sounds":[{"level":-1,"sound":145}],"tick":106},{"sounds":[{"level":-1,"sound":145}],"tick":107},{"sounds":[{"level":-1,"sound":145}],"tick":108},{"sounds":[{"level":-1,"sound":145}],"tick":109},{"sounds":[{"level":-1,"sound":145}],"tick":110},{"sounds":[{"level":-1,"sound":145}],"tick":111},{"sounds":[{"level":-1,"sound":145},{"level":14,"sound":81}],"tick":112},{"sounds":[{"level":-1,"sound":145}],"tick":113},{"sounds":[{"level":-1,"sound":145}],"tick":114},{"sounds":[{"level":-1,"sound":145}],"tick":115},{"sounds":[{"level":-1,"sound":145}],"tick":116},{"sounds":[{"level":-1,"sound":145}],"tick":117},{"sounds":[{"level":-1,"sound":145}],"tick":118},{"sounds":[{"level":12,"sound":81},{"level":-1,"sound":145}],"tick":119},{"sounds":[{"level":-1,"sound":145}],"tick":120},{"sounds":[{"level":-1,"sound":145}],"tick":121},{"sounds":[{"level":-1,"sound":145}],"tick":122},{"sounds":[{"level":-1,"sound":145}],"tick":123},{"sounds":[{"level":-1,"sound":145}],"tick":124},{"sounds":[{"level":-1,"sound":145}],"tick":125},{"sounds":[{"level":-1,"sound":145}],"tick":126},{"sounds":[{"level":-1,"sound":145}],"tick":127},{"sounds":[{"level":-1,"sound":145},{"level":10,"sound":81}],"tick":128},{"sounds":[{"level":-1,"sound":145}],"tick":129},{"sounds":[{"level":-1,"sound":145}],"tick":130},{"sounds":[{"level":-1,"sound":145}],"tick":131},{"sounds":[{"level":-1,"sound":145}],"tick":132},{"sounds":[{"level":-1,"sound":145}],"tick":133},{"sounds":[{"level":-1,"sound":145}],"tick":134},{"sounds":[{"level":-1,"sound":145}],"tick":135},{"sounds":[{"level":-1,"sound":145}],"tick":136},{"sounds":[{"level":-1,"sound":145}],"tick":137},{"sounds":[{"level":-1,"sound":145}],"tick":138},{"sounds":[{"level":-1,"sound":145}],"tick":139},{"sounds":[{"level":-1,"sound":145}],"tick":140},{"sounds":[{"level":-1,"sound":145}],"tick":141},{"sounds":[{"level":-1,"sound":145}],"tick":142},{"sounds":[],"tick":143},{"sounds":[{"level":-1,"sound":145},{"level":9,"sound":81}],"tick":144},{"sounds":[{"level":-1,"sound":145}],"tick":145},{"sounds":[{"level":-1,"sound":145}],"tick":146},{"sounds":[{"level":-1,"sound":145}],"tick":147},{"sounds":[{"level":-1,"sound":145}],"tick":148},{"sounds":[{"level":-1,"sound":145}],"tick":149},{"sounds":[{"level":-1,"sound":145}],"tick":150},{"sounds":[{"level":9,"sound":81},{"level":-1,"sound":145}],"tick":151},{"sounds":[{"level":-1,"sound":145}],"tick":152},{"sounds":[{"level":-1,"sound":145}],"tick":153},{"sounds":[{"level":-1,"sound":145}],"tick":154},{"sounds":[{"level":-1,"sound":145}],"tick":155},{"sounds":[{"level":-1,"sound":145}],"tick":156},{"sounds":[{"level":-1,"sound":145}],"tick":157},{"sounds":[{"level":-1,"sound":145}],"tick":158},{"sounds":[{"level":-1,"sound":145}],"tick":159},{"sounds":[{"level":-1,"sound":145}],"tick":160},{"sounds":[{"level":-1,"sound":145}],"tick":161},{"sounds":[{"level":-1,"sound":145}],"tick":162},{"sounds":[{"level":-1,"sound":145}],"tick":163},{"sounds":[{"level":-1,"sound":145},{"level":9,"sound":81}],"tick":164},{"sounds":[{"level":-1,"sound":145}],"tick":165},{"sounds":[{"level":-1,"sound":145}],"tick":166},{"sounds":[{"level":-1,"sound":145}],"tick":167},{"sounds":[{"level":-1,"sound":145}],"tick":168},{"sounds":[{"level":-1,"sound":145}],"tick":169},{"sounds":[{"level":-1,"sound":145}],"tick":170},{"sounds":[{"level":10,"sound":81},{"level":-1,"sound":145}],"tick":171},{"sounds":[{"level":-1,"sound":145}],"tick":172},{"sounds":[{"level":-1,"sound":145}],"tick":173},{"sounds":[{"level":-1,"sound":145}],"tick":174},{"sounds":[{"level":-1,"sound":145}],"tick":175},{"sounds":[{"level":-1,"sound":145}],"tick":176},{"sounds":[{"level":-1,"sound":145}],"tick":177},{"sounds":[{"level":-1,"sound":145}],"tick":178},{"sounds":[{"level":11,"sound":81},{"level":-1,"sound":145}],"tick":179},{"sounds":[{"level":-1,"sound":145}],"tick":180},{"sounds":[{"level":-1,"sound":145}],"tick":181},{"sounds":[{"level":-1,"sound":145}],"tick":182},{"sounds":[{"level":-1,"sound":145}],"tick":183},{"sounds":[{"level":-1,"sound":145}],"tick":184},{"sounds":[{"level":-1,"sound":145}],"tick":185},{"sounds":[{"level":-1,"sound":145}],"tick":186},{"sounds":[{"level":-1,"sound":145}],"tick":187},{"sounds":[{"level":-1,"sound":145}],"tick":188},{"sounds":[{"level":-1,"sound":145}],"tick":189},{"sounds":[{"level":-1,"sound":145}],"tick":190},{"sounds":[{"level":-1,"sound":145}],"tick":191},{"sounds":[{"level":-1,"sound":145}],"tick":192},{"sounds":[{"level":-1,"sound":145}],"tick":193},{"sounds":[{"level":-1,"sound":145}],"tick":194},{"sounds":[{"level":-1,"sound":145}],"tick":195},{"sounds":[{"level":-1,"sound":145},{"level":13,"sound":81}],"tick":196},{"sounds":[{"level":-1,"sound":145}],"tick":197},{"sounds":[{"level":-1,"sound":145}],"tick":198},{"sounds":[{"level":-1,"sound":145}],"tick":199},{"sounds":[{"level":-1,"sound":145}],"tick":200},{"sounds":[{"level":-1,"sound":145}],"tick":201},{"sounds":[{"level":-1,"sound":145}],"tick":202},{"sounds":[{"level":-1,"sound":145}],"tick":203},{"sounds":[{"level":-1,"sound":145},{"level":15,"sound":81}],"tick":204},{"sounds":[{"level":-1,"sound":145}],"tick":205},{"sounds":[{"level":-1,"sound":145}],"tick":206},{"sounds":[{"level":-1,"sound":145}],"tick":207},{"sounds":[{"level":-1,"sound":145}],"tick":208},{"sounds":[{"level":-1,"sound":145}],"tick":209},{"sounds":[{"level":-1,"sound":145}],"tick":210},{"sounds":[{"level":17,"sound":81},{"level":-1,"sound":145}],"tick":211},{"sounds":[{"level":-1,"sound":145}],"tick":212},{"sounds":[{"level":-1,"sound":145}],"tick":213},{"sounds":[{"level":-1,"sound":145}],"tick":214},{"sounds":[{"level":-1,"sound":145}],"tick":215},{"sounds":[{"level":-1,"sound":145}],"tick":216},{"sounds":[{"level":-1,"sound":145}],"tick":217},{"sounds":[{"level":-1,"sound":145}],"tick":218},{"sounds":[{"level":-1,"sound":145}],"tick":219},{"sounds":[{"level":-1,"sound":145}],"tick":220},{"sounds":[{"level":-1,"sound":145}],"tick":221},{"sounds":[{"level":-1,"sound":145}],"tick":222},{"sounds":[{"level":-1,"sound":145}],"tick":223},{"sounds":[{"level":-1,"sound":145},{"level":16,"sound":81}],"tick":224},{"sounds":[{"level":-1,"sound":145}],"tick":225},{"sounds":[{"level":-1,"sound":145}],"tick":226},{"sounds":[{"level":-1,"sound":145}],"tick":227},{"sounds":[{"level":-1,"sound":145}],"tick":228},{"sounds":[{"level":-1,"sound":145}],"tick":229},{"sounds":[{"level":-1,"sound":145}],"tick":230},{"sounds":[{"level":-1,"sound":145}],"tick":231},{"sounds":[{"level":-1,"sound":145}],"tick":232},{"sounds":[{"level":-1,"sound":145}],"tick":233},{"sounds":[{"level":-1,"sound":145}],"tick":234},{"sounds":[{"level":16,"sound":81},{"level":-1,"sound":145}],"tick":235},{"sounds":[{"level":-1,"sound":145}],"tick":236},{"sounds":[{"level":-1,"sound":145}],"tick":237},{"sounds":[{"level":-1,"sound":145}],"tick":238},{"sounds":[{"level":-1,"sound":145}],"tick":239},{"sounds":[{"level":-1,"sound":145}],"tick":240},{"sounds":[{"level":-1,"sound":145}],"tick":241},{"sounds":[{"level":-1,"sound":145}],"tick":242},{"sounds":[{"level":14,"sound":81},{"level":-1,"sound":145}],"tick":243},{"sounds":[{"level":-1,"sound":145}],"tick":244},{"sounds":[{"level":-1,"sound":145}],"tick":245},{"sounds":[{"level":-1,"sound":145}],"tick":246},{"sounds":[{"level":-1,"sound":145}],"tick":247},{"sounds":[{"level":-1,"sound":145}],"tick":248},{"sounds":[{"level":-1,"sound":145}],"tick":249},{"sounds":[{"level":-1,"sound":145}],"tick":250},{"sounds":[{"level":12,"sound":81},{"level":-1,"sound":145}],"tick":251},{"sounds":[{"level":-1,"sound":145}],"tick":252},{"sounds":[{"level":-1,"sound":145}],"tick":253},{"sounds":[{"level":-1,"sound":145}],"tick":254},{"sounds":[{"level":-1,"sound":145}],"tick":255},{"sounds":[{"level":-1,"sound":145}],"tick":256},{"sounds":[{"level":-1,"sound":145}],"tick":257},{"sounds":[{"level":-1,"sound":145}],"tick":258},{"sounds":[{"level":-1,"sound":145}],"tick":259},{"sounds":[{"level":-1,"sound":145}],"tick":260},{"sounds":[],"tick":261},{"sounds":[],"tick":262},{"sounds":[],"tick":263},{"sounds":[],"tick":264},{"sounds":[],"tick":265},{"sounds":[],"tick":266},{"sounds":[],"tick":267},{"sounds":[],"tick":268},{"sounds":[],"tick":269},{"sounds":[],"tick":270},{"sounds":[],"tick":271},{"sounds":[],"tick":272},{"sounds":[],"tick":273},{"sounds":[],"tick":274},{"sounds":[],"tick":275},{"sounds":[],"tick":276},{"sounds":[{"level":-1,"sound":145}],"tick":277},{"sounds":[{"level":4922,"sound":35},{"level":-1,"sound":145}],"tick":278},{"sounds":[{"level":-1,"sound":145}],"tick":279},{"sounds":[{"level":-1,"sound":145}],"tick":280},{"sounds":[{"level":-1,"sound":145}],"tick":281},{"sounds":[{"level":-1,"sound":145}],"tick":282},{"sounds":[{"level":-1,"sound":145},{"level":8,"sound":81}],"tick":283},{"sounds":[{"level":-1,"sound":145}],"tick":284},{"sounds":[{"level":-1,"sound":145}],"tick":285},{"sounds":[{"level":-1,"sound":145}],"tick":286},{"sounds":[{"level":-1,"sound":145}],"tick":287},{"sounds":[{"level":-1,"sound":145}],"tick":288},{"sounds":[{"level":-1,"sound":145}],"tick":289},{"sounds":[],"tick":290},{"sounds":[{"level":-1,"sound":145}],"tick":291},{"sounds":[{"level":-1,"sound":145}],"tick":292},{"sounds":[{"level":-1,"sound":145}],"tick":293},{"sounds":[],"tick":294},{"sounds":[{"level":8,"sound":81},{"level":-1,"sound":145}],"tick":295},{"sounds":[{"level":-1,"sound":145}],"tick":296},{"sounds":[{"level":-1,"sound":145}],"tick":297},{"sounds":[{"level":-1,"sound":145}],"tick":298},{"sounds":[{"level":-1,"sound":145}],"tick":299},{"sounds":[],"tick":300},{"sounds":[{"level":-1,"sound":145}],"tick":301},{"sounds":[{"level":-1,"sound":145}],"tick":302},{"sounds":[{"level":-1,"sound":145},{"level":9,"sound":81}],"tick":303},{"sounds":[{"level":-1,"sound":145}],"tick":304},{"sounds":[{"level":-1,"sound":145}],"tick":305},{"sounds":[{"level":-1,"sound":145}],"tick":306},{"sounds":[{"level":-1,"sound":145}],"tick":307},{"sounds":[{"level":-1,"sound":145}],"tick":308},{"sounds":[{"level":-1,"sound":145}],"tick":309},{"sounds":[{"level":-1,"sound":145}],"tick":310},{"sounds":[{"level":-1,"sound":145},{"level":10,"sound":81}],"tick":311},{"sounds":[{"level":-1,"sound":145}],"tick":312},{"sounds":[{"level":-1,"sound":145}],"tick":313},{"sounds":[{"level":-1,"sound":145}],"tick":314},{"sounds":[{"level":-1,"sound":145}],"tick":315},{"sounds":[{"level":-1,"sound":145}],"tick":316},{"sounds":[{"level":-1,"sound":145}],"tick":317},{"sounds":[{"level":-1,"sound":145}],"tick":318},{"sounds":[{"level":-1,"sound":145}],"tick":319},{"sounds":[],"tick":320},{"sounds":[],"tick":321},{"sounds":[],"tick":322},{"sounds":[],"tick":323},{"sounds":[],"tick":324},{"sounds":[],"tick":325},{"sounds":[],"tick":326},{"sounds":[],"tick":327},{"sounds":[],"tick":328},{"sounds":[],"tick":329},{"sounds":[],"tick":330},{"sounds":[],"tick":331},{"sounds":[],"tick":332},{"sounds":[],"tick":333},{"sounds":[],"tick":334},{"sounds":[{"level":4922,"sound":35},{"level":-1,"sound":145}],"tick":335},{"sounds":[{"level":-1,"sound":145}],"tick":336},{"sounds":[{"level":-1,"sound":145}],"tick":337},{"sounds":[{"level":-1,"sound":145}],"tick":338},{"sounds":[{"level":-1,"sound":145}],"tick":339},{"sounds":[{"level":-1,"sound":145},{"level":12,"sound":81}],"tick":340},{"sounds":[{"level":-1,"sound":145}],"tick":341},{"sounds":[{"level":-1,"sound":145}],"tick":342},{"sounds":[{"level":-1,"sound":145}],"tick":343},{"sounds":[{"level":-1,"sound":145}],"tick":344},{"sounds":[{"level":-1,"sound":145}],"tick":345},{"sounds":[{"level":-1,"sound":145}],"tick":346},{"sounds":[{"level":-1,"sound":145}],"tick":347},{"sounds":[{"level":13,"sound":81},{"level":-1,"sound":145}],"tick":348},{"sounds":[{"level":-1,"sound":145}],"tick":349},{"sounds":[{"level":-1,"sound":145}],"tick":350},{"sounds":[{"level":-1,"sound":145}],"tick":351},{"sounds":[{"level":-1,"sound":145}],"tick":352},{"sounds":[{"level":-1,"sound":145}],"tick":353},{"sounds":[{"level":-1,"sound":145}],"tick":354},{"sounds":[{"level":-1,"sound":145}],"tick":355},{"sounds":[{"level":15,"sound":81},{"level":-1,"sound":145}],"tick":356},{"sounds":[{"level":-1,"sound":145}],"tick":357},{"sounds":[{"level":-1,"sound":145}],"tick":358},{"sounds":[{"level":-1,"sound":145}],"tick":359},{"sounds":[{"level":-1,"sound":145}],"tick":360},{"sounds":[{"level":-1,"sound":145}],"tick":361},{"sounds":[{"level":-1,"sound":145}],"tick":362},{"sounds":[{"level":-1,"sound":145}],"tick":363},{"sounds":[{"level":-1,"sound":145}],"tick":364},{"sounds":[{"level":-1,"sound":145}],"tick":365},{"sounds":[{"level":-1,"sound":145}],"tick":366},{"sounds":[],"tick":367},{"sounds":[{"level":14,"sound":81},{"level":-1,"sound":145}],"tick":368},{"sounds":[{"level":-1,"sound":145}],"tick":369},{"sounds":[{"level":-1,"sound":145}],"tick":370},{"sounds":[{"level":-1,"sound":145}],"tick":371},{"sounds":[{"level":-1,"sound":145}],"tick":372},{"sounds":[{"level":-1,"sound":145}],"tick":373},{"sounds":[{"level":-1,"sound":145}],"tick":374},{"sounds":[{"level":-1,"sound":145}],"tick":375},{"sounds":[{"level":-1,"sound":145},{"level":14,"sound":81}],"tick":376},{"sounds":[{"level":-1,"sound":145}],"tick":377},{"sounds":[{"level":-1,"sound":145}],"tick":378},{"sounds":[{"level":-1,"sound":145}],"tick":379},{"sounds":[{"level":-1,"sound":145},{"level":4922,"sound":35}],"tick":380},{"sounds":[{"level":-1,"sound":145}],"tick":381},{"sounds":[{"level":-1,"sound":145}],"tick":382},{"sounds":[{"level":-1,"sound":145}],"tick":383},{"sounds":[{"level":-1,"sound":145},{"level":14,"sound":81}],"tick":384},{"sounds":[{"level":-1,"sound":145}],"tick":385},{"sounds":[{"level":-1,"sound":145}],"tick":386},{"sounds":[{"level":-1,"sound":145}],"tick":387},{"sounds":[{"level":-1,"sound":145}],"tick":388},{"sounds":[{"level":-1,"sound":145}],"tick":389},{"sounds":[{"level":-1,"sound":145}],"tick":390},{"sounds":[],"tick":391},{"sounds":[{"level":12,"sound":81},{"level":-1,"sound":145}],"tick":392},{"sounds":[{"level":-1,"sound":145}],"tick":393},{"sounds":[{"level":-1,"sound":145}],"tick":394},{"sounds":[{"level":-1,"sound":145}],"tick":395},{"sounds":[{"level":-1,"sound":145}],"tick":396},{"sounds":[{"level":-1,"sound":145}],"tick":397},{"sounds":[{"level":-1,"sound":145}],"tick":398},{"sounds":[{"level":-1,"sound":145}],"tick":399},{"sounds":[{"level":10,"sound":81},{"level":-1,"sound":145}],"tick":400},{"sounds":[{"level":-1,"sound":145}],"tick":401},{"sounds":[{"level":-1,"sound":145}],"tick":402},{"sounds":[{"level":-1,"sound":145}],"tick":403},{"sounds":[{"level":-1,"sound":145}],"tick":404},{"sounds":[{"level":-1,"sound":145}],"tick":405},{"sounds":[{"level":-1,"sound":145}],"tick":406},{"sounds":[{"level":-1,"sound":145}],"tick":407},{"sounds":[{"level":-1,"sound":145}],"tick":408},{"sounds":[],"tick":409},{"sounds":[{"level":-1,"sound":145}],"tick":410},{"sounds":[{"level":-1,"sound":145}],"tick":411},{"sounds":[],"tick":412},{"sounds":[{"level":-1,"sound":145}],"tick":413},{"sounds":[{"level":-1,"sound":145}],"tick":414},{"sounds":[{"level":9,"sound":81},{"level":-1,"sound":145}],"tick":415},{"sounds":[{"level":-1,"sound":145}],"tick":416},{"sounds":[{"level":-1,"sound":145}],"tick":417},{"sounds":[{"level":-1,"sound":145}],"tick":418},{"sounds":[{"level":-1,"sound":145}],"tick":419},{"sounds":[{"level":-1,"sound":145}],"tick":420},{"sounds":[{"level":-1,"sound":145}],"tick":421},{"sounds":[{"level":-1,"sound":145}],"tick":422},{"sounds":[{"level":9,"sound":81},{"level":-1,"sound":145}],"tick":423},{"sounds":[{"level":-1,"sound":145}],"tick":424},{"sounds":[{"level":-1,"sound":145}],"tick":425},{"sounds":[{"level":-1,"sound":145}],"tick":426},{"sounds":[{"level":-1,"sound":145}],"tick":427},{"sounds":[{"level":-1,"sound":145}],"tick":428},{"sounds":[{"level":-1,"sound":145}],"tick":429},{"sounds":[{"level":-1,"sound":145}],"tick":430},{"sounds":[{"level":-1,"sound":145}],"tick":431},{"sounds":[{"level":-1,"sound":145},{"level":9,"sound":81}],"tick":432},{"sounds":[{"level":-1,"sound":145}],"tick":433},{"sounds":[{"level":-1,"sound":145}],"tick":434},{"sounds":[{"level":-1,"sound":145}],"tick":435},{"sounds":[{"level":-1,"sound":145}],"tick":436},{"sounds":[{"level":-1,"sound":145}],"tick":437},{"sounds":[{"level":-1,"sound":145}],"tick":438},{"sounds":[{"level":-1,"sound":145}],"tick":439},{"sounds":[{"level":-1,"sound":145},{"level":10,"sound":81}],"tick":440},{"sounds":[{"level":-1,"sound":145}],"tick":441},{"sounds":[{"level":-1,"sound":145}],"tick":442},{"sounds":[{"level":-1,"sound":145}],"tick":443},{"sounds":[{"level":-1,"sound":145}],"tick":444},{"sounds":[{"level":-1,"sound":145}],"tick":445},{"sounds":[{"level":-1,"sound":145},{"level":11,"sound":81}],"tick":446},{"sounds":[{"level":-1,"sound":145}],"tick":447},{"sounds":[{"level":-1,"sound":145}],"tick":448},{"sounds":[{"level":-1,"sound":145}],"tick":449},{"sounds":[{"level":-1,"sound":145}],"tick":450},{"sounds":[{"level":-1,"sound":145}],"tick":451},{"sounds":[{"level":-1,"sound":145}],"tick":452},{"sounds":[{"level":-1,"sound":145}],"tick":453},{"sounds":[{"level":-1,"sound":145}],"tick":454},{"sounds":[{"level":-1,"sound":145}],"tick":455},{"sounds":[{"level":-1,"sound":145}],"tick":456},{"sounds":[{"level":-1,"sound":145}],"tick":457},{"sounds":[{"level":-1,"sound":145}],"tick":458},{"sounds":[{"level":-1,"sound":145}],"tick":459},{"sounds":[{"level":-1,"sound":145}],"tick":460},{"sounds":[{"level":13,"sound":81},{"level":-1,"sound":145}],"tick":461},{"sounds":[{"level":-1,"sound":145}],"tick":462},{"sounds":[{"level":-1,"sound":145}],"tick":463},{"sounds":[{"level":-1,"sound":145}],"tick":464},{"sounds":[],"tick":465},{"sounds":[{"level":-1,"sound":145}],"tick":466},{"sounds":[{"level":-1,"sound":145}],"tick":467},{"sounds":[{"level":-1,"sound":145}],"tick":468},{"sounds":[{"level":15,"sound":81},{"level":-1,"sound":145}],"tick":469},{"sounds":[{"level":-1,"sound":145}],"tick":470},{"sounds":[{"level":-1,"sound":145}],"tick":471},{"sounds":[{"level":-1,"sound":145}],"tick":472},{"sounds":[{"level":-1,"sound":145}],"tick":473},{"sounds":[{"level":-1,"sound":145}],"tick":474},{"sounds":[{"level":-1,"sound":145}],"tick":475},{"sounds":[{"level":-1,"sound":145}],"tick":476},{"sounds":[{"level":-1,"sound":145}],"tick":477},{"sounds":[{"level":-1,"sound":145},{"level":17,"sound":81}],"tick":478},{"sounds":[{"level":-1,"sound":145}],"tick":479},{"sounds":[{"level":-1,"sound":145}],"tick":480},{"sounds":[{"level":-1,"sound":145}],"tick":481},{"sounds":[{"level":-1,"sound":145}],"tick":482},{"sounds":[{"level":-1,"sound":145}],"tick":483},{"sounds":[{"level":-1,"sound":145}],"tick":484},{"sounds":[{"level":-1,"sound":145}],"tick":485},{"sounds":[{"level":16,"sound":81},{"level":-1,"sound":145}],"tick":486},{"sounds":[{"level":-1,"sound":145}],"tick":487},{"sounds":[{"level":-1,"sound":145}],"tick":488},{"sounds":[{"level":-1,"sound":145}],"tick":489},{"sounds":[{"level":-1,"sound":145}],"tick":490},{"sounds":[{"level":-1,"sound":145}],"tick":491},{"sounds":[{"level":-1,"sound":145}],"tick":492},{"sounds":[{"level":-1,"sound":145}],"tick":493},{"sounds":[{"level":-1,"sound":145},{"level":16,"sound":81}],"tick":494},{"sounds":[{"level":-1,"sound":145}],"tick":495},{"sounds":[{"level":-1,"sound":145}],"tick":496},{"sounds":[{"level":-1,"sound":145}],"tick":497},{"sounds":[{"level":-1,"sound":145}],"tick":498},{"sounds":[{"level":-1,"sound":145}],"tick":499},{"sounds":[{"level":-1,"sound":145}],"tick":500},{"sounds":[{"level":-1,"sound":145}],"tick":501},{"sounds":[{"level":-1,"sound":145},{"level":14,"sound":81}],"tick":502},{"sounds":[{"level":-1,"sound":145}],"tick":503},{"sounds":[{"level":-1,"sound":145}],"tick":504},{"sounds":[{"level":-1,"sound":145}],"tick":505},{"sounds":[{"level":-1,"sound":145}],"tick":506},{"sounds":[{"level":-1,"sound":145}],"tick":507},{"sounds":[{"level":-1,"sound":145}],"tick":508},{"sounds":[{"level":-1,"sound":145}],"tick":509},{"sounds":[{"level":12,"sound":81},{"level":-1,"sound":145}],"tick":510},{"sounds":[{"level":-1,"sound":145}],"tick":511},{"sounds":[{"level":-1,"sound":145}],"tick":512},{"sounds":[{"level":-1,"sound":145}],"tick":513},{"sounds":[{"level":11,"sound":81},{"level":-1,"sound":145}],"tick":514},{"sounds":[{"level":-1,"sound":145}],"tick":515},{"sounds":[{"level":-1,"sound":145}],"tick":516},{"sounds":[{"level":-1,"sound":145}],"tick":517},{"sounds":[{"level":-1,"sound":145}],"tick":518},{"sounds":[{"level":-1,"sound":145}],"tick":519},{"sounds":[],"tick":520},{"sounds":[],"tick":521},{"sounds":[],"tick":522},{"sounds":[],"tick":523},{"sounds":[],"tick":524},{"sounds":[],"tick":525},{"sounds":[],"tick":526},{"sounds":[],"tick":527},{"sounds":[],"tick":528},{"sounds":[],"tick":529},{"sounds":[{"level":4922,"sound":35},{"level":-1,"sound":145}],"tick":530},{"sounds":[{"level":-1,"sound":145}],"tick":531},{"sounds":[{"level":-1,"sound":145}],"tick":532},{"sounds":[{"level":-1,"sound":145}],"tick":533},{"sounds":[{"level":-1,"sound":145}],"tick":534},{"sounds":[{"level":13,"sound":81},{"level":-1,"sound":145}],"tick":535},{"sounds":[{"level":-1,"sound":145}],"tick":536},{"sounds":[{"level":-1,"sound":145}],"tick":537},{"sounds":[{"level":-1,"sound":145}],"tick":538},{"sounds":[{"level":-1,"sound":145}],"tick":539},{"sounds":[{"level":-1,"sound":145}],"tick":540},{"sounds":[],"tick":541},{"sounds":[{"level":-1,"sound":145}],"tick":542},{"sounds":[{"level":-1,"sound":145},{"level":12,"sound":81}],"tick":543},{"sounds":[{"level":-1,"sound":145}],"tick":544},{"sounds":[{"level":-1,"sound":145}],"tick":545},{"sounds":[{"level":-1,"sound":145}],"tick":546},{"sounds":[{"level":-1,"sound":145}],"tick":547},{"sounds":[{"level":-1,"sound":145}],"tick":548},{"sounds":[{"level":-1,"sound":145}],"tick":549},{"sounds":[{"level":-1,"sound":145}],"tick":550},{"sounds":[{"level":13,"sound":81},{"level":-1,"sound":145}],"tick":551},{"sounds":[{"level":-1,"sound":145}],"tick":552},{"sounds":[{"level":-1,"sound":145}],"tick":553},{"sounds":[{"level":-1,"sound":145}],"tick":554},{"sounds":[{"level":-1,"sound":145}],"tick":555},{"sounds":[{"level":-1,"sound":145}],"tick":556},{"sounds":[{"level":-1,"sound":145}],"tick":557},{"sounds":[{"level":-1,"sound":145}],"tick":558},{"sounds":[{"level":-1,"sound":145}],"tick":559},{"sounds":[{"level":-1,"sound":145}],"tick":560},{"sounds":[{"level":-1,"sound":145}],"tick":561},{"sounds":[{"level":-1,"sound":145}],"tick":562},{"sounds":[{"level":12,"sound":81},{"level":-1,"sound":145}],"tick":563},{"sounds":[{"level":-1,"sound":145}],"tick":564},{"sounds":[{"level":-1,"sound":145}],"tick":565},{"sounds":[{"level":-1,"sound":145}],"tick":566},{"sounds":[{"level":13,"sound":81},{"level":-1,"sound":145}],"tick":567},{"sounds":[{"level":-1,"sound":145}],"tick":568},{"sounds":[],"tick":569},{"sounds":[],"tick":570},{"sounds":[],"tick":571},{"sounds":[],"tick":572},{"sounds":[],"tick":573},{"sounds":[],"tick":574},{"sounds":[],"tick":575},{"sounds":[],"tick":576},{"sounds":[],"tick":577},{"sounds":[],"tick":578},{"sounds":[],"tick":579},{"sounds":[],"tick":580},{"sounds":[],"tick":581},{"sounds":[{"level":4922,"sound":35},{"level":-1,"sound":145}],"tick":582},{"sounds":[{"level":-1,"sound":145}],"tick":583},{"sounds":[{"level":-1,"sound":145}],"tick":584},{"sounds":[{"level":-1,"sound":145},{"level":14,"sound":81}],"tick":585},{"sounds":[{"level":-1,"sound":145}],"tick":586},{"sounds":[{"level":-1,"sound":145}],"tick":587},{"sounds":[{"level":-1,"sound":145}],"tick":588},{"sounds":[{"level":-1,"sound":145}],"tick":589},{"sounds":[{"level":-1,"sound":145}],"tick":590},{"sounds":[{"level":-1,"sound":145},{"level":14,"sound":81}],"tick":591},{"sounds":[{"level":-1,"sound":145}],"tick":592},{"sounds":[],"tick":593},{"sounds":[{"level":-1,"sound":145}],"tick":594},{"sounds":[{"level":-1,"sound":145}],"tick":595},{"sounds":[{"level":13,"sound":81},{"level":-1,"sound":145}],"tick":596},{"sounds":[{"level":-1,"sound":145}],"tick":597},{"sounds":[{"level":-1,"sound":145}],"tick":598},{"sounds":[{"level":-1,"sound":145}],"tick":599},{"sounds":[{"level":-1,"sound":145}],"tick":600},{"sounds":[{"level":-1,"sound":145}],"tick":601},{"sounds":[{"level":14,"sound":81},{"level":-1,"sound":145}],"tick":602},{"sounds":[],"tick":603},{"sounds":[{"level":-1,"sound":145}],"tick":604},{"sounds":[{"level":-1,"sound":145}],"tick":605},{"sounds":[{"level":-1,"sound":145}],"tick":606},{"sounds":[{"level":-1,"sound":145}],"tick":607},{"sounds":[{"level":-1,"sound":145}],"tick":608},{"sounds":[{"level":-1,"sound":145}],"tick":609},{"sounds":[{"level":-1,"sound":145}],"tick":610},{"sounds":[{"level":-1,"sound":145}],"tick":611},{"sounds":[{"level":-1,"sound":145}],"tick":612},{"sounds":[{"level":-1,"sound":145}],"tick":613},{"sounds":[{"level":-1,"sound":145}],"tick":614},{"sounds":[{"level":-1,"sound":145}],"tick":615},{"sounds":[{"level":-1,"sound":145}],"tick":616},{"sounds":[{"level":-1,"sound":145}],"tick":617},{"sounds":[{"level":-1,"sound":145}],"tick":618},{"sounds":[{"level":16,"sound":81},{"level":-1,"sound":145}],"tick":619},{"sounds":[{"level":-1,"sound":145}],"tick":620},{"sounds":[{"level":-1,"sound":145}],"tick":621},{"sounds":[{"level":-1,"sound":145}],"tick":622},{"sounds":[{"level":-1,"sound":145}],"tick":623},{"sounds":[{"level":-1,"sound":145}],"tick":624},{"sounds":[{"level":-1,"sound":145}],"tick":625},{"sounds":[{"level":-1,"sound":145}],"tick":626},{"sounds":[{"level":16,"sound":81},{"level":-1,"sound":145}],"tick":627},{"sounds":[{"level":-1,"sound":145}],"tick":628},{"sounds":[{"level":-1,"sound":145}],"tick":629},{"sounds":[{"level":-1,"sound":145}],"tick":630},{"sounds":[{"level":-1,"sound":145}],"tick":631},{"sounds":[{"level":-1,"sound":145}],"tick":632},{"sounds":[{"level":-1,"sound":145}],"tick":633},{"sounds":[{"level":-1,"sound":145}],"tick":634},{"sounds":[{"level":-1,"sound":145},{"level":16,"sound":81}],"tick":635},{"sounds":[{"level":-1,"sound":145}],"tick":636},{"sounds":[{"level":-1,"sound":145}],"tick":637},{"sounds":[{"level":-1,"sound":145}],"tick":638},{"sounds":[{"level":-1,"sound":145}],"tick":639},{"sounds":[{"level":-1,"sound":145}],"tick":640},{"sounds":[{"level":-1,"sound":145}],"tick":641},{"sounds":[{"level":-1,"sound":145}],"tick":642},{"sounds":[{"level":-1,"sound":145},{"level":16,"sound":81}],"tick":643},{"sounds":[{"level":-1,"sound":145}],"tick":644},{"sounds":[{"level":-1,"sound":145}],"tick":645},{"sounds":[{"level":-1,"sound":145}],"tick":646},{"sounds":[{"level":-1,"sound":145}],"tick":647},{"sounds":[{"level":-1,"sound":145}],"tick":648},{"sounds":[{"level":-1,"sound":145}],"tick":649},{"sounds":[{"level":-1,"sound":145}],"tick":650},{"sounds":[{"level":14,"sound":81},{"level":-1,"sound":145}],"tick":651},{"sounds":[{"level":-1,"sound":145}],"tick":652},{"sounds":[{"level":-1,"sound":145}],"tick":653},{"sounds":[{"level":-1,"sound":145}],"tick":654},{"sounds":[{"level":-1,"sound":145}],"tick":655},{"sounds":[{"level":-1,"sound":145}],"tick":656},{"sounds":[{"level":-1,"sound":145}],"tick":657},{"sounds":[{"level":-1,"sound":145}],"tick":658},{"sounds":[{"level":15,"sound":81},{"level":-1,"sound":145}],"tick":659},{"sounds":[{"level":-1,"sound":145}],"tick":660},{"sounds":[{"level":-1,"sound":145}],"tick":661},{"sounds":[{"level":-1,"sound":145}],"tick":662},{"sounds":[{"level":-1,"sound":145}],"tick":663},{"sounds":[{"level":-1,"sound":145}],"tick":664},{"sounds":[{"level":-1,"sound":145}],"tick":665},{"sounds":[{"level":-1,"sound":145}],"tick":666},{"sounds":[{"level":-1,"sound":145},{"level":16,"sound":81}],"tick":667},{"sounds":[{"level":-1,"sound":145}],"tick":668},{"sounds":[{"level":-1,"sound":145}],"tick":669},{"sounds":[{"level":-1,"sound":145}],"tick":670},{"sounds":[{"level":-1,"sound":145}],"tick":671},{"sounds":[{"level":-1,"sound":145}],"tick":672},{"sounds":[{"level":-1,"sound":145}],"tick":673},{"sounds":[{"level":-1,"sound":145}],"tick":674},{"sounds":[{"level":-1,"sound":145}],"tick":675},{"sounds":[{"level":-1,"sound":145}],"tick":676},{"sounds":[{"level":-1,"sound":145}],"tick":677},{"sounds":[{"level":-1,"sound":145}],"tick":678},{"sounds":[{"level":17,"sound":81},{"level":-1,"sound":145}],"tick":679},{"sounds":[{"level":-1,"sound":145}],"tick":680},{"sounds":[{"level":-1,"sound":145}],"tick":681},{"sounds":[{"level":-1,"sound":145}],"tick":682},{"sounds":[{"level":-1,"sound":145}],"tick":683},{"sounds":[{"level":-1,"sound":145}],"tick":684},{"sounds":[{"level":17,"sound":81},{"level":-1,"sound":145}],"tick":685},{"sounds":[{"level":-1,"sound":145}],"tick":686},{"sounds":[{"level":-1,"sound":145}],"tick":687},{"sounds":[{"level":-1,"sound":145}],"tick":688},{"sounds":[{"level":-1,"sound":145}],"tick":689},{"sounds":[{"level":-1,"sound":145}],"tick":690},{"sounds":[{"level":17,"sound":81},{"level":-1,"sound":145}],"tick":691},{"sounds":[{"level":-1,"sound":145}],"tick":692},{"sounds":[{"level":-1,"sound":145}],"tick":693},{"sounds":[{"level":-1,"sound":145}],"tick":694},{"sounds":[{"level":-1,"sound":145}],"tick":695},{"sounds":[{"level":-1,"sound":145}],"tick":696},{"sounds":[{"level":-1,"sound":145}],"tick":697},{"sounds":[{"level":-1,"sound":145}],"tick":698},{"sounds":[],"tick":699},{"sounds":[{"level":-1,"sound":145}],"tick":700},{"sounds":[],"tick":701},{"sounds":[{"level":-1,"sound":145}],"tick":702},{"sounds":[{"level":-1,"sound":145}],"tick":703},{"sounds":[{"level":-1,"sound":145}],"tick":704},{"sounds":[{"level":-1,"sound":145}],"tick":705},{"sounds":[{"level":-1,"sound":145}],"tick":706},{"sounds":[{"level":16,"sound":81},{"level":-1,"sound":145},{"level":4922,"sound":35}],"tick":707},{"sounds":[{"level":-1,"sound":145}],"tick":708},{"sounds":[{"level":-1,"sound":145}],"tick":709},{"sounds":[],"tick":710},{"sounds":[{"level":-1,"sound":145}],"tick":711},{"sounds":[{"level":-1,"sound":145}],"tick":712},{"sounds":[{"level":-1,"sound":145}],"tick":713},{"sounds":[{"level":-1,"sound":145}],"tick":714},{"sounds":[{"level":-1,"sound":145},{"level":16,"sound":81}],"tick":715},{"sounds":[{"level":-1,"sound":145}],"tick":716},{"sounds":[{"level":-1,"sound":145}],"tick":717},{"sounds":[{"level":-1,"sound":145}],"tick":718},{"sounds":[{"level":-1,"sound":145}],"tick":719},{"sounds":[{"level":-1,"sound":145}],"tick":720},{"sounds":[{"level":-1,"sound":145}],"tick":721},{"sounds":[{"level":-1,"sound":145}],"tick":722},{"sounds":[{"level":16,"sound":81},{"level":-1,"sound":145}],"tick":723},{"sounds":[{"level":-1,"sound":145}],"tick":724},{"sounds":[{"level":-1,"sound":145}],"tick":725},{"sounds":[{"level":-1,"sound":145}],"tick":726},{"sounds":[{"level":-1,"sound":145}],"tick":727},{"sounds":[{"level":-1,"sound":145}],"tick":728},{"sounds":[{"level":-1,"sound":145}],"tick":729},{"sounds":[{"level":-1,"sound":145}],"tick":730},{"sounds":[{"level":15,"sound":81},{"level":-1,"sound":145}],"tick":731},{"sounds":[{"level":-1,"sound":145}],"tick":732},{"sounds":[{"level":-1,"sound":145}],"tick":733},{"sounds":[{"level":-1,"sound":145}],"tick":734},{"sounds":[{"level":-1,"sound":145}],"tick":735},{"sounds":[{"level":-1,"sound":145}],"tick":736},{"sounds":[{"level":-1,"sound":145}],"tick":737},{"sounds":[{"level":-1,"sound":145}],"tick":738},{"sounds":[{"level":-1,"sound":145},{"level":17,"sound":81},{"level":4922,"sound":35}],"tick":739},{"sounds":[{"level":-1,"sound":145}],"tick":740},{"sounds":[{"level":-1,"sound":145}],"tick":741},{"sounds":[{"level":-1,"sound":145}],"tick":742},{"sounds":[{"level":-1,"sound":145}],"tick":743},{"sounds":[{"level":-1,"sound":145}],"tick":744},{"sounds":[{"level":-1,"sound":145}],"tick":745},{"sounds":[{"level":-1,"sound":145}],"tick":746},{"sounds":[{"level":-1,"sound":145},{"level":14,"sound":81}],"tick":747},{"sounds":[{"level":-1,"sound":145}],"tick":748},{"sounds":[{"level":-1,"sound":145}],"tick":749},{"sounds":[{"level":-1,"sound":145}],"tick":750},{"sounds":[{"level":-1,"sound":145}],"tick":751},{"sounds":[{"level":-1,"sound":145}],"tick":752},{"sounds":[{"level":-1,"sound":145}],"tick":753},{"sounds":[{"level":-1,"sound":145}],"tick":754},{"sounds":[{"level":12,"sound":81},{"level":-1,"sound":145}],"tick":755},{"sounds":[{"level":-1,"sound":145}],"tick":756},{"sounds":[{"level":-1,"sound":145}],"tick":757},{"sounds":[{"level":-1,"sound":145}],"tick":758},{"sounds":[{"level":13,"sound":81},{"level":-1,"sound":145}],"tick":759},{"sounds":[{"level":-1,"sound":145}],"tick":760},{"sounds":[{"level":-1,"sound":145}],"tick":761},{"sounds":[{"level":-1,"sound":145}],"tick":762},{"sounds":[{"level":-1,"sound":145}],"tick":763},{"sounds":[{"level":-1,"sound":145}],"tick":764},{"sounds":[{"level":-1,"sound":145}],"tick":765},{"sounds":[{"level":-1,"sound":145}],"tick":766},{"sounds":[{"level":-1,"sound":145}],"tick":767},{"sounds":[{"level":-1,"sound":145}],"tick":768},{"sounds":[{"level":-1,"sound":145}],"tick":769},{"sounds":[{"level":-1,"sound":145}],"tick":770},{"sounds":[{"level":-1,"sound":145}],"tick":771},{"sounds":[{"level":-1,"sound":145}],"tick":772},{"sounds":[{"level":12,"sound":81},{"level":-1,"sound":145}],"tick":773},{"sounds":[{"level":-1,"sound":145}],"tick":774},{"sounds":[{"level":-1,"sound":145}],"tick":775},{"sounds":[{"level":-1,"sound":145}],"tick":776},{"sounds":[{"level":-1,"sound":145}],"tick":777},{"sounds":[{"level":-1,"sound":145}],"tick":778},{"sounds":[{"level":-1,"sound":145},{"level":13,"sound":81}],"tick":779},{"sounds":[{"level":-1,"sound":145}],"tick":780},{"sounds":[{"level":-1,"sound":145}],"tick":781},{"sounds":[{"level":-1,"sound":145}],"tick":782},{"sounds":[{"level":-1,"sound":145}],"tick":783},{"sounds":[{"level":-1,"sound":145}],"tick":784},{"sounds":[{"level":15,"sound":81},{"level":-1,"sound":145}],"tick":785},{"sounds":[{"level":-1,"sound":145}],"tick":786},{"sounds":[{"level":-1,"sound":145}],"tick":787},{"sounds":[{"level":-1,"sound":145}],"tick":788},{"sounds":[{"level":-1,"sound":145}],"tick":789},{"sounds":[{"level":-1,"sound":145}],"tick":790},{"sounds":[{"level":16,"sound":81},{"level":-1,"sound":145}],"tick":791},{"sounds":[{"level":-1,"sound":145}],"tick":792},{"sounds":[{"level":-1,"sound":145}],"tick":793},{"sounds":[{"level":-1,"sound":145}],"tick":794},{"sounds":[{"level":-1,"sound":145}],"tick":795},{"sounds":[{"level":-1,"sound":145}],"tick":796},{"sounds":[{"level":-1,"sound":145}],"tick":797},{"sounds":[{"level":-1,"sound":145}],"tick":798},{"sounds":[{"level":17,"sound":81},{"level":-1,"sound":145}],"tick":799},{"sounds":[{"level":-1,"sound":145}],"tick":800},{"sounds":[{"level":-1,"sound":145}],"tick":801},{"sounds":[{"level":-1,"sound":145}],"tick":802},{"sounds":[{"level":-1,"sound":145}],"tick":803},{"sounds":[{"level":-1,"sound":145}],"tick":804},{"sounds":[{"level":17,"sound":81},{"level":-1,"sound":145}],"tick":805},{"sounds":[{"level":-1,"sound":145}],"tick":806},{"sounds":[{"level":-1,"sound":145}],"tick":807},{"sounds":[{"level":-1,"sound":145}],"tick":808},{"sounds":[{"level":-1,"sound":145}],"tick":809},{"sounds":[{"level":-1,"sound":145}],"tick":810},{"sounds":[{"level":16,"sound":81},{"level":-1,"sound":145}],"tick":811},{"sounds":[{"level":-1,"sound":145}],"tick":812},{"sounds":[{"level":-1,"sound":145}],"tick":813},{"sounds":[{"level":-1,"sound":145}],"tick":814},{"sounds":[{"level":-1,"sound":145}],"tick":815},{"sounds":[{"level":-1,"sound":145}],"tick":816},{"sounds":[{"level":-1,"sound":145}],"tick":817},{"sounds":[{"level":-1,"sound":145}],"tick":818},{"sounds":[{"level":-1,"sound":145}],"tick":819},{"sounds":[],"tick":820},{"sounds":[],"tick":821},{"sounds":[],"tick":822},{"sounds":[],"tick":823},{"sounds":[],"tick":824},{"sounds":[],"tick":825},{"sounds":[],"tick":826},{"sounds":[],"tick":827},{"sounds":[],"tick":828},{"sounds":[],"tick":829},{"sounds":[],"tick":830},{"sounds":[],"tick":831},{"sounds":[],"tick":832},{"sounds":[],"tick":833},{"sounds":[],"tick":834},{"sounds":[{"level":4922,"sound":35},{"level":-1,"sound":145}],"tick":835},{"sounds":[{"level":-1,"sound":145}],"tick":836},{"sounds":[{"level":-1,"sound":145}],"tick":837},{"sounds":[{"level":-1,"sound":145}],"tick":838},{"sounds":[{"level":-1,"sound":145}],"tick":839},{"sounds":[{"level":17,"sound":81},{"level":-1,"sound":145}],"tick":840},{"sounds":[{"level":-1,"sound":145}],"tick":841},{"sounds":[{"level":-1,"sound":145}],"tick":842},{"sounds":[{"level":-1,"sound":145}],"tick":843},{"sounds":[{"level":-1,"sound":145}],"tick":844},{"sounds":[{"level":-1,"sound":145}],"tick":845},{"sounds":[{"level":-1,"sound":145}],"tick":846},{"sounds":[],"tick":847},{"sounds":[{"level":17,"sound":81},{"level":-1,"sound":145}],"tick":848},{"sounds":[{"level":-1,"sound":145}],"tick":849},{"sounds":[{"level":-1,"sound":145}],"tick":850},{"sounds":[{"level":-1,"sound":145}],"tick":851},{"sounds":[{"level":-1,"sound":145}],"tick":852},{"sounds":[{"level":-1,"sound":145}],"tick":853},{"sounds":[{"level":-1,"sound":145}],"tick":854},{"sounds":[{"level":-1,"sound":145}],"tick":855},{"sounds":[{"level":16,"sound":81},{"level":-1,"sound":145}],"tick":856},{"sounds":[],"tick":857},{"sounds":[{"level":-1,"sound":145}],"tick":858},{"sounds":[{"level":-1,"sound":145}],"tick":859},{"sounds":[{"level":-1,"sound":145}],"tick":860},{"sounds":[{"level":-1,"sound":145}],"tick":861},{"sounds":[{"level":-1,"sound":145}],"tick":862},{"sounds":[{"level":-1,"sound":145}],"tick":863},{"sounds":[{"level":-1,"sound":145}],"tick":864},{"sounds":[{"level":-1,"sound":145},{"level":15,"sound":81}],"tick":865},{"sounds":[{"level":-1,"sound":145}],"tick":866},{"sounds":[{"level":-1,"sound":145}],"tick":867},{"sounds":[{"level":-1,"sound":145}],"tick":868},{"sounds":[{"level":-1,"sound":145}],"tick":869},{"sounds":[{"level":-1,"sound":145}],"tick":870},{"sounds":[{"level":-1,"sound":145}],"tick":871},{"sounds":[{"level":-1,"sound":145},{"level":4922,"sound":35}],"tick":872},{"sounds":[{"level":-1,"sound":145}],"tick":873},{"sounds":[{"level":-1,"sound":145}],"tick":874},{"sounds":[{"level":-1,"sound":145}],"tick":875},{"sounds":[{"level":16,"sound":81},{"level":-1,"sound":145}],"tick":876},{"sounds":[{"level":-1,"sound":145}],"tick":877},{"sounds":[{"level":-1,"sound":145}],"tick":878},{"sounds":[{"level":-1,"sound":145}],"tick":879},{"sounds":[{"level":-1,"sound":145}],"tick":880},{"sounds":[{"level":-1,"sound":145}],"tick":881},{"sounds":[{"level":-1,"sound":145}],"tick":882},{"sounds":[],"tick":883},{"sounds":[{"level":-1,"sound":145}],"tick":884},{"sounds":[{"level":-1,"sound":145}],"tick":885},{"sounds":[{"level":-1,"sound":145}],"tick":886},{"sounds":[{"level":-1,"sound":145}],"tick":887},{"sounds":[{"level":-1,"sound":145}],"tick":888},{"sounds":[{"level":-1,"sound":145},{"level":15,"sound":81}],"tick":889},{"sounds":[{"level":-1,"sound":145}],"tick":890},{"sounds":[{"level":-1,"sound":145}],"tick":891},{"sounds":[{"level":-1,"sound":145}],"tick":892},{"sounds":[{"level":-1,"sound":145}],"tick":893},{"sounds":[{"level":-1,"sound":145}],"tick":894},{"sounds":[{"level":-1,"sound":145}],"tick":895},{"sounds":[{"level":13,"sound":81},{"level":-1,"sound":145}],"tick":896},{"sounds":[{"level":-1,"sound":145}],"tick":897},{"sounds":[{"level":-1,"sound":145}],"tick":898},{"sounds":[{"level":-1,"sound":145}],"tick":899},{"sounds":[{"level":-1,"sound":145}],"tick":900},{"sounds":[{"level":-1,"sound":145},{"level":13,"sound":81}],"tick":901},{"sounds":[{"level":-1,"sound":145}],"tick":902},{"sounds":[{"level":-1,"sound":145}],"tick":903},{"sounds":[{"level":-1,"sound":145}],"tick":904},{"sounds":[{"level":-1,"sound":145}],"tick":905},{"sounds":[{"level":-1,"sound":145}],"tick":906},{"sounds":[{"level":-1,"sound":145}],"tick":907},{"sounds":[{"level":-1,"sound":145}],"tick":908},{"sounds":[{"level":-1,"sound":145}],"tick":909},{"sounds":[{"level":-1,"sound":145}],"tick":910},{"sounds":[{"level":-1,"sound":145}],"tick":911},{"sounds":[{"level":-1,"sound":145},{"level":4922,"sound":35}],"tick":912},{"sounds":[],"tick":913},{"sounds":[{"level":-1,"sound":145}],"tick":914},{"sounds":[{"level":-1,"sound":145}],"tick":915},{"sounds":[{"level":17,"sound":81},{"level":-1,"sound":145}],"tick":916},{"sounds":[{"level":-1,"sound":145}],"tick":917},{"sounds":[{"level":-1,"sound":145}],"tick":918},{"sounds":[{"level":-1,"sound":145}],"tick":919},{"sounds":[{"level":-1,"sound":145}],"tick":920},{"sounds":[{"level":-1,"sound":145}],"tick":921},{"sounds":[{"level":-1,"sound":145}],"tick":922},{"sounds":[{"level":-1,"sound":145}],"tick":923},{"sounds":[{"level":19,"sound":81},{"level":-1,"sound":145}],"tick":924},{"sounds":[{"level":-1,"sound":145}],"tick":925},{"sounds":[{"level":-1,"sound":145}],"tick":926},{"sounds":[{"level":-1,"sound":145}],"tick":927},{"sounds":[{"level":-1,"sound":145}],"tick":928},{"sounds":[{"level":-1,"sound":145}],"tick":929},{"sounds":[{"level":-1,"sound":145}],"tick":930},{"sounds":[{"level":-1,"sound":145}],"tick":931},{"sounds":[{"level":-1,"sound":145}],"tick":932},{"sounds":[{"level":-1,"sound":145}],"tick":933},{"sounds":[{"level":-1,"sound":145}],"tick":934},{"sounds":[{"level":-1,"sound":145}],"tick":935},{"sounds":[{"level":20,"sound":81},{"level":-1,"sound":145}],"tick":936},{"sounds":[{"level":-1,"sound":145}],"tick":937},{"sounds":[{"level":-1,"sound":145}],"tick":938},{"sounds":[{"level":-1,"sound":145}],"tick":939},{"sounds":[{"level":-1,"sound":145}],"tick":940},{"sounds":[{"level":-1,"sound":145}],"tick":941},{"sounds":[{"level":-1,"sound":145}],"tick":942},{"sounds":[{"level":-1,"sound":145}],"tick":943},{"sounds":[{"level":19,"sound":81},{"level":-1,"sound":145}],"tick":944},{"sounds":[],"tick":945},{"sounds":[{"level":-1,"sound":145}],"tick":946},{"sounds":[{"level":-1,"sound":145}],"tick":947},{"sounds":[{"level":-1,"sound":145}],"tick":948},{"sounds":[{"level":-1,"sound":145}],"tick":949},{"sounds":[{"level":-1,"sound":145}],"tick":950},{"sounds":[{"level":-1,"sound":145}],"tick":951},{"sounds":[{"level":17,"sound":81},{"level":-1,"sound":145}],"tick":952},{"sounds":[{"level":-1,"sound":145}],"tick":953},{"sounds":[{"level":-1,"sound":145}],"tick":954},{"sounds":[{"level":-1,"sound":145}],"tick":955},{"sounds":[{"level":17,"sound":81},{"level":-1,"sound":145}],"tick":956},{"sounds":[{"level":-1,"sound":145}],"tick":957},{"sounds":[{"level":-1,"sound":145}],"tick":958},{"sounds":[{"level":-1,"sound":145}],"tick":959},{"sounds":[{"level":-1,"sound":145}],"tick":960},{"sounds":[{"level":-1,"sound":145}],"tick":961},{"sounds":[{"level":-1,"sound":145}],"tick":962},{"sounds":[{"level":-1,"sound":145}],"tick":963},{"sounds":[{"level":-1,"sound":145}],"tick":964},{"sounds":[{"level":-1,"sound":145}],"tick":965},{"sounds":[],"tick":966},{"sounds":[],"tick":967},{"sounds":[],"tick":968},{"sounds":[],"tick":969},{"sounds":[],"tick":970},{"sounds":[],"tick":971},{"sounds":[],"tick":972},{"sounds":[],"tick":973},{"sounds":[],"tick":974},{"sounds":[],"tick":975},{"sounds":[],"tick":976},{"sounds":[],"tick":977},{"sounds":[],"tick":978},{"sounds":[],"tick":979},{"sounds":[],"tick":980},{"sounds":[{"level":4922,"sound":35},{"level":-1,"sound":145}],"tick":981},{"sounds":[{"level":-1,"sound":145}],"tick":982},{"sounds":[{"level":-1,"sound":145}],"tick":983},{"sounds":[{"level":-1,"sound":145}],"tick":984},{"sounds":[{"level":-1,"sound":145}],"tick":985},{"sounds":[{"level":16,"sound":81},{"level":-1,"sound":145}],"tick":986},{"sounds":[{"level":-1,"sound":145}],"tick":987},{"sounds":[{"level":-1,"sound":145}],"tick":988},{"sounds":[{"level":-1,"sound":145}],"tick":989},{"sounds":[{"level":-1,"sound":145}],"tick":990},{"sounds":[{"level":-1,"sound":145}],"tick":991},{"sounds":[{"level":-1,"sound":145}],"tick":992},{"sounds":[],"tick":993},{"sounds":[{"level":17,"sound":81},{"level":-1,"sound":145}],"tick":994},{"sounds":[{"level":-1,"sound":145}],"tick":995},{"sounds":[{"level":-1,"sound":145}],"tick":996},{"sounds":[{"level":-1,"sound":145}],"tick":997},{"sounds":[{"level":-1,"sound":145}],"tick":998},{"sounds":[{"level":-1,"sound":145}],"tick":999},{"sounds":[{"level":-1,"sound":145}],"tick":1000},{"sounds":[{"level":-1,"sound":145}],"tick":1001},{"sounds":[{"level":16,"sound":81},{"level":-1,"sound":145}],"tick":1002},{"sounds":[{"level":-1,"sound":145}],"tick":1003},{"sounds":[{"level":-1,"sound":145}],"tick":1004},{"sounds":[{"level":-1,"sound":145}],"tick":1005},{"sounds":[{"level":-1,"sound":145}],"tick":1006},{"sounds":[{"level":-1,"sound":145}],"tick":1007},{"sounds":[{"level":-1,"sound":145}],"tick":1008},{"sounds":[{"level":-1,"sound":145}],"tick":1009},{"sounds":[{"level":16,"sound":81},{"level":-1,"sound":145}],"tick":1010},{"sounds":[],"tick":1011},{"sounds":[{"level":-1,"sound":145}],"tick":1012},{"sounds":[{"level":-1,"sound":145}],"tick":1013},{"sounds":[{"level":-1,"sound":145}],"tick":1014},{"sounds":[{"level":-1,"sound":145}],"tick":1015},{"sounds":[{"level":-1,"sound":145}],"tick":1016},{"sounds":[{"level":-1,"sound":145}],"tick":1017},{"sounds":[{"level":15,"sound":81},{"level":-1,"sound":145},{"level":4922,"sound":35}],"tick":1018},{"sounds":[{"level":-1,"sound":145}],"tick":1019},{"sounds":[{"level":-1,"sound":145}],"tick":1020},{"sounds":[{"level":-1,"sound":145}],"tick":1021},{"sounds":[{"level":-1,"sound":145}],"tick":1022},{"sounds":[{"level":-1,"sound":145}],"tick":1023},{"sounds":[{"level":-1,"sound":145}],"tick":1024},{"sounds":[{"level":-1,"sound":145}],"tick":1025},{"sounds":[{"level":16,"sound":81},{"level":-1,"sound":145}],"tick":1026},{"sounds":[{"level":-1,"sound":145}],"tick":1027},{"sounds":[{"level":-1,"sound":145}],"tick":1028},{"sounds":[{"level":-1,"sound":145}],"tick":1029},{"sounds":[{"level":-1,"sound":145}],"tick":1030},{"sounds":[{"level":-1,"sound":145}],"tick":1031},{"sounds":[{"level":-1,"sound":145}],"tick":1032},{"sounds":[{"level":-1,"sound":145}],"tick":1033},{"sounds":[{"level":15,"sound":81},{"level":-1,"sound":145}],"tick":1034},{"sounds":[{"level":-1,"sound":145}],"tick":1035},{"sounds":[{"level":-1,"sound":145}],"tick":1036},{"sounds":[{"level":-1,"sound":145}],"tick":1037},{"sounds":[{"level":13,"sound":81},{"level":-1,"sound":145}],"tick":1038},{"sounds":[{"level":-1,"sound":145}],"tick":1039},{"sounds":[{"level":-1,"sound":145}],"tick":1040},{"sounds":[{"level":-1,"sound":145}],"tick":1041},{"sounds":[{"level":-1,"sound":145}],"tick":1042},{"sounds":[{"level":-1,"sound":145}],"tick":1043},{"sounds":[{"level":-1,"sound":145}],"tick":1044},{"sounds":[{"level":-1,"sound":145}],"tick":1045},{"sounds":[{"level":-1,"sound":145}],"tick":1046},{"sounds":[{"level":-1,"sound":145}],"tick":1047},{"sounds":[{"level":-1,"sound":145}],"tick":1048},{"sounds":[{"level":-1,"sound":145}],"tick":1049},{"sounds":[{"level":-1,"sound":145}],"tick":1050},{"sounds":[{"level":-1,"sound":145}],"tick":1051},{"sounds":[{"level":-1,"sound":145}],"tick":1052},{"sounds":[{"level":-1,"sound":145}],"tick":1053},{"sounds":[{"level":17,"sound":81},{"level":-1,"sound":145}],"tick":1054},{"sounds":[{"level":-1,"sound":145}],"tick":1055},{"sounds":[{"level":-1,"sound":145}],"tick":1056},{"sounds":[{"level":-1,"sound":145}],"tick":1057},{"sounds":[{"level":17,"sound":81},{"level":-1,"sound":145}],"tick":1058},{"sounds":[{"level":-1,"sound":145}],"tick":1059},{"sounds":[{"level":-1,"sound":145}],"tick":1060},{"sounds":[{"level":-1,"sound":145}],"tick":1061},{"sounds":[{"level":-1,"sound":145}],"tick":1062},{"sounds":[{"level":-1,"sound":145}],"tick":1063},{"sounds":[{"level":-1,"sound":145}],"tick":1064},{"sounds":[{"level":-1,"sound":145}],"tick":1065},{"sounds":[{"level":18,"sound":81},{"level":-1,"sound":145}],"tick":1066},{"sounds":[{"level":-1,"sound":145}],"tick":1067},{"sounds":[{"level":-1,"sound":145}],"tick":1068},{"sounds":[{"level":-1,"sound":145}],"tick":1069},{"sounds":[{"level":-1,"sound":145}],"tick":1070},{"sounds":[{"level":-1,"sound":145}],"tick":1071},{"sounds":[{"level":-1,"sound":145}],"tick":1072},{"sounds":[{"level":-1,"sound":145}],"tick":1073},{"sounds":[{"level":17,"sound":81},{"level":-1,"sound":145}],"tick":1074},{"sounds":[{"level":-1,"sound":145}],"tick":1075},{"sounds":[{"level":-1,"sound":145}],"tick":1076},{"sounds":[{"level":-1,"sound":145}],"tick":1077},{"sounds":[{"level":-1,"sound":145}],"tick":1078},{"sounds":[{"level":-1,"sound":145}],"tick":1079},{"sounds":[{"level":-1,"sound":145}],"tick":1080},{"sounds":[{"level":-1,"sound":145}],"tick":1081},{"sounds":[{"level":16,"sound":81},{"level":-1,"sound":145}],"tick":1082},{"sounds":[{"level":-1,"sound":145}],"tick":1083},{"sounds":[{"level":-1,"sound":145}],"tick":1084},{"sounds":[{"level":-1,"sound":145}],"tick":1085},{"sounds":[{"level":-1,"sound":145}],"tick":1086},{"sounds":[{"level":-1,"sound":145}],"tick":1087},{"sounds":[{"level":-1,"sound":145}],"tick":1088},{"sounds":[{"level":-1,"sound":145}],"tick":1089},{"sounds":[{"level":15,"sound":81},{"level":-1,"sound":145}],"tick":1090},{"sounds":[{"level":-1,"sound":145}],"tick":1091},{"sounds":[{"level":-1,"sound":145}],"tick":1092},{"sounds":[{"level":-1,"sound":145}],"tick":1093},{"sounds":[{"level":-1,"sound":145}],"tick":1094},{"sounds":[{"level":-1,"sound":145}],"tick":1095},{"sounds":[{"level":-1,"sound":145}],"tick":1096},{"sounds":[{"level":-1,"sound":145}],"tick":1097},{"sounds":[{"level":16,"sound":81},{"level":-1,"sound":145}],"tick":1098},{"sounds":[{"level":-1,"sound":145}],"tick":1099},{"sounds":[{"level":-1,"sound":145}],"tick":1100},{"sounds":[{"level":-1,"sound":145}],"tick":1101},{"sounds":[{"level":-1,"sound":145}],"tick":1102},{"sounds":[{"level":-1,"sound":145}],"tick":1103},{"sounds":[{"level":-1,"sound":145}],"tick":1104},{"sounds":[{"level":-1,"sound":145}],"tick":1105},{"sounds":[{"level":17,"sound":81},{"level":-1,"sound":145}],"tick":1106},{"sounds":[{"level":-1,"sound":145}],"tick":1107},{"sounds":[{"level":-1,"sound":145}],"tick":1108},{"sounds":[{"level":-1,"sound":145}],"tick":1109},{"sounds":[{"level":-1,"sound":145}],"tick":1110},{"sounds":[{"level":-1,"sound":145}],"tick":1111},{"sounds":[{"level":-1,"sound":145}],"tick":1112},{"sounds":[{"level":-1,"sound":145}],"tick":1113},{"sounds":[{"level":17,"sound":81},{"level":-1,"sound":145}],"tick":1114},{"sounds":[{"level":-1,"sound":145}],"tick":1115},{"sounds":[{"level":-1,"sound":145}],"tick":1116},{"sounds":[{"level":-1,"sound":145}],"tick":1117},{"sounds":[{"level":-1,"sound":145}],"tick":1118},{"sounds":[{"level":-1,"sound":145}],"tick":1119},{"sounds":[{"level":-1,"sound":145}],"tick":1120},{"sounds":[{"level":-1,"sound":145}],"tick":1121},{"sounds":[{"level":-1,"sound":145}],"tick":1122},{"sounds":[{"level":-1,"sound":145}],"tick":1123},{"sounds":[],"tick":1124},{"sounds":[],"tick":1125},{"sounds":[],"tick":1126},{"sounds":[],"tick":1127},{"sounds":[],"tick":1128},{"sounds":[],"tick":1129},{"sounds":[],"tick":1130},{"sounds":[],"tick":1131},{"sounds":[],"tick":1132},{"sounds":[],"tick":1133},{"sounds":[],"tick":1134},{"sounds":[],"tick":1135},{"sounds":[],"tick":1136},{"sounds":[],"tick":1137},{"sounds":[],"tick":1138},{"sounds":[{"level":4922,"sound":35},{"level":-1,"sound":145}],"tick":1139},{"sounds":[{"level":-1,"sound":145}],"tick":1140},{"sounds":[{"level":-1,"sound":145}],"tick":1141},{"sounds":[{"level":-1,"sound":145}],"tick":1142},{"sounds":[{"level":-1,"sound":145}],"tick":1143},{"sounds":[{"level":-1,"sound":145}],"tick":1144},{"sounds":[{"level":17,"sound":81},{"level":-1,"sound":145}],"tick":1145},{"sounds":[{"level":-1,"sound":145}],"tick":1146},{"sounds":[{"level":-1,"sound":145}],"tick":1147},{"sounds":[{"level":-1,"sound":145}],"tick":1148},{"sounds":[{"level":-1,"sound":145}],"tick":1149},{"sounds":[{"level":-1,"sound":145}],"tick":1150},{"sounds":[{"level":-1,"sound":145}],"tick":1151},{"sounds":[{"level":-1,"sound":145}],"tick":1152},{"sounds":[{"level":-1,"sound":145}],"tick":1153},{"sounds":[{"level":-1,"sound":145}],"tick":1154},{"sounds":[{"level":-1,"sound":145}],"tick":1155},{"sounds":[{"level":-1,"sound":145}],"tick":1156},{"sounds":[{"level":17,"sound":81},{"level":-1,"sound":145}],"tick":1157},{"sounds":[{"level":-1,"sound":145}],"tick":1158},{"sounds":[{"level":-1,"sound":145}],"tick":1159},{"sounds":[{"level":-1,"sound":145}],"tick":1160},{"sounds":[{"level":-1,"sound":145}],"tick":1161},{"sounds":[{"level":-1,"sound":145}],"tick":1162},{"sounds":[{"level":-1,"sound":145}],"tick":1163},{"sounds":[{"level":-1,"sound":145}],"tick":1164},{"sounds":[{"level":16,"sound":81},{"level":-1,"sound":145}],"tick":1165},{"sounds":[{"level":-1,"sound":145}],"tick":1166},{"sounds":[{"level":-1,"sound":145}],"tick":1167},{"sounds":[{"level":-1,"sound":145}],"tick":1168},{"sounds":[{"level":-1,"sound":145}],"tick":1169},{"sounds":[{"level":-1,"sound":145}],"tick":1170},{"sounds":[{"level":-1,"sound":145}],"tick":1171},{"sounds":[{"level":-1,"sound":145}],"tick":1172},{"sounds":[{"level":15,"sound":81},{"level":-1,"sound":145}],"tick":1173},{"sounds":[{"level":-1,"sound":145}],"tick":1174},{"sounds":[{"level":-1,"sound":145}],"tick":1175},{"sounds":[{"level":-1,"sound":145}],"tick":1176},{"sounds":[{"level":16,"sound":81},{"level":-1,"sound":145},{"level":4922,"sound":35}],"tick":1177},{"sounds":[{"level":-1,"sound":145}],"tick":1178},{"sounds":[{"level":-1,"sound":145}],"tick":1179},{"sounds":[{"level":-1,"sound":145}],"tick":1180},{"sounds":[{"level":-1,"sound":145}],"tick":1181},{"sounds":[{"level":-1,"sound":145}],"tick":1182},{"sounds":[{"level":-1,"sound":145}],"tick":1183},{"sounds":[{"level":-1,"sound":145}],"tick":1184},{"sounds":[{"level":15,"sound":81},{"level":-1,"sound":145}],"tick":1185},{"sounds":[{"level":-1,"sound":145}],"tick":1186},{"sounds":[{"level":-1,"sound":145}],"tick":1187},{"sounds":[{"level":-1,"sound":145}],"tick":1188},{"sounds":[{"level":-1,"sound":145}],"tick":1189},{"sounds":[{"level":-1,"sound":145}],"tick":1190},{"sounds":[{"level":-1,"sound":145}],"tick":1191},{"sounds":[{"level":-1,"sound":145}],"tick":1192},{"sounds":[{"level":-1,"sound":145}],"tick":1193},{"sounds":[{"level":-1,"sound":145}],"tick":1194},{"sounds":[{"level":-1,"sound":145}],"tick":1195},{"sounds":[{"level":-1,"sound":145}],"tick":1196},{"sounds":[{"level":13,"sound":81},{"level":-1,"sound":145}],"tick":1197},{"sounds":[{"level":-1,"sound":145}],"tick":1198},{"sounds":[{"level":-1,"sound":145}],"tick":1199},{"sounds":[{"level":-1,"sound":145}],"tick":1200},{"sounds":[{"level":-1,"sound":145}],"tick":1201},{"sounds":[{"level":-1,"sound":145}],"tick":1202},{"sounds":[{"level":-1,"sound":145}],"tick":1203},{"sounds":[{"level":-1,"sound":145}],"tick":1204},{"sounds":[{"level":-1,"sound":145}],"tick":1205},{"sounds":[{"level":-1,"sound":145}],"tick":1206},{"sounds":[{"level":-1,"sound":145}],"tick":1207},{"sounds":[{"level":-1,"sound":145}],"tick":1208},{"sounds":[{"level":-1,"sound":145},{"level":15,"sound":81}],"tick":1209},{"sounds":[{"level":-1,"sound":145}],"tick":1210},{"sounds":[{"level":-1,"sound":145}],"tick":1211},{"sounds":[{"level":-1,"sound":145}],"tick":1212},{"sounds":[{"level":-1,"sound":145}],"tick":1213},{"sounds":[{"level":-1,"sound":145}],"tick":1214},{"sounds":[{"level":-1,"sound":145}],"tick":1215},{"sounds":[{"level":-1,"sound":145}],"tick":1216},{"sounds":[{"level":-1,"sound":145}],"tick":1217},{"sounds":[{"level":-1,"sound":145}],"tick":1218},{"sounds":[{"level":-1,"sound":145}],"tick":1219},{"sounds":[{"level":-1,"sound":145}],"tick":1220},{"sounds":[{"level":-1,"sound":145}],"tick":1221},{"sounds":[{"level":-1,"sound":145}],"tick":1222},{"sounds":[{"level":-1,"sound":145}],"tick":1223},{"sounds":[{"level":-1,"sound":145}],"tick":1224},{"sounds":[{"level":-1,"sound":145}],"tick":1225},{"sounds":[{"level":-1,"sound":145}],"tick":1226},{"sounds":[{"level":-1,"sound":145}],"tick":1227},{"sounds":[{"level":-1,"sound":145}],"tick":1228},{"sounds":[{"level":-1,"sound":145}],"tick":1229},{"sounds":[{"level":-1,"sound":145}],"tick":1230},{"sounds":[{"level":-1,"sound":145}],"tick":1231},{"sounds":[{"level":-1,"sound":145}],"tick":1232},{"sounds":[{"level":-1,"sound":145}],"tick":1233},{"sounds":[{"level":-1,"sound":145}],"tick":1234},{"sounds":[{"level":-1,"sound":145}],"tick":1235},{"sounds":[{"level":-1,"sound":145}],"tick":1236},{"sounds":[{"level":-1,"sound":145}],"tick":1237},{"sounds":[{"level":-1,"sound":145}],"tick":1238},{"sounds":[{"level":-1,"sound":145}],"tick":1239},{"sounds":[{"level":-1,"sound":145}],"tick":1240},{"sounds":[{"level":-1,"sound":145}],"tick":1241},{"sounds":[{"level":-1,"sound":145}],"tick":1242},{"sounds":[{"level":-1,"sound":145}],"tick":1243},{"sounds":[{"level":-1,"sound":145}],"tick":1244},{"sounds":[{"level":-1,"sound":145}],"tick":1245},{"sounds":[{"level":-1,"sound":145}],"tick":1246},{"sounds":[{"level":-1,"sound":145}],"tick":1247},{"sounds":[{"level":-1,"sound":145}],"tick":1248},{"sounds":[{"level":-1,"sound":145}],"tick":1249},{"sounds":[{"level":-1,"sound":145}],"tick":1250},{"sounds":[{"level":-1,"sound":145}],"tick":1251},{"sounds":[{"level":-1,"sound":145}],"tick":1252},{"sounds":[{"level":-1,"sound":145}],"tick":1253},{"sounds":[{"level":-1,"sound":145}],"tick":1254},{"sounds":[{"level":-1,"sound":145}],"tick":1255},{"sounds":[{"level":-1,"sound":145}],"tick":1256},{"sounds":[{"level":-1,"sound":145}],"tick":1257},{"sounds":[{"level":-1,"sound":145}],"tick":1258},{"sounds":[{"level":-1,"sound":145}],"tick":1259},{"sounds":[{"level":-1,"sound":145}],"tick":1260},{"sounds":[{"level":-1,"sound":145}],"tick":1261},{"sounds":[{"level":-1,"sound":145}],"tick":1262},{"sounds":[{"level":-1,"sound":145}],"tick":1263},{"sounds":[{"level":-1,"sound":145}],"tick":1264},{"sounds":[{"level":-1,"sound":145}],"tick":1265},{"sounds":[{"level":-1,"sound":145}],"tick":1266},{"sounds":[{"level":-1,"sound":145}],"tick":1267},{"sounds":[{"level":-1,"sound":145}],"tick":1268},{"sounds":[{"level":-1,"sound":145}],"tick":1269},{"sounds":[{"level":-1,"sound":145}],"tick":1270},{"sounds":[{"level":-1,"sound":145}],"tick":1271},{"sounds":[{"level":-1,"sound":145}],"tick":1272},{"sounds":[{"level":-1,"sound":145}],"tick":1273},{"sounds":[{"level":-1,"sound":145}],"tick":1274},{"sounds":[{"level":-1,"sound":145}],"tick":1275},{"sounds":[{"level":-1,"sound":145}],"tick":1276},{"sounds":[{"level":-1,"sound":145}],"tick":1277},{"sounds":[{"level":-1,"sound":145}],"tick":1278},{"sounds":[{"level":-1,"sound":145}],"tick":1279},{"sounds":[{"level":-1,"sound":145}],"tick":1280},{"sounds":[{"level":-1,"sound":145}],"tick":1281},{"sounds":[{"level":-1,"sound":145}],"tick":1282},{"sounds":[{"level":-1,"sound":145}],"tick":1283},{"sounds":[{"level":-1,"sound":145}],"tick":1284},{"sounds":[{"level":-1,"sound":145}],"tick":1285},{"sounds":[{"level":-1,"sound":145}],"tick":1286},{"sounds":[{"level":-1,"sound":145}],"tick":1287},{"sounds":[{"level":-1,"sound":145}],"tick":1288},{"sounds":[{"level":-1,"sound":145}],"tick":1289},{"sounds":[{"level":-1,"sound":145}],"tick":1290},{"sounds":[{"level":-1,"sound":145}],"tick":1291},{"sounds":[{"level":-1,"sound":145}],"tick":1292},{"sounds":[{"level":-1,"sound":145}],"tick":1293},{"sounds":[{"level":-1,"sound":145}],"tick":1294},{"sounds":[{"level":-1,"sound":145}],"tick":1295},{"sounds":[{"level":-1,"sound":145}],"tick":1296},{"sounds":[{"level":-1,"sound":145}],"tick":1297},{"sounds":[{"level":-1,"sound":145}],"tick":1298},{"sounds":[{"level":-1,"sound":145}],"tick":1299},{"sounds":[{"level":-1,"sound":145}],"tick":1300},{"sounds":[{"level":-1,"sound":145}],"tick":1301},{"sounds":[{"level":-1,"sound":145}],"tick":1302},{"sounds":[{"level":-1,"sound":145}],"tick":1303},{"sounds":[{"level":-1,"sound":145}],"tick":1304}]