[{"sounds":[{"level":-1,"sound":0}],"tick":0},{"sounds":[{"level":-1,"sound":0}],"tick":1},{"sounds":[{"level":-1,"sound":0}],"tick":2},{"sounds":[{"level":-1,"sound":0}],"tick":3},{"sounds":[{"level":-1,"sound":0}],"tick":4},{"sounds":[{"level":-1,"sound":0}],"tick":5},{"sounds":[{"level":-1,"sound":0}],"tick":6},{"sounds":[{"level":-1,"sound":0}],"tick":7},{"sounds":[{"level":-1,"sound":0}],"tick":8},{"sounds":[{"level":-1,"sound":0}],"tick":9},{"sounds":[{"level":-1,"sound":0}],"tick":10},{"sounds":[{"level":-1,"sound":0}],"tick":11},{"sounds":[{"level":-1,"sound":0}],"tick":12},{"sounds":[{"level":-1,"sound":0}],"tick":13},{"sounds":[{"level":-1,"sound":0}],"tick":14},{"sounds":[{"level":-1,"sound":0}],"tick":15},{"sounds":[{"level":-1,"sound":0}],"tick":16},{"sounds":[{"level":-1,"sound":0}],"tick":17},{"sounds":[{"level":-1,"sound":0}],"tick":18},{"sounds":[{"level":-1,"sound":0}],"tick":19},{"sounds":[{"level":-1,"sound":0}],"tick":20},{"sounds":[{"level":-1,"sound":0}],"tick":21},{"sounds":[{"level":-1,"sound":0}],"tick":22},{"sounds":[{"level":-1,"sound":0}],"tick":23},{"sounds":[{"level":-1,"sound":0}],"tick":24},{"sounds":[{"level":-1,"sound":0}],"tick":25},{"sounds":[{"level":-1,"sound":0}],"tick":26},{"sounds":[{"level":-1,"sound":0}],"tick":27},{"sounds":[{"level":-1,"sound":0}],"tick":28},{"sounds":[{"level":-1,"sound":0}],"tick":29},{"sounds":[{"level":-1,"sound":0}],"tick":30},{"sounds":[{"level":-1,"sound":0}],"tick":31},{"sounds":[],"tick":32},{"sounds":[{"level":-1,"sound":0}],"tick":33},{"sounds":[],"tick":34},{"sounds":[{"level":-1,"sound":0}],"tick":35},{"sounds":[{"level":-1,"sound":0}],"tick":36},{"sounds":[{"level":-1,"sound":0}],"tick":37},{"sounds":[{"level":-1,"sound":0}],"tick":38},{"sounds":[],"tick":39},{"sounds":[{"level":-1,"sound":0}],"tick":40},{"sounds":[],"tick":41},{"sounds":[{"level":-1,"sound":0}],"tick":42},{"sounds":[],"tick":43},{"sounds":[{"level":-1,"sound":0}],"tick":44},{"sounds":[],"tick":45},{"sounds":[{"level":-1,"sound":0}],"tick":46},{"sounds":[],"tick":47},{"sounds":[{"level":-1,"sound":0}],"tick":48},{"sounds":[],"tick":49},{"sounds":[{"level":-1,"sound":0}],"tick":50},{"sounds":[],"tick":51},{"sounds":[{"level":-1,"sound":0}],"tick":52},{"sounds":[],"tick":53},{"sounds":[{"level":-1,"sound":0}],"tick":54},{"sounds":[],"tick":55},{"sounds":[{"level":-1,"sound":0}],"tick":56},{"sounds":[],"tick":57},{"sounds":[{"level":-1,"sound":0}],"tick":58},{"sounds":[],"tick":59},{"sounds":[{"level":-1,"sound":0}],"tick":60},{"sounds":[],"tick":61},{"sounds":[{"level":-1,"sound":0}],"tick":62},{"sounds":[],"tick":63},{"sounds":[{"level":-1,"sound":0}],"tick":64},{"sounds":[],"tick":65},{"sounds":[{"level":-1,"sound":0}],"tick":66},{"sounds":[],"tick":67},{"sounds":[{"level":-1,"sound":0}],"tick":68},{"sounds":[],"tick":69},{"sounds":[{"level":-1,"sound":0}],"tick":70},{"sounds":[],"tick":71},{"sounds":[{"level":-1,"sound":0}],"tick":72},{"sounds":[],"tick":73},{"sounds":[{"level":-1,"sound":0}],"tick":74},{"sounds":[],"tick":75},{"sounds":[{"level":-1,"sound":0}],"tick":76},{"sounds":[],"tick":77},{"sounds":[{"level":-1,"sound":0}],"tick":78},{"sounds":[],"tick":79},{"sounds":[{"level":-1,"sound":0}],"tick":80},{"sounds":[],"tick":81},{"sounds":[{"level":-1,"sound":0}],"tick":82},{"sounds":[],"tick":83},{"sounds":[{"level":-1,"sound":0}],"tick":84},{"sounds":[],"tick":85},{"sounds":[{"level":-1,"sound":0}],"tick":86},{"sounds":[],"tick":87},{"sounds":[{"level":-1,"sound":0}],"tick":88},{"sounds":[],"tick":89},{"sounds":[{"level":-1,"sound":0}],"tick":90},{"sounds":[],"tick":91},{"sounds":[{"level":-1,"sound":0}],"tick":92},{"sounds":[],"tick":93},{"sounds":[{"level":-1,"sound":0}],"tick":94},{"sounds":[],"tick":95},{"sounds":[{"level":-1,"sound":0}],"tick":96},{"sounds":[],"tick":97},{"sounds":[{"level":-1,"sound":0}],"tick":98},{"sounds":[],"tick":99},{"sounds":[{"level":-1,"sound":0}],"tick":100},{"sounds":[],"tick":101},{"sounds":[{"level":-1,"sound":0}],"tick":102},{"sounds":[],"tick":103},{"sounds":[{"level":-1,"sound":0}],"tick":104},{"sounds":[],"tick":105},{"sounds":[{"level":-1,"sound":0}],"tick":106},{"sounds":[],"tick":107},{"sounds":[{"level":-1,"sound":0}],"tick":108},{"sounds":[],"tick":109},{"sounds":[{"level":-1,"sound":0}],"tick":110},{"sounds":[],"tick":111},{"sounds":[{"level":-1,"sound":0}],"tick":112},{"sounds":[],"tick":113},{"sounds":[{"level":-1,"sound":0}],"tick":114},{"sounds":[],"tick":115},{"sounds":[{"level":-1,"sound":0}],"tick":116},{"sounds":[],"tick":117},{"sounds":[{"level":-1,"sound":0}],"tick":118},{"sounds":[],"tick":119},{"sounds":[{"level":-1,"sound":0}],"tick":120},{"sounds":[],"tick":121},{"sounds":[{"level":-1,"sound":0}],"tick":122},{"sounds":[],"tick":123},{"sounds":[{"level":-1,"sound":0}],"tick":124},{"sounds":[],"tick":125},{"sounds":[{"level":-1,"sound":0}],"tick":126},{"sounds":[],"tick":127},{"sounds":[{"level":-1,"sound":0}],"tick":128},{"sounds":[],"tick":129},{"sounds":[{"level":-1,"sound":0}],"tick":130},{"sounds":[],"tick":131},{"sounds":[{"level":-1,"sound":0}],"tick":132},{"sounds":[],"tick":133},{"sounds":[{"level":-1,"sound":0}],"tick":134},{"sounds":[],"tick":135},{"sounds":[{"level":-1,"sound":0}],"tick":136},{"sounds":[],"tick":137},{"sounds":[{"level":-1,"sound":0}],"tick":138},{"sounds":[],"tick":139},{"sounds":[{"level":-1,"sound":0}],"tick":140},{"sounds":[],"tick":141},{"sounds":[{"level":-1,"sound":0}],"tick":142},{"sounds":[],"tick":143},{"sounds":[{"level":-1,"sound":0}],"tick":144},{"sounds":[],"tick":145},{"sounds":[{"level":-1,"sound":0}],"tick":146},{"sounds":[],"tick":147},{"sounds":[{"level":-1,"sound":0}],"tick":148},{"sounds":[],"tick":149},{"sounds":[{"level":-1,"sound":0}],"tick":150},{"sounds":[],"tick":151},{"sounds":[{"level":-1,"sound":0}],"tick":152},{"sounds":[],"tick":153},{"sounds":[{"level":-1,"sound":0}],"tick":154},{"sounds":[],"tick":155},{"sounds":[{"level":-1,"sound":0}],"tick":156},{"sounds":[],"tick":157},{"sounds":[{"level":-1,"sound":0}],"tick":158},{"sounds":[],"tick":159},{"sounds":[{"level":-1,"sound":0}],"tick":160},{"sounds":[],"tick":161},{"sounds":[{"level":-1,"sound":0}],"tick":162},{"sounds":[],"tick":163},{"sounds":[{"level":-1,"sound":0}],"tick":164},{"sounds":[],"tick":165},{"sounds":[{"level":-1,"sound":0}],"tick":166},{"sounds":[],"tick":167},{"sounds":[{"level":-1,"sound":0}],"tick":168},{"sounds":[],"tick":169},{"sounds":[{"level":-1,"sound":0}],"tick":170},{"sounds":[],"tick":171},{"sounds":[{"level":-1,"sound":0}],"tick":172},{"sounds":[],"tick":173},{"sounds":[{"level":-1,"sound":0}],"tick":174},{"sounds":[],"tick":175},{"sounds":[{"level":-1,"sound":0}],"tick":176},{"sounds":[],"tick":177},{"sounds":[{"level":-1,"sound":0}],"tick":178},{"sounds":[],"tick":179},{"sounds":[{"level":-1,"sound":0}],"tick":180},{"sounds":[],"tick":181},{"sounds":[{"level":-1,"sound":0}],"tick":182},{"sounds":[],"tick":183},{"sounds":[{"level":-1,"sound":0}],"tick":184},{"sounds":[],"tick":185},{"sounds":[{"level":-1,"sound":0}],"tick":186},{"sounds":[],"tick":187},{"sounds":[{"level":-1,"sound":0}],"tick":188},{"sounds":[],"tick":189},{"sounds":[{"level":-1,"sound":0}],"tick":190},{"sounds":[],"tick":191},{"sounds":[{"level":-1,"sound":0}],"tick":192},{"sounds":[],"tick":193},{"sounds":[{"level":-1,"sound":0}],"tick":194},{"sounds":[],"tick":195},{"sounds":[{"level":-1,"sound":0}],"tick":196},{"sounds":[],"tick":197},{"sounds":[{"level":-1,"sound":0}],"tick":198},{"sounds":[],"tick":199},{"sounds":[{"level":-1,"sound":0}],"tick":200},{"sounds":[],"tick":201},{"sounds":[{"level":-1,"sound":0}],"tick":202},{"sounds":[],"tick":203},{"sounds":[{"level":-1,"sound":0}],"tick":204},{"sounds":[],"tick":205},{"sounds":[{"level":-1,"sound":0}],"tick":206},{"sounds":[],"tick":207},{"sounds":[{"level":-1,"sound":0}],"tick":208},{"sounds":[],"tick":209},{"sounds":[{"level":-1,"sound":0}],"tick":210},{"sounds":[],"tick":211},{"sounds":[{"level":-1,"sound":0}],"tick":212},{"sounds":[],"tick":213},{"sounds":[{"level":-1,"sound":0}],"tick":214},{"sounds":[],"tick":215},{"sounds":[{"level":-1,"sound":0}],"tick":216},{"sounds":[],"tick":217},{"sounds":[{"level":-1,"sound":0}],"tick":218},{"sounds":[],"tick":219},{"sounds":[{"level":-1,"sound":0}],"tick":220},{"sounds":[],"tick":221},{"sounds":[{"level":-1,"sound":0}],"tick":222},{"sounds":[],"tick":223},{"sounds":[{"level":-1,"sound":0}],"tick":224},{"sounds":[],"tick":225},{"sounds":[{"level":-1,"sound":0}],"tick":226},{"sounds":[],"tick":227},{"sounds":[{"level":-1,"sound":0}],"tick":228},{"sounds":[],"tick":229},{"sounds":[{"level":-1,"sound":0}],"tick":230},{"sounds":[],"tick":231},{"sounds":[{"level":-1,"sound":0}],"tick":232},{"sounds":[],"tick":233},{"sounds":[{"level":-1,"sound":0}],"tick":234},{"sounds":[],"tick":235},{"sounds":[{"level":-1,"sound":0}],"tick":236},{"sounds":[],"tick":237},{"sounds":[{"level":-1,"sound":0}],"tick":238},{"sounds":[],"tick":239},{"sounds":[{"level":-1,"sound":0}],"tick":240},{"sounds":[],"tick":241},{"sounds":[{"level":-1,"sound":0}],"tick":242},{"sounds":[],"tick":243},{"sounds":[{"level":-1,"sound":0}],"tick":244},{"sounds":[],"tick":245},{"sounds":[{"level":-1,"sound":0}],"tick":246},{"sounds":[],"tick":247},{"sounds":[{"level":-1,"sound":0}],"tick":248},{"sounds":[],"tick":249},{"sounds":[{"level":-1,"sound":0}],"tick":250},{"sounds":[],"tick":251},{"sounds":[{"level":-1,"sound":0}],"tick":252},{"sounds":[],"tick":253},{"sounds":[{"level":-1,"sound":0}],"tick":254},{"sounds":[],"tick":255},{"sounds":[{"level":-1,"sound":0}],"tick":256},{"sounds":[],"tick":257},{"sounds":[{"level":-1,"sound":0}],"tick":258},{"sounds":[],"tick":259},{"sounds":[{"level":-1,"sound":0}],"tick":260},{"sounds":[],"tick":261},{"sounds":[{"level":-1,"sound":0}],"tick":262},{"sounds":[],"tick":263},{"sounds":[{"level":-1,"sound":0}],"tick":264},{"sounds":[],"tick":265},{"sounds":[{"level":-1,"sound":0}],"tick":266},{"sounds":[],"tick":267},{"sounds":[{"level":-1,"sound":0}],"tick":268},{"sounds":[],"tick":269},{"sounds":[{"level":-1,"sound":0}],"tick":270},{"sounds":[],"tick":271},{"sounds":[{"level":-1,"sound":0}],"tick":272},{"sounds":[],"tick":273},{"sounds":[{"level":-1,"sound":0}],"tick":274},{"sounds":[],"tick":275},{"sounds":[{"level":-1,"sound":0}],"tick":276},{"sounds":[],"tick":277},{"sounds":[{"level":-1,"sound":0}],"tick":278},{"sounds":[],"tick":279},{"sounds":[{"level":-1,"sound":0}],"tick":280},{"sounds":[],"tick":281},{"sounds":[{"level":-1,"sound":0}],"tick":282},{"sounds":[],"tick":283},{"sounds":[{"level":-1,"sound":0}],"tick":284},{"sounds":[],"tick":285},{"sounds":[{"level":-1,"sound":0}],"tick":286},{"sounds":[],"tick":287},{"sounds":[{"level":-1,"sound":0}],"tick":288},{"sounds":[],"tick":289},{"sounds":[{"level":-1,"sound":0}],"tick":290},{"sounds":[],"tick":291},{"sounds":[{"level":-1,"sound":0}],"tick":292},{"sounds":[],"tick":293},{"sounds":[{"level":-1,"sound":0}],"tick":294},{"sounds":[],"tick":295},{"sounds":[{"level":-1,"sound":0}],"tick":296},{"sounds":[],"tick":297},{"sounds":[{"level":-1,"sound":0}],"tick":298},{"sounds":[],"tick":299},{"sounds":[{"level":-1,"sound":0}],"tick":300},{"sounds":[],"tick":301},{"sounds":[{"level":-1,"sound":0}],"tick":302},{"sounds":[],"tick":303},{"sounds":[{"level":-1,"sound":0}],"tick":304},{"sounds":[],"tick":305},{"sounds":[{"level":-1,"sound":0}],"tick":306},{"sounds":[],"tick":307},{"sounds":[{"level":-1,"sound":0}],"tick":308},{"sounds":[],"tick":309},{"sounds":[{"level":-1,"sound":0}],"tick":310},{"sounds":[],"tick":311},{"sounds":[{"level":-1,"sound":0}],"tick":312},{"sounds":[],"tick":313},{"sounds":[{"level":-1,"sound":0}],"tick":314},{"sounds":[],"tick":315},{"sounds":[{"level":-1,"sound":0}],"tick":316},{"sounds":[],"tick":317},{"sounds":[{"level":-1,"sound":0}],"tick":318},{"sounds":[],"tick":319},{"sounds":[{"level":-1,"sound":0}],"tick":320},{"sounds":[],"tick":321},{"sounds":[{"level":-1,"sound":0}],"tick":322},{"sounds":[],"tick":323},{"sounds":[{"level":-1,"sound":0}],"tick":324},{"sounds":[],"tick":325},{"sounds":[{"level":-1,"sound":0}],"tick":326},{"sounds":[],"tick":327},{"sounds":[{"level":-1,"sound":0}],"tick":328},{"sounds":[],"tick":329},{"sounds":[{"level":-1,"sound":0}],"tick":330},{"sounds":[],"tick":331},{"sounds":[{"level":-1,"sound":0}],"tick":332},{"sounds":[],"tick":333},{"sounds":[{"level":-1,"sound":0}],"tick":334},{"sounds":[],"tick":335},{"sounds":[{"level":-1,"sound":0}],"tick":336},{"sounds":[],"tick":337},{"sounds":[{"level":-1,"sound":0}],"tick":338},{"sounds":[],"tick":339},{"sounds":[{"level":-1,"sound":0}],"tick":340},{"sounds":[],"tick":341},{"sounds":[{"level":-1,"sound":0}],"tick":342},{"sounds":[],"tick":343},{"sounds":[{"level":-1,"sound":0}],"tick":344},{"sounds":[],"tick":345},{"sounds":[{"level":-1,"sound":0}],"tick":346},{"sounds":[],"tick":347},{"sounds":[{"level":-1,"sound":0}],"tick":348},{"sounds":[],"tick":349},{"sounds":[{"level":-1,"sound":0}],"tick":350},{"sounds":[],"tick":351},{"sounds":[{"level":-1,"sound":0}],"tick":352},{"sounds":[],"tick":353},{"sounds":[{"level":-1,"sound":0}],"tick":354},{"sounds":[],"tick":355},{"sounds":[{"level":-1,"sound":0}],"tick":356},{"sounds":[],"tick":357},{"sounds":[{"level":-1,"sound":0}],"tick":358},{"sounds":[],"tick":359},{"sounds":[{"level":-1,"sound":0}],"tick":360},{"sounds":[],"tick":361},{"sounds":[{"level":-1,"sound":0}],"tick":362},{"sounds":[],"tick":363},{"sounds":[{"level":-1,"sound":0}],"tick":364},{"sounds":[],"tick":365},{"sounds":[{"level":-1,"sound":0}],"tick":366},{"sounds":[],"tick":367},{"sounds":[{"level":-1,"sound":0}],"tick":368},{"sounds":[],"tick":369},{"sounds":[{"level":-1,"sound":0}],"tick":370},{"sounds":[],"tick":371},{"sounds":[{"level":-1,"sound":0}],"tick":372},{"sounds":[],"tick":373},{"sounds":[{"level":-1,"sound":0}],"tick":374},{"sounds":[],"tick":375},{"sounds":[{"level":-1,"sound":0}],"tick":376},{"sounds":[],"tick":377},{"sounds":[{"level":-1,"sound":0}],"tick":378},{"sounds":[],"tick":379},{"sounds":[{"level":-1,"sound":0}],"tick":380},{"sounds":[],"tick":381},{"sounds":[{"level":-1,"sound":0}],"tick":382},{"sounds":[],"tick":383},{"sounds":[{"level":-1,"sound":0}],"tick":384},{"sounds":[],"tick":385},{"sounds":[{"level":-1,"sound":0}],"tick":386},{"sounds":[],"tick":387},{"sounds":[{"level":-1,"sound":0}],"tick":388},{"sounds":[],"tick":389},{"sounds":[{"level":-1,"sound":0}],"tick":390},{"sounds":[],"tick":391},{"sounds":[{"level":-1,"sound":0}],"tick":392},{"sounds":[],"tick":393},{"sounds":[{"level":-1,"sound":0}],"tick":394},{"sounds":[],"tick":395},{"sounds":[{"level":-1,"sound":0}],"tick":396},{"sounds":[],"tick":397},{"sounds":[{"level":-1,"sound":0}],"tick":398},{"sounds":[],"tick":399},{"sounds":[{"level":-1,"sound":0}],"tick":400},{"sounds":[],"tick":401},{"sounds":[{"level":-1,"sound":0}],"tick":402},{"sounds":[],"tick":403},{"sounds":[{"level":-1,"sound":0}],"tick":404},{"sounds":[],"tick":405},{"sounds":[{"level":-1,"sound":0}],"tick":406},{"sounds":[],"tick":407},{"sounds":[{"level":-1,"sound":0}],"tick":408},{"sounds":[],"tick":409},{"sounds":[{"level":-1,"sound":0}],"tick":410},{"sounds":[],"tick":411},{"sounds":[{"level":-1,"sound":0}],"tick":412},{"sounds":[],"tick":413},{"sounds":[{"level":-1,"sound":0}],"tick":414},{"sounds":[],"tick":415},{"sounds":[{"level":-1,"sound":0}],"tick":416},{"sounds":[],"tick":417},{"sounds":[{"level":-1,"sound":0}],"tick":418},{"sounds":[],"tick":419},{"sounds":[{"level":-1,"sound":0}],"tick":420},{"sounds":[],"tick":421},{"sounds":[{"level":-1,"sound":0}],"tick":422},{"sounds":[],"tick":423},{"sounds":[{"level":-1,"sound":0}],"tick":424},{"sounds":[],"tick":425},{"sounds":[{"level":-1,"sound":0}],"tick":426},{"sounds":[],"tick":427},{"sounds":[{"level":-1,"sound":0}],"tick":428},{"sounds":[],"tick":429},{"sounds":[{"level":-1,"sound":0}],"tick":430},{"sounds":[],"tick":431},{"sounds":[{"level":-1,"sound":0}],"tick":432},{"sounds":[],"tick":433},{"sounds":[{"level":-1,"sound":0}],"tick":434},{"sounds":[],"tick":435},{"sounds":[{"level":-1,"sound":0}],"tick":436},{"sounds":[],"tick":437},{"sounds":[{"level":-1,"sound":0}],"tick":438},{"sounds":[],"tick":439},{"sounds":[{"level":-1,"sound":0}],"tick":440},{"sounds":[],"tick":441},{"sounds":[{"level":-1,"sound":0}],"tick":442},{"sounds":[],"tick":443},{"sounds":[{"level":-1,"sound":0}],"tick":444},{"sounds":[],"tick":445},{"sounds":[{"level":-1,"sound":0}],"tick":446},{"sounds":[],"tick":447},{"sounds":[{"level":-1,"sound":0}],"tick":448},{"sounds":[],"tick":449},{"sounds":[{"level":-1,"sound":0}],"tick":450},{"sounds":[],"tick":451},{"sounds":[{"level":-1,"sound":0}],"tick":452},{"sounds":[],"tick":453},{"sounds":[{"level":-1,"sound":0}],"tick":454},{"sounds":[],"tick":455},{"sounds":[{"level":-1,"sound":0}],"tick":456},{"sounds":[],"tick":457},{"sounds":[{"level":-1,"sound":0}],"tick":458},{"sounds":[],"tick":459},{"sounds":[{"level":-1,"sound":0}],"tick":460},{"sounds":[],"tick":461},{"sounds":[{"level":-1,"sound":0}],"tick":462},{"sounds":[],"tick":463},{"sounds":[{"level":-1,"sound":0}],"tick":464},{"sounds":[],"tick":465},{"sounds":[{"level":-1,"sound":0}],"tick":466},{"sounds":[],"tick":467},{"sounds":[{"level":-1,"sound":0}],"tick":468},{"sounds":[],"tick":469},{"sounds":[{"level":-1,"sound":0}],"tick":470},{"sounds":[],"tick":471},{"sounds":[{"level":-1,"sound":0}],"tick":472},{"sounds":[],"tick":473},{"sounds":[{"level":-1,"sound":0}],"tick":474},{"sounds":[],"tick":475},{"sounds":[{"level":-1,"sound":0}],"tick":476},{"sounds":[],"tick":477},{"sounds":[{"level":-1,"sound":0}],"tick":478},{"sounds":[],"tick":479},{"sounds":[{"level":-1,"sound":0}],"tick":480},{"sounds":[],"tick":481},{"sounds":[{"level":-1,"sound":0}],"tick":482},{"sounds":[],"tick":483},{"sounds":[{"level":-1,"sound":0}],"tick":484},{"sounds":[],"tick":485},{"sounds":[{"level":-1,"sound":0}],"tick":486},{"sounds":[],"tick":487},{"sounds":[{"level":-1,"sound":0}],"tick":488},{"sounds":[],"tick":489},{"sounds":[{"level":-1,"sound":0}],"tick":490},{"sounds":[],"tick":491},{"sounds":[{"level":-1,"sound":0}],"tick":492},{"sounds":[],"tick":493},{"sounds":[{"level":-1,"sound":0}],"tick":494},{"sounds":[],"tick":495},{"sounds":[{"level":-1,"sound":0}],"tick":496},{"sounds":[],"tick":497},{"sounds":[{"level":-1,"sound":0}],"tick":498},{"sounds":[],"tick":499},{"sounds":[{"level":-1,"sound":0}],"tick":500},{"sounds":[],"tick":501},{"sounds":[{"level":-1,"sound":0}],"tick":502},{"sounds":[],"tick":503},{"sounds":[{"level":-1,"sound":0}],"tick":504},{"sounds":[],"tick":505},{"sounds":[{"level":-1,"sound":0}],"tick":506},{"sounds":[],"tick":507},{"sounds":[{"level":-1,"sound":0}],"tick":508},{"sounds":[],"tick":509},{"sounds":[{"level":-1,"sound":0}],"tick":510},{"sounds":[],"tick":511},{"sounds":[{"level":-1,"sound":0}],"tick":512},{"sounds":[],"tick":513},{"sounds":[{"level":-1,"sound":0}],"tick":514},{"sounds":[],"tick":515},{"sounds":[{"level":-1,"sound":0}],"tick":516},{"sounds":[],"tick":517},{"sounds":[{"level":-1,"sound":0}],"tick":518},{"sounds":[],"tick":519},{"sounds":[{"level":-1,"sound":0}],"tick":520},{"sounds":[],"tick":521},{"sounds":[{"level":-1,"sound":0}],"tick":522},{"sounds":[],"tick":523},{"sounds":[{"level":-1,"sound":0}],"tick":524},{"sounds":[],"tick":525},{"sounds":[{"level":-1,"sound":0}],"tick":526},{"sounds":[],"tick":527},{"sounds":[{"level":-1,"sound":0}],"tick":528},{"sounds":[],"tick":529},{"sounds":[{"level":-1,"sound":0}],"tick":530},{"sounds":[],"tick":531},{"sounds":[{"level":-1,"sound":0}],"tick":532},{"sounds":[],"tick":533},{"sounds":[{"level":-1,"sound":0}],"tick":534},{"sounds":[],"tick":535},{"sounds":[{"level":-1,"sound":0}],"tick":536},{"sounds":[],"tick":537},{"sounds":[{"level":-1,"sound":0}],"tick":538},{"sounds":[],"tick":539},{"sounds":[{"level":-1,"sound":0}],"tick":540},{"sounds":[],"tick":541},{"sounds":[{"level":-1,"sound":0}],"tick":542},{"sounds":[],"tick":543},{"sounds":[{"level":-1,"sound":0}],"tick":544},{"sounds":[],"tick":545},{"sounds":[{"level":-1,"sound":0}],"tick":546},{"sounds":[],"tick":547},{"sounds":[{"level":-1,"sound":0}],"tick":548},{"sounds":[],"tick":549},{"sounds":[{"level":-1,"sound":0}],"tick":550},{"sounds":[],"tick":551},{"sounds":[{"level":-1,"sound":0}],"tick":552},{"sounds":[],"tick":553},{"sounds":[{"level":-1,"sound":0}],"tick":554},{"sounds":[],"tick":555},{"sounds":[{"level":-1,"sound":0}],"tick":556},{"sounds":[],"tick":557},{"sounds":[{"level":-1,"sound":0}],"tick":558},{"sounds":[],"tick":559},{"sounds":[{"level":-1,"sound":0}],"tick":560},{"sounds":[],"tick":561},{"sounds":[{"level":-1,"sound":0}],"tick":562},{"sounds":[],"tick":563},{"sounds":[{"level":-1,"sound":0}],"tick":564},{"sounds":[],"tick":565},{"sounds":[{"level":-1,"sound":0}],"tick":566},{"sounds":[],"tick":567},{"sounds":[{"level":-1,"sound":0}],"tick":568},{"sounds":[],"tick":569},{"sounds":[{"level":-1,"sound":0}],"tick":570},{"sounds":[],"tick":571},{"sounds":[{"level":-1,"sound":0}],"tick":572},{"sounds":[],"tick":573},{"sounds":[{"level":-1,"sound":0}],"tick":574},{"sounds":[],"tick":575},{"sounds":[{"level":-1,"sound":0}],"tick":576},{"sounds":[],"tick":577},{"sounds":[{"level":-1,"sound":0}],"tick":578},{"sounds":[],"tick":579},{"sounds":[{"level":-1,"sound":0}],"tick":580},{"sounds":[],"tick":581},{"sounds":[{"level":-1,"sound":0}],"tick":582},{"sounds":[],"tick":583},{"sounds":[{"level":-1,"sound":0}],"tick":584},{"sounds":[],"tick":585},{"sounds":[{"level":-1,"sound":0}],"tick":586},{"sounds":[],"tick":587},{"sounds":[{"level":-1,"sound":0}],"tick":588},{"sounds":[],"tick":589},{"sounds":[{"level":-1,"sound":0}],"tick":590},{"sounds":[],"tick":591},{"sounds":[{"level":-1,"sound":0}],"tick":592},{"sounds":[],"tick":593},{"sounds":[{"level":-1,"sound":0}],"tick":594},{"sounds":[],"tick":595},{"sounds":[{"level":-1,"sound":0}],"tick":596},{"sounds":[],"tick":597},{"sounds":[{"level":-1,"sound":0}],"tick":598},{"sounds":[],"tick":599},{"sounds":[{"level":-1,"sound":0}],"tick":600},{"sounds":[],"tick":601},{"sounds":[{"level":-1,"sound":0}],"tick":602},{"sounds":[],"tick":603},{"sounds":[{"level":-1,"sound":0}],"tick":604},{"sounds":[],"tick":605},{"sounds":[{"level":-1,"sound":0}],"tick":606},{"sounds":[],"tick":607},{"sounds":[{"level":-1,"sound":0}],"tick":608},{"sounds":[],"tick":609},{"sounds":[{"level":-1,"sound":0}],"tick":610},{"sounds":[],"tick":611},{"sounds":[{"level":-1,"sound":0}],"tick":612},{"sounds":[],"tick":613},{"sounds":[{"level":-1,"sound":0}],"tick":614},{"sounds":[],"tick":615},{"sounds":[{"level":-1,"sound":0}],"tick":616},{"sounds":[],"tick":617},{"sounds":[{"level":-1,"sound":0}],"tick":618},{"sounds":[],"tick":619},{"sounds":[{"level":-1,"sound":0}],"tick":620},{"sounds":[],"tick":621},{"sounds":[{"level":-1,"sound":0}],"tick":622},{"sounds":[],"tick":623},{"sounds":[{"level":-1,"sound":0}],"tick":624},{"sounds":[],"tick":625},{"sounds":[{"level":-1,"sound":0}],"tick":626},{"sounds":[],"tick":627},{"sounds":[{"level":-1,"sound":0}],"tick":628},{"sounds":[],"tick":629},{"sounds":[{"level":-1,"sound":0}],"tick":630},{"sounds":[],"tick":631},{"sounds":[{"level":-1,"sound":0}],"tick":632},{"sounds":[],"tick":633},{"sounds":[{"level":-1,"sound":0}],"tick":634},{"sounds":[],"tick":635},{"sounds":[{"level":-1,"sound":0}],"tick":636},{"sounds":[],"tick":637},{"sounds":[{"level":-1,"sound":0}],"tick":638},{"sounds":[],"tick":639},{"sounds":[{"level":-1,"sound":0}],"tick":640},{"sounds":[],"tick":641},{"sounds":[{"level":-1,"sound":0}],"tick":642},{"sounds":[],"tick":643},{"sounds":[{"level":-1,"sound":0}],"tick":644},{"sounds":[],"tick":645},{"sounds":[{"level":-1,"sound":0}],"tick":646},{"sounds":[],"tick":647},{"sounds":[{"level":-1,"sound":0}],"tick":648},{"sounds":[],"tick":649},{"sounds":[{"level":-1,"sound":0}],"tick":650},{"sounds":[],"tick":651},{"sounds":[{"level":-1,"sound":0}],"tick":652},{"sounds":[],"tick":653},{"sounds":[{"level":-1,"sound":0}],"tick":654},{"sounds":[],"tick":655},{"sounds":[{"level":-1,"sound":0}],"tick":656},{"sounds":[],"tick":657},{"sounds":[{"level":-1,"sound":0}],"tick":658},{"sounds":[],"tick":659},{"sounds":[{"level":-1,"sound":0}],"tick":660},{"sounds":[],"tick":661},{"sounds":[{"level":-1,"sound":0}],"tick":662},{"sounds":[],"tick":663},{"sounds":[{"level":-1,"sound":0}],"tick":664},{"sounds":[],"tick":665},{"sounds":[{"level":-1,"sound":0}],"tick":666},{"sounds":[],"tick":667},{"sounds":[{"level":-1,"sound":0}],"tick":668},{"sounds":[],"tick":669},{"sounds":[{"level":-1,"sound":0}],"tick":670},{"sounds":[],"tick":671},{"sounds":[{"level":-1,"sound":0}],"tick":672},{"sounds":[],"tick":673},{"sounds":[{"level":-1,"sound":0}],"tick":674},{"sounds":[],"tick":675},{"sounds":[{"level":-1,"sound":0}],"tick":676},{"sounds":[],"tick":677},{"sounds":[{"level":-1,"sound":0}],"tick":678},{"sounds":[],"tick":679},{"sounds":[{"level":-1,"sound":0}],"tick":680},{"sounds":[],"tick":681},{"sounds":[{"level":-1,"sound":0}],"tick":682},{"sounds":[],"tick":683},{"sounds":[{"level":-1,"sound":0}],"tick":684},{"sounds":[],"tick":685},{"sounds":[{"level":-1,"sound":0}],"tick":686},{"sounds":[],"tick":687},{"sounds":[{"level":-1,"sound":0}],"tick":688},{"sounds":[],"tick":689},{"sounds":[{"level":-1,"sound":0}],"tick":690},{"sounds":[],"tick":691},{"sounds":[{"level":-1,"sound":0}],"tick":692},{"sounds":[],"tick":693},{"sounds":[{"level":-1,"sound":0}],"tick":694},{"sounds":[],"tick":695},{"sounds":[{"level":-1,"sound":0}],"tick":696},{"sounds":[],"tick":697},{"sounds":[{"level":-1,"sound":0}],"tick":698},{"sounds":[],"tick":699},{"sounds":[{"level":-1,"sound":0}],"tick":700},{"sounds":[],"tick":701},{"sounds":[{"level":-1,"sound":0}],"tick":702},{"sounds":[],"tick":703},{"sounds":[{"level":-1,"sound":0}],"tick":704},{"sounds":[],"tick":705},{"sounds":[{"level":-1,"sound":0}],"tick":706},{"sounds":[],"tick":707},{"sounds":[{"level":-1,"sound":0}],"tick":708},{"sounds":[],"tick":709},{"sounds":[{"level":-1,"sound":0}],"tick":710},{"sounds":[],"tick":711},{"sounds":[{"level":-1,"sound":0}],"tick":712},{"sounds":[],"tick":713},{"sounds":[{"level":-1,"sound":0}],"tick":714},{"sounds":[],"tick":715},{"sounds":[{"level":-1,"sound":0}],"tick":716},{"sounds":[],"tick":717},{"sounds":[{"level":-1,"sound":0}],"tick":718},{"sounds":[],"tick":719},{"sounds":[{"level":-1,"sound":0}],"tick":720},{"sounds":[],"tick":721},{"sounds":[{"level":-1,"sound":0}],"tick":722},{"sounds":[],"tick":723},{"sounds":[{"level":-1,"sound":0}],"tick":724},{"sounds":[],"tick":725},{"sounds":[{"level":-1,"sound":0}],"tick":726},{"sounds":[],"tick":727},{"sounds":[{"level":-1,"sound":0}],"tick":728},{"sounds":[],"tick":729},{"sounds":[{"level":-1,"sound":0}],"tick":730},{"sounds":[],"tick":731},{"sounds":[{"level":-1,"sound":0}],"tick":732},{"sounds":[],"tick":733},{"sounds":[{"level":-1,"sound":0}],"tick":734},{"sounds":[],"tick":735},{"sounds":[{"level":-1,"sound":0}],"tick":736},{"sounds":[],"tick":737},{"sounds":[{"level":-1,"sound":0}],"tick":738},{"sounds":[],"tick":739},{"sounds":[{"level":-1,"sound":0}],"tick":740},{"sounds":[],"tick":741},{"sounds":[{"level":-1,"sound":0}],"tick":742},{"sounds":[],"tick":743},{"sounds":[{"level":-1,"sound":0}],"tick":744},{"sounds":[],"tick":745},{"sounds":[{"level":-1,"sound":0}],"tick":746},{"sounds":[],"tick":747},{"sounds":[{"level":-1,"sound":0}],"tick":748},{"sounds":[],"tick":749},{"sounds":[{"level":-1,"sound":0}],"tick":750},{"sounds":[{"level":-1,"sound":0}],"tick":751},{"sounds":[],"tick":752},{"sounds":[{"level":-1,"sound":0}],"tick":753},{"sounds":[],"tick":754},{"sounds":[{"level":-1,"sound":0}],"tick":755},{"sounds":[],"tick":756},{"sounds":[{"level":-1,"sound":0}],"tick":757},{"sounds":[],"tick":758},{"sounds":[{"level":-1,"sound":0}],"tick":759},{"sounds":[],"tick":760},{"sounds":[{"level":-1,"sound":0}],"tick":761},{"sounds":[],"tick":762},{"sounds":[{"level":-1,"sound":0}],"tick":763},{"sounds":[],"tick":764},{"sounds":[{"level":-1,"sound":0}],"tick":765},{"sounds":[],"tick":766},{"sounds":[{"level":-1,"sound":0}],"tick":767},{"sounds":[],"tick":768},{"sounds":[{"level":-1,"sound":0}],"tick":769},{"sounds":[{"level":-1,"sound":0}],"tick":770},{"sounds":[],"tick":771},{"sounds":[{"level":-1,"sound":0}],"tick":772},{"sounds":[{"level":-1,"sound":0}],"tick":773},{"sounds":[],"tick":774},{"sounds":[{"level":-1,"sound":0}],"tick":775},{"sounds":[{"level":-1,"sound":0}],"tick":776},{"sounds":[],"tick":777},{"sounds":[{"level":-1,"sound":0}],"tick":778},{"sounds":[],"tick":779},{"sounds":[{"level":-1,"sound":0}],"tick":780},{"sounds":[{"level":-1,"sound":0}],"tick":781},{"sounds":[],"tick":782},{"sounds":[{"level":-1,"sound":0}],"tick":783},{"sounds":[{"level":-1,"sound":0}],"tick":784},{"sounds":[],"tick":785},{"sounds":[{"level":-1,"sound":0}],"tick":786},{"sounds":[{"level":-1,"sound":0}],"tick":787},{"sounds":[],"tick":788},{"sounds":[{"level":-1,"sound":0}],"tick":789},{"sounds":[],"tick":790},{"sounds":[{"level":-1,"sound":0}],"tick":791},{"sounds":[],"tick":792},{"sounds":[{"level":-1,"sound":0}],"tick":793},{"sounds":[],"tick":794},{"sounds":[{"level":-1,"sound":0}],"tick":795},{"sounds":[],"tick":796},{"sounds":[{"level":-1,"sound":0}],"tick":797},{"sounds":[],"tick":798},{"sounds":[{"level":-1,"sound":0}],"tick":799},{"sounds":[{"level":-1,"sound":0}],"tick":800},{"sounds":[],"tick":801},{"sounds":[{"level":-1,"sound":0}],"tick":802},{"sounds":[{"level":-1,"sound":0}],"tick":803},{"sounds":[],"tick":804},{"sounds":[{"level":-1,"sound":0}],"tick":805},{"sounds":[{"level":-1,"sound":0}],"tick":806},{"sounds":[{"level":-1,"sound":0}],"tick":807},{"sounds":[],"tick":808},{"sounds":[{"level":-1,"sound":0}],"tick":809},{"sounds":[{"level":-1,"sound":0}],"tick":810},{"sounds":[],"tick":811},{"sounds":[{"level":-1,"sound":0}],"tick":812},{"sounds":[{"level":-1,"sound":0}],"tick":813},{"sounds":[{"level":-1,"sound":0}],"tick":814},{"sounds":[],"tick":815},{"sounds":[{"level":-1,"sound":0}],"tick":816},{"sounds":[],"tick":817},{"sounds":[{"level":-1,"sound":0}],"tick":818},{"sounds":[],"tick":819},{"sounds":[{"level":-1,"sound":0}],"tick":820},{"sounds":[],"tick":821},{"sounds":[{"level":-1,"sound":0}],"tick":822},{"sounds":[{"level":-1,"sound":0}],"tick":823},{"sounds":[],"tick":824},{"sounds":[{"level":-1,"sound":0}],"tick":825},{"sounds":[{"level":-1,"sound":0}],"tick":826},{"sounds":[{"level":-1,"sound":0}],"tick":827},{"sounds":[],"tick":828},{"sounds":[{"level":-1,"sound":0}],"tick":829},{"sounds":[],"tick":830},{"sounds":[{"level":-1,"sound":0}],"tick":831},{"sounds":[],"tick":832},{"sounds":[{"level":-1,"sound":0}],"tick":833},{"sounds":[],"tick":834},{"sounds":[{"level":-1,"sound":0}],"tick":835},{"sounds":[],"tick":836},{"sounds":[{"level":-1,"sound":0}],"tick":837},{"sounds":[],"tick":838},{"sounds":[{"level":-1,"sound":0}],"tick":839},{"sounds":[],"tick":840},{"sounds":[{"level":-1,"sound":0}],"tick":841},{"sounds":[{"level":-1,"sound":0}],"tick":842},{"sounds":[{"level":-1,"sound":0}],"tick":843},{"sounds":[{"level":-1,"sound":0}],"tick":844},{"sounds":[{"level":-1,"sound":0}],"tick":845},{"sounds":[],"tick":846},{"sounds":[{"level":-1,"sound":0}],"tick":847},{"sounds":[{"level":-1,"sound":0}],"tick":848},{"sounds":[{"level":-1,"sound":0}],"tick":849},{"sounds":[],"tick":850},{"sounds":[{"level":-1,"sound":0}],"tick":851},{"sounds":[],"tick":852},{"sounds":[{"level":-1,"sound":0}],"tick":853},{"sounds":[],"tick":854},{"sounds":[{"level":-1,"sound":0}],"tick":855},{"sounds":[],"tick":856},{"sounds":[{"level":-1,"sound":0}],"tick":857},{"sounds":[{"level":-1,"sound":0}],"tick":858},{"sounds":[],"tick":859},{"sounds":[{"level":-1,"sound":0}],"tick":860},{"sounds":[],"tick":861},{"sounds":[{"level":-1,"sound":0}],"tick":862},{"sounds":[],"tick":863},{"sounds":[{"level":-1,"sound":0}],"tick":864},{"sounds":[],"tick":865},{"sounds":[{"level":-1,"sound":0}],"tick":866},{"sounds":[],"tick":867},{"sounds":[{"level":-1,"sound":0}],"tick":868},{"sounds":[],"tick":869},{"sounds":[{"level":-1,"sound":0}],"tick":870},{"sounds":[{"level":-1,"sound":0}],"tick":871},{"sounds":[],"tick":872},{"sounds":[{"level":-1,"sound":0}],"tick":873},{"sounds":[],"tick":874},{"sounds":[{"level":-1,"sound":0}],"tick":875},{"sounds":[{"level":-1,"sound":0}],"tick":876},{"sounds":[{"level":-1,"sound":0}],"tick":877},{"sounds":[{"level":-1,"sound":0}],"tick":878},{"sounds":[{"level":-1,"sound":0}],"tick":879},{"sounds":[],"tick":880},{"sounds":[{"level":-1,"sound":0}],"tick":881},{"sounds":[{"level":-1,"sound":0}],"tick":882},{"sounds":[{"level":-1,"sound":0}],"tick":883},{"sounds":[{"level":-1,"sound":0}],"tick":884},{"sounds":[{"level":-1,"sound":0}],"tick":885},{"sounds":[{"level":-1,"sound":0}],"tick":886},{"sounds":[{"level":-1,"sound":0}],"tick":887},{"sounds":[{"level":-1,"sound":0}],"tick":888},{"sounds":[{"level":-1,"sound":0}],"tick":889},{"sounds":[{"level":-1,"sound":0}],"tick":890},{"sounds":[{"level":-1,"sound":0}],"tick":891},{"sounds":[{"level":-1,"sound":0}],"tick":892},{"sounds":[{"level":-1,"sound":0}],"tick":893},{"sounds":[{"level":-1,"sound":0}],"tick":894},{"sounds":[{"level":-1,"sound":0}],"tick":895},{"sounds":[{"level":-1,"sound":0}],"tick":896},{"sounds":[{"level":-1,"sound":0}],"tick":897},{"sounds":[{"level":-1,"sound":0}],"tick":898},{"sounds":[{"level":-1,"sound":0}],"tick":899},{"sounds":[{"level":-1,"sound":0}],"tick":900},{"sounds":[{"level":-1,"sound":0}],"tick":901},{"sounds":[{"level":-1,"sound":0}],"tick":902},{"sounds":[{"level":-1,"sound":0}],"tick":903},{"sounds":[{"level":-1,"sound":0}],"tick":904},{"sounds":[{"level":-1,"sound":0}],"tick":905},{"sounds":[{"level":-1,"sound":0}],"tick":906},{"sounds":[{"level":-1,"sound":0}],"tick":907},{"sounds":[{"level":-1,"sound":0}],"tick":908},{"sounds":[{"level":-1,"sound":0}],"tick":909},{"sounds":[{"level":-1,"sound":0}],"tick":910},{"sounds":[{"level":-1,"sound":0}],"tick":911},{"sounds":[{"level":-1,"sound":0}],"tick":912},{"sounds":[{"level":-1,"sound":0}],"tick":913},{"sounds":[{"level":-1,"sound":0}],"tick":914},{"sounds":[{"level":-1,"sound":0}],"tick":915},{"sounds":[{"level":-1,"sound":0}],"tick":916},{"sounds":[{"level":-1,"sound":0}],"tick":917},{"sounds":[{"level":-1,"sound":0}],"tick":918},{"sounds":[{"level":-1,"sound":0}],"tick":919},{"sounds":[{"level":-1,"sound":0}],"tick":920},{"sounds":[{"level":-1,"sound":0}],"tick":921},{"sounds":[{"level":-1,"sound":0}],"tick":922},{"sounds":[{"level":-1,"sound":0}],"tick":923},{"sounds":[{"level":-1,"sound":0}],"tick":924},{"sounds":[{"level":-1,"sound":0}],"tick":925},{"sounds":[{"level":-1,"sound":0}],"tick":926},{"sounds":[{"level":-1,"sound":0}],"tick":927},{"sounds":[{"level":-1,"sound":0}],"tick":928},{"sounds":[{"level":-1,"sound":0}],"tick":929},{"sounds":[{"level":-1,"sound":0}],"tick":930},{"sounds":[{"level":-1,"sound":0}],"tick":931},{"sounds":[{"level":-1,"sound":0}],"tick":932},{"sounds":[{"level":-1,"sound":0}],"tick":933},{"sounds":[{"level":-1,"sound":0}],"tick":934},{"sounds":[{"level":-1,"sound":0}],"tick":935},{"sounds":[],"tick":936},{"sounds":[{"level":-1,"sound":0}],"tick":937},{"sounds":[{"level":-1,"sound":0}],"tick":938},{"sounds":[{"level":-1,"sound":0}],"tick":939},{"sounds":[{"level":-1,"sound":0}],"tick":940},{"sounds":[{"level":-1,"sound":0}],"tick":941},{"sounds":[{"level":-1,"sound":0}],"tick":942},{"sounds":[{"level":-1,"sound":0}],"tick":943},{"sounds":[{"level":-1,"sound":0}],"tick":944},{"sounds":[{"level":-1,"sound":0}],"tick":945},{"sounds":[{"level":-1,"sound":0}],"tick":946},{"sounds":[{"level":-1,"sound":0}],"tick":947},{"sounds":[{"level":-1,"sound":0}],"tick":948},{"sounds":[{"level":-1,"sound":0}],"tick":949}]