[{"sounds":[{"level":-1,"sound":0}],"tick":0},{"sounds":[],"tick":1},{"sounds":[{"level":7206,"sound":73},{"level":-1,"sound":0}],"tick":2},{"sounds":[],"tick":3},{"sounds":[{"level":-1,"sound":0}],"tick":4},{"sounds":[],"tick":5},{"sounds":[],"tick":6},{"sounds":[{"level":-1,"sound":0}],"tick":7},{"sounds":[],"tick":8},{"sounds":[],"tick":9},{"sounds":[],"tick":10},{"sounds":[{"level":-1,"sound":0},{"level":1543,"sound":81}],"tick":11},{"sounds":[],"tick":12},{"sounds":[],"tick":13},{"sounds":[{"level":-1,"sound":0}],"tick":14},{"sounds":[],"tick":15},{"sounds":[{"level":1543,"sound":81}],"tick":16},{"sounds":[{"level":1539,"sound":81},{"level":-1,"sound":0}],"tick":17},{"sounds":[],"tick":18},{"sounds":[{"level":7200,"sound":74}],"tick":19},{"sounds":[],"tick":20},{"sounds":[],"tick":21},{"sounds":[{"level":1541,"sound":81},{"level":-1,"sound":0}],"tick":22},{"sounds":[],"tick":23},{"sounds":[{"level":-1,"sound":0}],"tick":24},{"sounds":[],"tick":25},{"sounds":[],"tick":26},{"sounds":[],"tick":27},{"sounds":[{"level":-1,"sound":0}],"tick":28},{"sounds":[{"level":-1,"sound":0},{"level":1539,"sound":81}],"tick":29},{"sounds":[],"tick":30},{"sounds":[{"level":-1,"sound":0}],"tick":31},{"sounds":[],"tick":32},{"sounds":[{"level":-1,"sound":0}],"tick":33},{"sounds":[],"tick":34},{"sounds":[],"tick":35},{"sounds":[{"level":-1,"sound":0},{"level":1543,"sound":81}],"tick":36},{"sounds":[],"tick":37},{"sounds":[{"level":1539,"sound":81}],"tick":38},{"sounds":[],"tick":39},{"sounds":[{"level":-1,"sound":0}],"tick":40},{"sounds":[{"level":1541,"sound":81},{"level":-1,"sound":0}],"tick":41},{"sounds":[],"tick":42},{"sounds":[],"tick":43},{"sounds":[],"tick":44},{"sounds":[{"level":-1,"sound":0}],"tick":45},{"sounds":[],"tick":46},{"sounds":[{"level":-1,"sound":0},{"level":1539,"sound":81}],"tick":47},{"sounds":[],"tick":48},{"sounds":[],"tick":49},{"sounds":[{"level":-1,"sound":0}],"tick":50},{"sounds":[],"tick":51},{"sounds":[{"level":-1,"sound":0}],"tick":52},{"sounds":[],"tick":53},{"sounds":[],"tick":54},{"sounds":[],"tick":55},{"sounds":[{"level":1543,"sound":81},{"level":-1,"sound":0}],"tick":56},{"sounds":[{"level":1539,"sound":81}],"tick":57},{"sounds":[],"tick":58},{"sounds":[],"tick":59},{"sounds":[],"tick":60},{"sounds":[{"level":-1,"sound":0},{"level":1541,"sound":81}],"tick":61},{"sounds":[],"tick":62},{"sounds":[{"level":-1,"sound":0}],"tick":63},{"sounds":[],"tick":64},{"sounds":[],"tick":65},{"sounds":[{"level":-1,"sound":0}],"tick":66},{"sounds":[],"tick":67},{"sounds":[{"level":-1,"sound":0},{"level":1543,"sound":81}],"tick":68},{"sounds":[],"tick":69},{"sounds":[],"tick":70},{"sounds":[{"level":-1,"sound":0},{"level":1550,"sound":81}],"tick":71},{"sounds":[],"tick":72},{"sounds":[{"level":-1,"sound":0}],"tick":73},{"sounds":[],"tick":74},{"sounds":[],"tick":75},{"sounds":[],"tick":76},{"sounds":[{"level":-1,"sound":0},{"level":1548,"sound":81}],"tick":77},{"sounds":[],"tick":78},{"sounds":[],"tick":79},{"sounds":[],"tick":80},{"sounds":[{"level":1546,"sound":81},{"level":-1,"sound":0}],"tick":81},{"sounds":[],"tick":82},{"sounds":[],"tick":83},{"sounds":[],"tick":84},{"sounds":[],"tick":85},{"sounds":[],"tick":86},{"sounds":[],"tick":87},{"sounds":[],"tick":88},{"sounds":[],"tick":89},{"sounds":[{"level":-1,"sound":0},{"level":1548,"sound":81}],"tick":90},{"sounds":[],"tick":91},{"sounds":[],"tick":92},{"sounds":[{"level":-1,"sound":0}],"tick":93},{"sounds":[],"tick":94},{"sounds":[{"level":1548,"sound":81}],"tick":95},{"sounds":[],"tick":96},{"sounds":[],"tick":97},{"sounds":[],"tick":98},{"sounds":[],"tick":99},{"sounds":[],"tick":100},{"sounds":[],"tick":101},{"sounds":[],"tick":102},{"sounds":[],"tick":103},{"sounds":[{"level":1546,"sound":81},{"level":-1,"sound":0}],"tick":104},{"sounds":[],"tick":105},{"sounds":[],"tick":106},{"sounds":[],"tick":107},{"sounds":[],"tick":108},{"sounds":[],"tick":109},{"sounds":[],"tick":110},{"sounds":[{"level":-1,"sound":0},{"level":1548,"sound":81}],"tick":111},{"sounds":[],"tick":112},{"sounds":[],"tick":113},{"sounds":[],"tick":114},{"sounds":[],"tick":115},{"sounds":[],"tick":116},{"sounds":[],"tick":117},{"sounds":[{"level":-1,"sound":0}],"tick":118},{"sounds":[],"tick":119},{"sounds":[],"tick":120},{"sounds":[{"level":-1,"sound":0},{"level":1546,"sound":81}],"tick":121},{"sounds":[],"tick":122},{"sounds":[],"tick":123},{"sounds":[],"tick":124},{"sounds":[],"tick":125},{"sounds":[{"level":-1,"sound":0}],"tick":126},{"sounds":[],"tick":127},{"sounds":[],"tick":128},{"sounds":[{"level":-1,"sound":0}],"tick":129},{"sounds":[],"tick":130},{"sounds":[{"level":-1,"sound":0},{"level":1548,"sound":81}],"tick":131},{"sounds":[],"tick":132},{"sounds":[{"level":-1,"sound":0}],"tick":133},{"sounds":[],"tick":134},{"sounds":[{"level":1546,"sound":81},{"level":-1,"sound":0}],"tick":135},{"sounds":[],"tick":136},{"sounds":[],"tick":137},{"sounds":[],"tick":138},{"sounds":[],"tick":139},{"sounds":[],"tick":140},{"sounds":[],"tick":141},{"sounds":[{"level":-1,"sound":0}],"tick":142},{"sounds":[],"tick":143},{"sounds":[],"tick":144},{"sounds":[{"level":-1,"sound":0}],"tick":145},{"sounds":[],"tick":146},{"sounds":[],"tick":147},{"sounds":[],"tick":148},{"sounds":[{"level":-1,"sound":0},{"level":1550,"sound":81}],"tick":149},{"sounds":[],"tick":150},{"sounds":[{"level":-1,"sound":0}],"tick":151},{"sounds":[],"tick":152},{"sounds":[],"tick":153},{"sounds":[{"level":-1,"sound":0}],"tick":154},{"sounds":[],"tick":155},{"sounds":[],"tick":156},{"sounds":[],"tick":157},{"sounds":[{"level":-1,"sound":0},{"level":1541,"sound":81}],"tick":158},{"sounds":[],"tick":159},{"sounds":[{"level":-1,"sound":0},{"level":1539,"sound":81}],"tick":160},{"sounds":[],"tick":161},{"sounds":[{"level":-1,"sound":0}],"tick":162},{"sounds":[],"tick":163},{"sounds":[],"tick":164},{"sounds":[],"tick":165},{"sounds":[{"level":-1,"sound":0}],"tick":166},{"sounds":[],"tick":167},{"sounds":[{"level":-1,"sound":0},{"level":1543,"sound":81}],"tick":168},{"sounds":[],"tick":169},{"sounds":[],"tick":170},{"sounds":[{"level":-1,"sound":0},{"level":1539,"sound":81}],"tick":171},{"sounds":[],"tick":172},{"sounds":[],"tick":173},{"sounds":[],"tick":174},{"sounds":[{"level":-1,"sound":0}],"tick":175},{"sounds":[{"level":-1,"sound":0},{"level":1541,"sound":81}],"tick":176},{"sounds":[],"tick":177},{"sounds":[],"tick":178},{"sounds":[],"tick":179},{"sounds":[],"tick":180},{"sounds":[{"level":1543,"sound":81},{"level":-1,"sound":0}],"tick":181},{"sounds":[],"tick":182},{"sounds":[],"tick":183},{"sounds":[],"tick":184},{"sounds":[],"tick":185},{"sounds":[],"tick":186},{"sounds":[],"tick":187},{"sounds":[],"tick":188},{"sounds":[],"tick":189},{"sounds":[],"tick":190},{"sounds":[{"level":1539,"sound":81},{"level":1543,"sound":81}],"tick":191},{"sounds":[],"tick":192},{"sounds":[],"tick":193},{"sounds":[],"tick":194},{"sounds":[],"tick":195},{"sounds":[],"tick":196},{"sounds":[{"level":-1,"sound":0}],"tick":197},{"sounds":[{"level":-1,"sound":0}],"tick":198},{"sounds":[],"tick":199},{"sounds":[],"tick":200},{"sounds":[],"tick":201},{"sounds":[],"tick":202},{"sounds":[],"tick":203},{"sounds":[],"tick":204},{"sounds":[],"tick":205},{"sounds":[{"level":-1,"sound":0}],"tick":206},{"sounds":[],"tick":207},{"sounds":[],"tick":208},{"sounds":[],"tick":209},{"sounds":[{"level":1543,"sound":81},{"level":-1,"sound":0},{"level":1539,"sound":81},{"level":1541,"sound":81}],"tick":210},{"sounds":[],"tick":211},{"sounds":[],"tick":212},{"sounds":[],"tick":213},{"sounds":[],"tick":214},{"sounds":[{"level":-1,"sound":0},{"level":1541,"sound":81}],"tick":215},{"sounds":[],"tick":216},{"sounds":[{"level":-1,"sound":0}],"tick":217},{"sounds":[],"tick":218},{"sounds":[],"tick":219},{"sounds":[],"tick":220},{"sounds":[{"level":-1,"sound":0},{"level":1546,"sound":81}],"tick":221},{"sounds":[],"tick":222},{"sounds":[{"level":-1,"sound":0}],"tick":223},{"sounds":[],"tick":224},{"sounds":[],"tick":225},{"sounds":[],"tick":226},{"sounds":[{"level":-1,"sound":0},{"level":1550,"sound":81}],"tick":227},{"sounds":[],"tick":228},{"sounds":[{"level":1546,"sound":81}],"tick":229},{"sounds":[],"tick":230},{"sounds":[],"tick":231},{"sounds":[],"tick":232},{"sounds":[{"level":1541,"sound":81},{"level":-1,"sound":0}],"tick":233},{"sounds":[],"tick":234},{"sounds":[{"level":-1,"sound":0}],"tick":235},{"sounds":[],"tick":236},{"sounds":[],"tick":237},{"sounds":[{"level":-1,"sound":0}],"tick":238},{"sounds":[],"tick":239},{"sounds":[{"level":-1,"sound":0}],"tick":240},{"sounds":[],"tick":241},{"sounds":[{"level":-1,"sound":0}],"tick":242},{"sounds":[],"tick":243},{"sounds":[],"tick":244},{"sounds":[],"tick":245},{"sounds":[{"level":-1,"sound":0},{"level":1548,"sound":81}],"tick":246},{"sounds":[],"tick":247},{"sounds":[{"level":-1,"sound":0}],"tick":248},{"sounds":[],"tick":249},{"sounds":[{"level":-1,"sound":0},{"level":1546,"sound":81}],"tick":250},{"sounds":[],"tick":251},{"sounds":[],"tick":252},{"sounds":[],"tick":253},{"sounds":[{"level":-1,"sound":0}],"tick":254},{"sounds":[],"tick":255},{"sounds":[{"level":-1,"sound":0}],"tick":256},{"sounds":[],"tick":257},{"sounds":[],"tick":258},{"sounds":[],"tick":259},{"sounds":[{"level":-1,"sound":0}],"tick":260},{"sounds":[{"level":-1,"sound":0}],"tick":261},{"sounds":[],"tick":262},{"sounds":[{"level":-1,"sound":0},{"level":1548,"sound":81}],"tick":263},{"sounds":[],"tick":264},{"sounds":[],"tick":265},{"sounds":[],"tick":266},{"sounds":[{"level":-1,"sound":0}],"tick":267},{"sounds":[],"tick":268},{"sounds":[{"level":-1,"sound":0}],"tick":269},{"sounds":[],"tick":270},{"sounds":[],"tick":271},{"sounds":[{"level":-1,"sound":0},{"level":1546,"sound":81}],"tick":272},{"sounds":[],"tick":273},{"sounds":[{"level":-1,"sound":0}],"tick":274},{"sounds":[],"tick":275},{"sounds":[{"level":-1,"sound":0},{"level":1548,"sound":81}],"tick":276},{"sounds":[],"tick":277},{"sounds":[],"tick":278},{"sounds":[],"tick":279},{"sounds":[{"level":-1,"sound":0}],"tick":280},{"sounds":[],"tick":281},{"sounds":[{"level":-1,"sound":0}],"tick":282},{"sounds":[],"tick":283},{"sounds":[],"tick":284},{"sounds":[],"tick":285},{"sounds":[],"tick":286},{"sounds":[{"level":-1,"sound":0}],"tick":287},{"sounds":[],"tick":288},{"sounds":[{"level":-1,"sound":0}],"tick":289},{"sounds":[],"tick":290},{"sounds":[],"tick":291},{"sounds":[],"tick":292},{"sounds":[],"tick":293},{"sounds":[],"tick":294},{"sounds":[],"tick":295},{"sounds":[{"level":-1,"sound":0}],"tick":296},{"sounds":[],"tick":297},{"sounds":[],"tick":298},{"sounds":[],"tick":299},{"sounds":[],"tick":300},{"sounds":[],"tick":301},{"sounds":[],"tick":302},{"sounds":[],"tick":303},{"sounds":[],"tick":304},{"sounds":[],"tick":305},{"sounds":[],"tick":306},{"sounds":[],"tick":307},{"sounds":[],"tick":308},{"sounds":[],"tick":309},{"sounds":[],"tick":310},{"sounds":[],"tick":311},{"sounds":[{"level":-1,"sound":0}],"tick":312},{"sounds":[],"tick":313},{"sounds":[{"level":1553,"sound":81}],"tick":314},{"sounds":[],"tick":315},{"sounds":[],"tick":316},{"sounds":[],"tick":317},{"sounds":[{"level":-1,"sound":0},{"level":1550,"sound":81}],"tick":318},{"sounds":[],"tick":319},{"sounds":[{"level":1548,"sound":81},{"level":-1,"sound":0}],"tick":320},{"sounds":[],"tick":321},{"sounds":[{"level":1543,"sound":81},{"level":-1,"sound":0},{"level":1546,"sound":81}],"tick":322},{"sounds":[],"tick":323},{"sounds":[],"tick":324},{"sounds":[],"tick":325},{"sounds":[],"tick":326},{"sounds":[],"tick":327},{"sounds":[{"level":-1,"sound":0}],"tick":328},{"sounds":[],"tick":329},{"sounds":[],"tick":330},{"sounds":[],"tick":331},{"sounds":[],"tick":332},{"sounds":[],"tick":333},{"sounds":[],"tick":334},{"sounds":[{"level":-1,"sound":0}],"tick":335},{"sounds":[],"tick":336},{"sounds":[],"tick":337},{"sounds":[],"tick":338},{"sounds":[{"level":-1,"sound":0}],"tick":339},{"sounds":[],"tick":340},{"sounds":[{"level":-1,"sound":0}],"tick":341},{"sounds":[],"tick":342},{"sounds":[{"level":-1,"sound":0}],"tick":343},{"sounds":[],"tick":344},{"sounds":[{"level":-1,"sound":0}],"tick":345},{"sounds":[],"tick":346},{"sounds":[],"tick":347},{"sounds":[{"level":-1,"sound":0}],"tick":348},{"sounds":[],"tick":349},{"sounds":[{"level":-1,"sound":0},{"level":1539,"sound":81}],"tick":350},{"sounds":[],"tick":351},{"sounds":[],"tick":352},{"sounds":[{"level":-1,"sound":0}],"tick":353},{"sounds":[],"tick":354},{"sounds":[{"level":-1,"sound":0}],"tick":355},{"sounds":[],"tick":356},{"sounds":[],"tick":357},{"sounds":[],"tick":358},{"sounds":[],"tick":359},{"sounds":[{"level":1543,"sound":81},{"level":-1,"sound":0}],"tick":360},{"sounds":[],"tick":361},{"sounds":[{"level":-1,"sound":0}],"tick":362},{"sounds":[],"tick":363},{"sounds":[{"level":-1,"sound":0},{"level":1541,"sound":81}],"tick":364},{"sounds":[],"tick":365},{"sounds":[],"tick":366},{"sounds":[{"level":-1,"sound":0}],"tick":367},{"sounds":[],"tick":368},{"sounds":[{"level":-1,"sound":0}],"tick":369},{"sounds":[],"tick":370},{"sounds":[],"tick":371},{"sounds":[],"tick":372},{"sounds":[{"level":-1,"sound":0},{"level":1548,"sound":81}],"tick":373},{"sounds":[{"level":-1,"sound":0},{"level":1550,"sound":81}],"tick":374},{"sounds":[],"tick":375},{"sounds":[{"level":-1,"sound":0}],"tick":376},{"sounds":[],"tick":377},{"sounds":[],"tick":378},{"sounds":[{"level":-1,"sound":0}],"tick":379},{"sounds":[],"tick":380},{"sounds":[{"level":-1,"sound":0}],"tick":381},{"sounds":[],"tick":382},{"sounds":[],"tick":383},{"sounds":[],"tick":384},{"sounds":[],"tick":385},{"sounds":[],"tick":386},{"sounds":[],"tick":387},{"sounds":[],"tick":388},{"sounds":[],"tick":389},{"sounds":[{"level":1553,"sound":81},{"level":-1,"sound":0}],"tick":390},{"sounds":[],"tick":391},{"sounds":[{"level":-1,"sound":0},{"level":1550,"sound":81}],"tick":392},{"sounds":[],"tick":393},{"sounds":[],"tick":394},{"sounds":[],"tick":395},{"sounds":[],"tick":396},{"sounds":[],"tick":397},{"sounds":[{"level":1546,"sound":81},{"level":-1,"sound":0},{"level":1548,"sound":81}],"tick":398},{"sounds":[],"tick":399},{"sounds":[],"tick":400},{"sounds":[],"tick":401},{"sounds":[],"tick":402},{"sounds":[],"tick":403},{"sounds":[],"tick":404},{"sounds":[],"tick":405},{"sounds":[],"tick":406},{"sounds":[],"tick":407},{"sounds":[{"level":-1,"sound":0}],"tick":408},{"sounds":[{"level":-1,"sound":0}],"tick":409},{"sounds":[],"tick":410},{"sounds":[{"level":-1,"sound":0}],"tick":411},{"sounds":[],"tick":412},{"sounds":[{"level":-1,"sound":0}],"tick":413},{"sounds":[],"tick":414},{"sounds":[],"tick":415},{"sounds":[{"level":-1,"sound":0}],"tick":416},{"sounds":[],"tick":417},{"sounds":[],"tick":418},{"sounds":[],"tick":419},{"sounds":[{"level":-1,"sound":0}],"tick":420},{"sounds":[],"tick":421},{"sounds":[],"tick":422},{"sounds":[{"level":-1,"sound":0}],"tick":423},{"sounds":[],"tick":424},{"sounds":[],"tick":425},{"sounds":[],"tick":426},{"sounds":[],"tick":427},{"sounds":[],"tick":428},{"sounds":[],"tick":429},{"sounds":[],"tick":430},{"sounds":[{"level":1548,"sound":81},{"level":-1,"sound":0},{"level":1541,"sound":81}],"tick":431},{"sounds":[],"tick":432},{"sounds":[{"level":-1,"sound":0}],"tick":433},{"sounds":[],"tick":434},{"sounds":[{"level":-1,"sound":0},{"level":1541,"sound":81}],"tick":435},{"sounds":[],"tick":436},{"sounds":[{"level":-1,"sound":0},{"level":1541,"sound":81}],"tick":437},{"sounds":[],"tick":438},{"sounds":[],"tick":439},{"sounds":[],"tick":440},{"sounds":[],"tick":441},{"sounds":[{"level":1541,"sound":81},{"level":-1,"sound":0}],"tick":442},{"sounds":[],"tick":443},{"sounds":[],"tick":444},{"sounds":[],"tick":445},{"sounds":[],"tick":446},{"sounds":[],"tick":447},{"sounds":[{"level":1548,"sound":81}],"tick":448},{"sounds":[],"tick":449},{"sounds":[{"level":-1,"sound":0}],"tick":450},{"sounds":[],"tick":451},{"sounds":[{"level":-1,"sound":0}],"tick":452},{"sounds":[],"tick":453},{"sounds":[],"tick":454},{"sounds":[{"level":-1,"sound":0}],"tick":455},{"sounds":[],"tick":456},{"sounds":[],"tick":457},{"sounds":[],"tick":458},{"sounds":[{"level":-1,"sound":0}],"tick":459},{"sounds":[],"tick":460},{"sounds":[{"level":-1,"sound":0}],"tick":461},{"sounds":[],"tick":462},{"sounds":[{"level":1539,"sound":81},{"level":-1,"sound":0}],"tick":463},{"sounds":[],"tick":464},{"sounds":[],"tick":465},{"sounds":[{"level":-1,"sound":0}],"tick":466},{"sounds":[],"tick":467},{"sounds":[],"tick":468},{"sounds":[],"tick":469},{"sounds":[{"level":-1,"sound":0},{"level":1550,"sound":81}],"tick":470},{"sounds":[],"tick":471},{"sounds":[{"level":-1,"sound":0},{"level":1548,"sound":81}],"tick":472},{"sounds":[],"tick":473},{"sounds":[],"tick":474},{"sounds":[{"level":-1,"sound":0},{"level":1546,"sound":81}],"tick":475},{"sounds":[],"tick":476},{"sounds":[],"tick":477},{"sounds":[{"level":-1,"sound":0}],"tick":478},{"sounds":[],"tick":479},{"sounds":[{"level":-1,"sound":0}],"tick":480},{"sounds":[],"tick":481},{"sounds":[],"tick":482},{"sounds":[],"tick":483},{"sounds":[],"tick":484},{"sounds":[],"tick":485},{"sounds":[],"tick":486},{"sounds":[],"tick":487},{"sounds":[],"tick":488},{"sounds":[],"tick":489},{"sounds":[],"tick":490},{"sounds":[],"tick":491},{"sounds":[],"tick":492},{"sounds":[{"level":-1,"sound":0},{"level":1539,"sound":81}],"tick":493},{"sounds":[],"tick":494},{"sounds":[],"tick":495},{"sounds":[],"tick":496},{"sounds":[],"tick":497},{"sounds":[{"level":-1,"sound":0}],"tick":498},{"sounds":[],"tick":499},{"sounds":[],"tick":500},{"sounds":[{"level":1546,"sound":81},{"level":-1,"sound":0}],"tick":501},{"sounds":[],"tick":502},{"sounds":[],"tick":503},{"sounds":[],"tick":504},{"sounds":[],"tick":505},{"sounds":[],"tick":506},{"sounds":[],"tick":507},{"sounds":[],"tick":508},{"sounds":[],"tick":509},{"sounds":[],"tick":510},{"sounds":[],"tick":511},{"sounds":[],"tick":512},{"sounds":[],"tick":513},{"sounds":[{"level":-1,"sound":0},{"level":1543,"sound":81}],"tick":514},{"sounds":[{"level":-1,"sound":0}],"tick":515},{"sounds":[],"tick":516},{"sounds":[],"tick":517},{"sounds":[],"tick":518},{"sounds":[{"level":-1,"sound":0},{"level":1541,"sound":81}],"tick":519},{"sounds":[],"tick":520},{"sounds":[],"tick":521},{"sounds":[{"level":-1,"sound":0}],"tick":522},{"sounds":[],"tick":523},{"sounds":[{"level":-1,"sound":0},{"level":1539,"sound":81}],"tick":524},{"sounds":[],"tick":525},{"sounds":[],"tick":526},{"sounds":[],"tick":527},{"sounds":[{"level":-1,"sound":0},{"level":1550,"sound":81}],"tick":528},{"sounds":[],"tick":529},{"sounds":[{"level":-1,"sound":0}],"tick":530},{"sounds":[],"tick":531},{"sounds":[],"tick":532},{"sounds":[],"tick":533},{"sounds":[{"level":-1,"sound":0},{"level":1551,"sound":81}],"tick":534},{"sounds":[],"tick":535},{"sounds":[],"tick":536},{"sounds":[],"tick":537},{"sounds":[{"level":-1,"sound":0}],"tick":538},{"sounds":[],"tick":539},{"sounds":[{"level":1553,"sound":81},{"level":-1,"sound":0}],"tick":540},{"sounds":[],"tick":541},{"sounds":[],"tick":542},{"sounds":[],"tick":543},{"sounds":[{"level":-1,"sound":0}],"tick":544},{"sounds":[],"tick":545},{"sounds":[],"tick":546},{"sounds":[],"tick":547},{"sounds":[{"level":1548,"sound":81},{"level":-1,"sound":0},{"level":1550,"sound":81}],"tick":548},{"sounds":[],"tick":549},{"sounds":[{"level":-1,"sound":0},{"level":1546,"sound":81}],"tick":550},{"sounds":[],"tick":551},{"sounds":[],"tick":552},{"sounds":[{"level":-1,"sound":0}],"tick":553},{"sounds":[],"tick":554},{"sounds":[{"level":-1,"sound":0}],"tick":555},{"sounds":[],"tick":556},{"sounds":[],"tick":557},{"sounds":[],"tick":558},{"sounds":[{"level":-1,"sound":0}],"tick":559},{"sounds":[],"tick":560},{"sounds":[],"tick":561},{"sounds":[{"level":-1,"sound":0}],"tick":562},{"sounds":[],"tick":563},{"sounds":[{"level":-1,"sound":0}],"tick":564},{"sounds":[],"tick":565},{"sounds":[{"level":-1,"sound":0}],"tick":566},{"sounds":[],"tick":567},{"sounds":[],"tick":568},{"sounds":[],"tick":569},{"sounds":[{"level":-1,"sound":0}],"tick":570},{"sounds":[],"tick":571},{"sounds":[{"level":-1,"sound":0}],"tick":572},{"sounds":[],"tick":573},{"sounds":[{"level":-1,"sound":0}],"tick":574},{"sounds":[],"tick":575},{"sounds":[{"level":-1,"sound":0},{"level":1541,"sound":81}],"tick":576},{"sounds":[],"tick":577},{"sounds":[{"level":1548,"sound":81},{"level":1541,"sound":81}],"tick":578},{"sounds":[],"tick":579},{"sounds":[{"level":-1,"sound":0}],"tick":580},{"sounds":[],"tick":581},{"sounds":[],"tick":582},{"sounds":[],"tick":583},{"sounds":[],"tick":584},{"sounds":[{"level":-1,"sound":0}],"tick":585},{"sounds":[],"tick":586},{"sounds":[],"tick":587},{"sounds":[],"tick":588},{"sounds":[],"tick":589},{"sounds":[],"tick":590},{"sounds":[],"tick":591},{"sounds":[{"level":1541,"sound":81}],"tick":592},{"sounds":[],"tick":593},{"sounds":[],"tick":594},{"sounds":[],"tick":595},{"sounds":[{"level":1541,"sound":81}],"tick":596},{"sounds":[],"tick":597},{"sounds":[],"tick":598},{"sounds":[],"tick":599},{"sounds":[{"level":1550,"sound":81},{"level":-1,"sound":0}],"tick":600},{"sounds":[],"tick":601},{"sounds":[],"tick":602},{"sounds":[],"tick":603},{"sounds":[],"tick":604},{"sounds":[],"tick":605},{"sounds":[{"level":1553,"sound":81},{"level":-1,"sound":0}],"tick":606},{"sounds":[],"tick":607},{"sounds":[{"level":-1,"sound":0}],"tick":608},{"sounds":[],"tick":609},{"sounds":[],"tick":610},{"sounds":[{"level":-1,"sound":0}],"tick":611},{"sounds":[],"tick":612},{"sounds":[],"tick":613},{"sounds":[],"tick":614},{"sounds":[{"level":-1,"sound":0}],"tick":615},{"sounds":[],"tick":616},{"sounds":[],"tick":617},{"sounds":[],"tick":618},{"sounds":[{"level":-1,"sound":0}],"tick":619},{"sounds":[],"tick":620},{"sounds":[{"level":-1,"sound":0}],"tick":621},{"sounds":[],"tick":622},{"sounds":[{"level":-1,"sound":0},{"level":1560,"sound":81}],"tick":623},{"sounds":[],"tick":624},{"sounds":[],"tick":625},{"sounds":[],"tick":626},{"sounds":[{"level":1558,"sound":81}],"tick":627},{"sounds":[],"tick":628},{"sounds":[],"tick":629},{"sounds":[],"tick":630},{"sounds":[],"tick":631},{"sounds":[{"level":-1,"sound":0}],"tick":632},{"sounds":[],"tick":633},{"sounds":[{"level":-1,"sound":0}],"tick":634},{"sounds":[{"level":-1,"sound":0}],"tick":635},{"sounds":[],"tick":636},{"sounds":[],"tick":637},{"sounds":[],"tick":638},{"sounds":[{"level":-1,"sound":0}],"tick":639},{"sounds":[{"level":-1,"sound":0}],"tick":640},{"sounds":[],"tick":641},{"sounds":[{"level":-1,"sound":0}],"tick":642},{"sounds":[],"tick":643},{"sounds":[{"level":-1,"sound":0}],"tick":644},{"sounds":[],"tick":645},{"sounds":[{"level":-1,"sound":0}],"tick":646},{"sounds":[],"tick":647},{"sounds":[],"tick":648},{"sounds":[],"tick":649},{"sounds":[],"tick":650},{"sounds":[{"level":-1,"sound":0}],"tick":651},{"sounds":[],"tick":652},{"sounds":[],"tick":653},{"sounds":[{"level":1558,"sound":81}],"tick":654},{"sounds":[],"tick":655},{"sounds":[],"tick":656},{"sounds":[],"tick":657},{"sounds":[],"tick":658},{"sounds":[],"tick":659},{"sounds":[],"tick":660},{"sounds":[],"tick":661},{"sounds":[],"tick":662},{"sounds":[],"tick":663},{"sounds":[{"level":-1,"sound":0}],"tick":664},{"sounds":[],"tick":665},{"sounds":[{"level":1555,"sound":81},{"level":-1,"sound":0}],"tick":666},{"sounds":[],"tick":667},{"sounds":[],"tick":668},{"sounds":[{"level":-1,"sound":0},{"level":1553,"sound":81}],"tick":669},{"sounds":[],"tick":670},{"sounds":[],"tick":671},{"sounds":[{"level":-1,"sound":0}],"tick":672},{"sounds":[],"tick":673},{"sounds":[],"tick":674},{"sounds":[],"tick":675},{"sounds":[],"tick":676},{"sounds":[{"level":-1,"sound":0}],"tick":677},{"sounds":[],"tick":678},{"sounds":[],"tick":679},{"sounds":[{"level":-1,"sound":0}],"tick":680},{"sounds":[],"tick":681},{"sounds":[{"level":-1,"sound":0}],"tick":682},{"sounds":[],"tick":683},{"sounds":[],"tick":684},{"sounds":[],"tick":685},{"sounds":[],"tick":686},{"sounds":[{"level":-1,"sound":0}],"tick":687},{"sounds":[],"tick":688},{"sounds":[],"tick":689},{"sounds":[],"tick":690},{"sounds":[],"tick":691},{"sounds":[],"tick":692},{"sounds":[],"tick":693},{"sounds":[],"tick":694},{"sounds":[],"tick":695},{"sounds":[],"tick":696},{"sounds":[],"tick":697},{"sounds":[],"tick":698},{"sounds":[{"level":-1,"sound":0}],"tick":699},{"sounds":[],"tick":700},{"sounds":[],"tick":701},{"sounds":[],"tick":702},{"sounds":[],"tick":703},{"sounds":[],"tick":704},{"sounds":[],"tick":705},{"sounds":[],"tick":706},{"sounds":[{"level":1541,"sound":81},{"level":1558,"sound":81},{"level":-1,"sound":0},{"level":1560,"sound":81}],"tick":707},{"sounds":[],"tick":708},{"sounds":[],"tick":709},{"sounds":[{"level":-1,"sound":0}],"tick":710},{"sounds":[],"tick":711},{"sounds":[],"tick":712},{"sounds":[{"level":-1,"sound":0}],"tick":713},{"sounds":[],"tick":714},{"sounds":[],"tick":715},{"sounds":[],"tick":716},{"sounds":[{"level":-1,"sound":0}],"tick":717},{"sounds":[],"tick":718},{"sounds":[],"tick":719},{"sounds":[{"level":-1,"sound":0}],"tick":720},{"sounds":[],"tick":721},{"sounds":[],"tick":722},{"sounds":[],"tick":723},{"sounds":[{"level":-1,"sound":0}],"tick":724},{"sounds":[],"tick":725},{"sounds":[],"tick":726},{"sounds":[],"tick":727},{"sounds":[],"tick":728},{"sounds":[{"level":1541,"sound":81}],"tick":729},{"sounds":[],"tick":730},{"sounds":[],"tick":731},{"sounds":[],"tick":732},{"sounds":[],"tick":733},{"sounds":[{"level":1560,"sound":81},{"level":-1,"sound":0},{"level":1541,"sound":81}],"tick":734},{"sounds":[],"tick":735},{"sounds":[{"level":-1,"sound":0}],"tick":736},{"sounds":[],"tick":737},{"sounds":[],"tick":738},{"sounds":[],"tick":739},{"sounds":[],"tick":740},{"sounds":[{"level":-1,"sound":0},{"level":1553,"sound":81}],"tick":741},{"sounds":[],"tick":742},{"sounds":[{"level":-1,"sound":0},{"level":1541,"sound":81}],"tick":743},{"sounds":[],"tick":744},{"sounds":[],"tick":745},{"sounds":[],"tick":746},{"sounds":[],"tick":747},{"sounds":[{"level":1553,"sound":81},{"level":-1,"sound":0}],"tick":748},{"sounds":[],"tick":749},{"sounds":[],"tick":750},{"sounds":[{"level":1560,"sound":81},{"level":-1,"sound":0}],"tick":751},{"sounds":[],"tick":752},{"sounds":[],"tick":753},{"sounds":[],"tick":754},{"sounds":[{"level":-1,"sound":0}],"tick":755},{"sounds":[],"tick":756},{"sounds":[{"level":-1,"sound":0}],"tick":757},{"sounds":[],"tick":758},{"sounds":[],"tick":759},{"sounds":[],"tick":760},{"sounds":[{"level":-1,"sound":0}],"tick":761},{"sounds":[],"tick":762},{"sounds":[],"tick":763},{"sounds":[],"tick":764},{"sounds":[{"level":-1,"sound":0}],"tick":765},{"sounds":[],"tick":766},{"sounds":[{"level":-1,"sound":0}],"tick":767},{"sounds":[],"tick":768},{"sounds":[],"tick":769},{"sounds":[],"tick":770},{"sounds":[{"level":-1,"sound":0}],"tick":771},{"sounds":[],"tick":772},{"sounds":[{"level":-1,"sound":0}],"tick":773},{"sounds":[],"tick":774},{"sounds":[],"tick":775},{"sounds":[],"tick":776},{"sounds":[{"level":1558,"sound":81},{"level":-1,"sound":0},{"level":1560,"sound":81}],"tick":777},{"sounds":[],"tick":778},{"sounds":[{"level":-1,"sound":0}],"tick":779},{"sounds":[],"tick":780},{"sounds":[],"tick":781},{"sounds":[],"tick":782},{"sounds":[{"level":-1,"sound":0}],"tick":783},{"sounds":[],"tick":784},{"sounds":[],"tick":785},{"sounds":[],"tick":786},{"sounds":[{"level":-1,"sound":0},{"level":1539,"sound":81}],"tick":787},{"sounds":[],"tick":788},{"sounds":[],"tick":789},{"sounds":[],"tick":790},{"sounds":[],"tick":791},{"sounds":[],"tick":792},{"sounds":[],"tick":793},{"sounds":[{"level":-1,"sound":0}],"tick":794},{"sounds":[{"level":-1,"sound":0}],"tick":795},{"sounds":[],"tick":796},{"sounds":[],"tick":797},{"sounds":[],"tick":798},{"sounds":[],"tick":799},{"sounds":[],"tick":800},{"sounds":[{"level":-1,"sound":0}],"tick":801},{"sounds":[],"tick":802},{"sounds":[],"tick":803},{"sounds":[],"tick":804},{"sounds":[{"level":-1,"sound":0}],"tick":805},{"sounds":[{"level":1558,"sound":81},{"level":-1,"sound":0}],"tick":806},{"sounds":[],"tick":807},{"sounds":[],"tick":808},{"sounds":[],"tick":809},{"sounds":[],"tick":810},{"sounds":[],"tick":811},{"sounds":[{"level":-1,"sound":0}],"tick":812},{"sounds":[],"tick":813},{"sounds":[{"level":1555,"sound":81},{"level":-1,"sound":0}],"tick":814},{"sounds":[],"tick":815},{"sounds":[{"level":-1,"sound":0}],"tick":816},{"sounds":[],"tick":817},{"sounds":[{"level":-1,"sound":0}],"tick":818},{"sounds":[],"tick":819},{"sounds":[],"tick":820},{"sounds":[],"tick":821},{"sounds":[{"level":-1,"sound":0}],"tick":822},{"sounds":[],"tick":823},{"sounds":[{"level":-1,"sound":0},{"level":1539,"sound":81}],"tick":824},{"sounds":[],"tick":825},{"sounds":[],"tick":826},{"sounds":[],"tick":827},{"sounds":[{"level":-1,"sound":0}],"tick":828},{"sounds":[],"tick":829},{"sounds":[{"level":-1,"sound":0}],"tick":830},{"sounds":[],"tick":831},{"sounds":[],"tick":832},{"sounds":[],"tick":833},{"sounds":[{"level":-1,"sound":0}],"tick":834},{"sounds":[],"tick":835},{"sounds":[{"level":-1,"sound":0}],"tick":836},{"sounds":[],"tick":837},{"sounds":[{"level":-1,"sound":0}],"tick":838},{"sounds":[],"tick":839},{"sounds":[{"level":-1,"sound":0}],"tick":840},{"sounds":[{"level":-1,"sound":0}],"tick":841},{"sounds":[{"level":-1,"sound":0}],"tick":842},{"sounds":[],"tick":843},{"sounds":[],"tick":844},{"sounds":[],"tick":845},{"sounds":[{"level":-1,"sound":0}],"tick":846},{"sounds":[],"tick":847},{"sounds":[],"tick":848},{"sounds":[{"level":-1,"sound":0}],"tick":849},{"sounds":[],"tick":850},{"sounds":[{"level":-1,"sound":0},{"level":1560,"sound":81}],"tick":851},{"sounds":[],"tick":852},{"sounds":[],"tick":853},{"sounds":[{"level":-1,"sound":0},{"level":1541,"sound":81},{"level":1558,"sound":81}],"tick":854},{"sounds":[],"tick":855},{"sounds":[],"tick":856},{"sounds":[],"tick":857},{"sounds":[{"level":-1,"sound":0}],"tick":858},{"sounds":[{"level":-1,"sound":0}],"tick":859},{"sounds":[],"tick":860},{"sounds":[{"level":-1,"sound":0}],"tick":861},{"sounds":[],"tick":862},{"sounds":[{"level":-1,"sound":0}],"tick":863},{"sounds":[],"tick":864},{"sounds":[],"tick":865},{"sounds":[],"tick":866},{"sounds":[{"level":-1,"sound":0}],"tick":867},{"sounds":[],"tick":868},{"sounds":[],"tick":869},{"sounds":[{"level":-1,"sound":0}],"tick":870},{"sounds":[{"level":-1,"sound":0}],"tick":871},{"sounds":[],"tick":872},{"sounds":[],"tick":873},{"sounds":[],"tick":874},{"sounds":[{"level":-1,"sound":0}],"tick":875},{"sounds":[],"tick":876},{"sounds":[{"level":-1,"sound":0}],"tick":877},{"sounds":[],"tick":878},{"sounds":[],"tick":879},{"sounds":[{"level":-1,"sound":0},{"level":1541,"sound":81}],"tick":880},{"sounds":[{"level":-1,"sound":0},{"level":1560,"sound":81},{"level":1541,"sound":81}],"tick":881},{"sounds":[],"tick":882},{"sounds":[],"tick":883},{"sounds":[],"tick":884},{"sounds":[{"level":-1,"sound":0}],"tick":885},{"sounds":[],"tick":886},{"sounds":[{"level":-1,"sound":0}],"tick":887},{"sounds":[],"tick":888},{"sounds":[],"tick":889},{"sounds":[],"tick":890},{"sounds":[{"level":1553,"sound":81}],"tick":891},{"sounds":[],"tick":892},{"sounds":[],"tick":893},{"sounds":[],"tick":894},{"sounds":[],"tick":895},{"sounds":[{"level":-1,"sound":0}],"tick":896},{"sounds":[{"level":1541,"sound":81}],"tick":897},{"sounds":[],"tick":898},{"sounds":[],"tick":899},{"sounds":[],"tick":900},{"sounds":[],"tick":901},{"sounds":[{"level":1560,"sound":81}],"tick":902},{"sounds":[],"tick":903},{"sounds":[{"level":-1,"sound":0}],"tick":904},{"sounds":[],"tick":905},{"sounds":[],"tick":906},{"sounds":[{"level":-1,"sound":0},{"level":1553,"sound":81}],"tick":907},{"sounds":[],"tick":908},{"sounds":[],"tick":909},{"sounds":[],"tick":910},{"sounds":[{"level":-1,"sound":0}],"tick":911},{"sounds":[],"tick":912},{"sounds":[],"tick":913},{"sounds":[{"level":-1,"sound":0}],"tick":914},{"sounds":[],"tick":915},{"sounds":[{"level":-1,"sound":0},{"level":1541,"sound":81}],"tick":916},{"sounds":[],"tick":917},{"sounds":[],"tick":918},{"sounds":[],"tick":919},{"sounds":[{"level":-1,"sound":0}],"tick":920},{"sounds":[{"level":-1,"sound":0}],"tick":921},{"sounds":[],"tick":922},{"sounds":[],"tick":923},{"sounds":[],"tick":924},{"sounds":[{"level":-1,"sound":0}],"tick":925},{"sounds":[],"tick":926},{"sounds":[{"level":-1,"sound":0}],"tick":927},{"sounds":[],"tick":928},{"sounds":[{"level":-1,"sound":0}],"tick":929},{"sounds":[],"tick":930},{"sounds":[{"level":-1,"sound":0}],"tick":931},{"sounds":[],"tick":932},{"sounds":[{"level":-1,"sound":0}],"tick":933},{"sounds":[],"tick":934},{"sounds":[],"tick":935},{"sounds":[{"level":-1,"sound":0},{"level":1541,"sound":81}],"tick":936},{"sounds":[],"tick":937},{"sounds":[{"level":-1,"sound":0}],"tick":938},{"sounds":[],"tick":939},{"sounds":[],"tick":940},{"sounds":[{"level":-1,"sound":0}],"tick":941},{"sounds":[],"tick":942},{"sounds":[{"level":-1,"sound":0}],"tick":943},{"sounds":[],"tick":944},{"sounds":[],"tick":945},{"sounds":[],"tick":946},{"sounds":[],"tick":947},{"sounds":[],"tick":948},{"sounds":[],"tick":949},{"sounds":[{"level":-1,"sound":0},{"level":1550,"sound":81}],"tick":950},{"sounds":[],"tick":951},{"sounds":[],"tick":952},{"sounds":[],"tick":953},{"sounds":[{"level":-1,"sound":0}],"tick":954},{"sounds":[],"tick":955},{"sounds":[{"level":-1,"sound":0}],"tick":956},{"sounds":[],"tick":957},{"sounds":[{"level":-1,"sound":0}],"tick":958},{"sounds":[{"level":-1,"sound":0}],"tick":959},{"sounds":[],"tick":960},{"sounds":[],"tick":961},{"sounds":[],"tick":962},{"sounds":[{"level":-1,"sound":0}],"tick":963},{"sounds":[],"tick":964},{"sounds":[{"level":-1,"sound":0}],"tick":965},{"sounds":[],"tick":966},{"sounds":[],"tick":967},{"sounds":[],"tick":968},{"sounds":[{"level":-1,"sound":0}],"tick":969},{"sounds":[],"tick":970},{"sounds":[],"tick":971},{"sounds":[],"tick":972},{"sounds":[{"level":-1,"sound":0}],"tick":973},{"sounds":[],"tick":974},{"sounds":[{"level":-1,"sound":0},{"level":1541,"sound":81}],"tick":975},{"sounds":[],"tick":976},{"sounds":[],"tick":977},{"sounds":[{"level":-1,"sound":0}],"tick":978},{"sounds":[],"tick":979},{"sounds":[{"level":-1,"sound":0}],"tick":980},{"sounds":[],"tick":981},{"sounds":[],"tick":982},{"sounds":[{"level":1558,"sound":81}],"tick":983},{"sounds":[],"tick":984},{"sounds":[{"level":-1,"sound":0}],"tick":985},{"sounds":[],"tick":986},{"sounds":[{"level":-1,"sound":0}],"tick":987},{"sounds":[],"tick":988},{"sounds":[{"level":1539,"sound":81}],"tick":989},{"sounds":[],"tick":990},{"sounds":[],"tick":991},{"sounds":[],"tick":992},{"sounds":[],"tick":993},{"sounds":[{"level":1558,"sound":81},{"level":-1,"sound":0}],"tick":994},{"sounds":[],"tick":995},{"sounds":[],"tick":996},{"sounds":[],"tick":997},{"sounds":[],"tick":998},{"sounds":[],"tick":999},{"sounds":[],"tick":1000},{"sounds":[],"tick":1001},{"sounds":[{"level":1560,"sound":81}],"tick":1002},{"sounds":[{"level":-1,"sound":0}],"tick":1003},{"sounds":[],"tick":1004},{"sounds":[],"tick":1005},{"sounds":[],"tick":1006},{"sounds":[],"tick":1007},{"sounds":[],"tick":1008},{"sounds":[],"tick":1009},{"sounds":[{"level":-1,"sound":0}],"tick":1010},{"sounds":[],"tick":1011},{"sounds":[],"tick":1012},{"sounds":[{"level":-1,"sound":0}],"tick":1013},{"sounds":[],"tick":1014},{"sounds":[],"tick":1015},{"sounds":[{"level":-1,"sound":0}],"tick":1016},{"sounds":[],"tick":1017},{"sounds":[{"level":-1,"sound":0}],"tick":1018},{"sounds":[],"tick":1019},{"sounds":[],"tick":1020},{"sounds":[],"tick":1021},{"sounds":[{"level":-1,"sound":0}],"tick":1022},{"sounds":[],"tick":1023},{"sounds":[{"level":-1,"sound":0}],"tick":1024},{"sounds":[],"tick":1025},{"sounds":[{"level":1536,"sound":81},{"level":-1,"sound":0}],"tick":1026},{"sounds":[],"tick":1027},{"sounds":[],"tick":1028},{"sounds":[],"tick":1029},{"sounds":[],"tick":1030},{"sounds":[{"level":1541,"sound":81},{"level":-1,"sound":0}],"tick":1031},{"sounds":[],"tick":1032},{"sounds":[],"tick":1033},{"sounds":[],"tick":1034},{"sounds":[{"level":1541,"sound":81},{"level":-1,"sound":0}],"tick":1035},{"sounds":[],"tick":1036},{"sounds":[{"level":-1,"sound":0},{"level":1536,"sound":81}],"tick":1037},{"sounds":[],"tick":1038},{"sounds":[{"level":-1,"sound":0}],"tick":1039},{"sounds":[{"level":-1,"sound":0}],"tick":1040},{"sounds":[],"tick":1041},{"sounds":[],"tick":1042},{"sounds":[{"level":-1,"sound":0},{"level":1536,"sound":81}],"tick":1043},{"sounds":[],"tick":1044},{"sounds":[],"tick":1045},{"sounds":[{"level":-1,"sound":0}],"tick":1046},{"sounds":[],"tick":1047},{"sounds":[],"tick":1048},{"sounds":[{"level":-1,"sound":0}],"tick":1049},{"sounds":[],"tick":1050},{"sounds":[{"level":-1,"sound":0}],"tick":1051},{"sounds":[],"tick":1052},{"sounds":[{"level":-1,"sound":0}],"tick":1053},{"sounds":[],"tick":1054},{"sounds":[],"tick":1055},{"sounds":[{"level":-1,"sound":0},{"level":1536,"sound":81}],"tick":1056},{"sounds":[],"tick":1057},{"sounds":[],"tick":1058},{"sounds":[{"level":-1,"sound":0}],"tick":1059},{"sounds":[],"tick":1060},{"sounds":[],"tick":1061},{"sounds":[{"level":-1,"sound":0}],"tick":1062},{"sounds":[],"tick":1063},{"sounds":[{"level":1550,"sound":81},{"level":-1,"sound":0}],"tick":1064},{"sounds":[],"tick":1065},{"sounds":[],"tick":1066},{"sounds":[],"tick":1067},{"sounds":[],"tick":1068},{"sounds":[{"level":-1,"sound":0}],"tick":1069},{"sounds":[],"tick":1070},{"sounds":[{"level":-1,"sound":0}],"tick":1071},{"sounds":[],"tick":1072},{"sounds":[],"tick":1073},{"sounds":[{"level":-1,"sound":0}],"tick":1074},{"sounds":[],"tick":1075},{"sounds":[{"level":-1,"sound":0}],"tick":1076},{"sounds":[],"tick":1077},{"sounds":[],"tick":1078},{"sounds":[],"tick":1079},{"sounds":[{"level":-1,"sound":0}],"tick":1080},{"sounds":[],"tick":1081},{"sounds":[{"level":-1,"sound":0}],"tick":1082},{"sounds":[],"tick":1083},{"sounds":[{"level":-1,"sound":0}],"tick":1084},{"sounds":[],"tick":1085},{"sounds":[{"level":-1,"sound":0}],"tick":1086},{"sounds":[],"tick":1087},{"sounds":[],"tick":1088},{"sounds":[],"tick":1089},{"sounds":[{"level":1541,"sound":81}],"tick":1090},{"sounds":[],"tick":1091},{"sounds":[],"tick":1092},{"sounds":[{"level":1543,"sound":81}],"tick":1093},{"sounds":[],"tick":1094},{"sounds":[],"tick":1095},{"sounds":[],"tick":1096},{"sounds":[{"level":1541,"sound":81}],"tick":1097},{"sounds":[],"tick":1098},{"sounds":[],"tick":1099},{"sounds":[],"tick":1100},{"sounds":[],"tick":1101},{"sounds":[{"level":-1,"sound":0}],"tick":1102},{"sounds":[],"tick":1103},{"sounds":[{"level":-1,"sound":0},{"level":1550,"sound":81}],"tick":1104},{"sounds":[],"tick":1105},{"sounds":[],"tick":1106},{"sounds":[],"tick":1107},{"sounds":[{"level":-1,"sound":0}],"tick":1108},{"sounds":[],"tick":1109},{"sounds":[],"tick":1110},{"sounds":[{"level":-1,"sound":0}],"tick":1111},{"sounds":[],"tick":1112},{"sounds":[{"level":-1,"sound":0}],"tick":1113},{"sounds":[],"tick":1114},{"sounds":[{"level":-1,"sound":0}],"tick":1115},{"sounds":[],"tick":1116},{"sounds":[],"tick":1117},{"sounds":[{"level":-1,"sound":0}],"tick":1118},{"sounds":[],"tick":1119},{"sounds":[],"tick":1120},{"sounds":[],"tick":1121},{"sounds":[{"level":-1,"sound":0}],"tick":1122},{"sounds":[],"tick":1123},{"sounds":[],"tick":1124},{"sounds":[{"level":-1,"sound":0}],"tick":1125},{"sounds":[],"tick":1126},{"sounds":[{"level":-1,"sound":0},{"level":1541,"sound":81}],"tick":1127},{"sounds":[],"tick":1128},{"sounds":[],"tick":1129},{"sounds":[{"level":-1,"sound":0}],"tick":1130},{"sounds":[],"tick":1131},{"sounds":[{"level":1543,"sound":81}],"tick":1132},{"sounds":[],"tick":1133},{"sounds":[{"level":1538,"sound":81}],"tick":1134},{"sounds":[],"tick":1135},{"sounds":[],"tick":1136},{"sounds":[],"tick":1137},{"sounds":[],"tick":1138},{"sounds":[{"level":-1,"sound":0}],"tick":1139},{"sounds":[],"tick":1140},{"sounds":[],"tick":1141},{"sounds":[],"tick":1142},{"sounds":[{"level":-1,"sound":0}],"tick":1143},{"sounds":[],"tick":1144},{"sounds":[{"level":-1,"sound":0},{"level":1536,"sound":81}],"tick":1145},{"sounds":[],"tick":1146},{"sounds":[{"level":-1,"sound":0}],"tick":1147},{"sounds":[],"tick":1148},{"sounds":[{"level":1536,"sound":81}],"tick":1149},{"sounds":[],"tick":1150},{"sounds":[],"tick":1151},{"sounds":[{"level":-1,"sound":0}],"tick":1152},{"sounds":[],"tick":1153},{"sounds":[{"level":1550,"sound":81},{"level":-1,"sound":0}],"tick":1154},{"sounds":[],"tick":1155},{"sounds":[],"tick":1156},{"sounds":[{"level":-1,"sound":0}],"tick":1157},{"sounds":[],"tick":1158},{"sounds":[],"tick":1159},{"sounds":[],"tick":1160},{"sounds":[{"level":-1,"sound":0}],"tick":1161},{"sounds":[],"tick":1162},{"sounds":[{"level":-1,"sound":0}],"tick":1163},{"sounds":[],"tick":1164},{"sounds":[],"tick":1165},{"sounds":[],"tick":1166},{"sounds":[{"level":-1,"sound":0}],"tick":1167},{"sounds":[],"tick":1168},{"sounds":[{"level":-1,"sound":0}],"tick":1169},{"sounds":[],"tick":1170},{"sounds":[{"level":-1,"sound":0}],"tick":1171},{"sounds":[],"tick":1172},{"sounds":[{"level":1548,"sound":81},{"level":-1,"sound":0}],"tick":1173},{"sounds":[],"tick":1174},{"sounds":[],"tick":1175},{"sounds":[],"tick":1176},{"sounds":[{"level":-1,"sound":0}],"tick":1177},{"sounds":[],"tick":1178},{"sounds":[{"level":-1,"sound":0}],"tick":1179},{"sounds":[],"tick":1180},{"sounds":[],"tick":1181},{"sounds":[{"level":-1,"sound":0}],"tick":1182},{"sounds":[],"tick":1183},{"sounds":[{"level":-1,"sound":0},{"level":1541,"sound":81}],"tick":1184},{"sounds":[],"tick":1185},{"sounds":[{"level":-1,"sound":0}],"tick":1186},{"sounds":[],"tick":1187},{"sounds":[],"tick":1188},{"sounds":[],"tick":1189},{"sounds":[{"level":-1,"sound":0},{"level":1536,"sound":81}],"tick":1190},{"sounds":[],"tick":1191},{"sounds":[],"tick":1192},{"sounds":[],"tick":1193},{"sounds":[],"tick":1194},{"sounds":[],"tick":1195},{"sounds":[],"tick":1196},{"sounds":[],"tick":1197},{"sounds":[{"level":1536,"sound":81},{"level":-1,"sound":0}],"tick":1198},{"sounds":[],"tick":1199},{"sounds":[{"level":-1,"sound":0}],"tick":1200},{"sounds":[],"tick":1201},{"sounds":[],"tick":1202},{"sounds":[{"level":-1,"sound":0}],"tick":1203},{"sounds":[],"tick":1204},{"sounds":[],"tick":1205},{"sounds":[],"tick":1206},{"sounds":[{"level":1536,"sound":81},{"level":-1,"sound":0}],"tick":1207},{"sounds":[],"tick":1208},{"sounds":[{"level":-1,"sound":0}],"tick":1209},{"sounds":[],"tick":1210},{"sounds":[{"level":1538,"sound":81}],"tick":1211},{"sounds":[],"tick":1212},{"sounds":[],"tick":1213},{"sounds":[{"level":-1,"sound":0}],"tick":1214},{"sounds":[],"tick":1215},{"sounds":[],"tick":1216},{"sounds":[{"level":1536,"sound":81},{"level":-1,"sound":0}],"tick":1217},{"sounds":[],"tick":1218},{"sounds":[{"level":-1,"sound":0}],"tick":1219},{"sounds":[],"tick":1220},{"sounds":[],"tick":1221},{"sounds":[{"level":-1,"sound":0}],"tick":1222},{"sounds":[{"level":-1,"sound":0}],"tick":1223},{"sounds":[],"tick":1224},{"sounds":[],"tick":1225},{"sounds":[],"tick":1226},{"sounds":[{"level":-1,"sound":0},{"level":1539,"sound":81}],"tick":1227},{"sounds":[],"tick":1228},{"sounds":[],"tick":1229},{"sounds":[{"level":-1,"sound":0}],"tick":1230},{"sounds":[],"tick":1231},{"sounds":[{"level":1550,"sound":81}],"tick":1232},{"sounds":[],"tick":1233},{"sounds":[{"level":-1,"sound":0}],"tick":1234},{"sounds":[],"tick":1235},{"sounds":[{"level":-1,"sound":0}],"tick":1236},{"sounds":[],"tick":1237},{"sounds":[],"tick":1238},{"sounds":[],"tick":1239},{"sounds":[{"level":-1,"sound":0}],"tick":1240},{"sounds":[],"tick":1241},{"sounds":[{"level":-1,"sound":0},{"level":1548,"sound":81}],"tick":1242},{"sounds":[],"tick":1243},{"sounds":[{"level":-1,"sound":0},{"level":1546,"sound":81}],"tick":1244},{"sounds":[],"tick":1245},{"sounds":[],"tick":1246},{"sounds":[{"level":-1,"sound":0}],"tick":1247},{"sounds":[],"tick":1248},{"sounds":[],"tick":1249},{"sounds":[{"level":-1,"sound":0}],"tick":1250},{"sounds":[],"tick":1251},{"sounds":[{"level":-1,"sound":0},{"level":1548,"sound":81}],"tick":1252},{"sounds":[],"tick":1253},{"sounds":[],"tick":1254},{"sounds":[{"level":-1,"sound":0}],"tick":1255},{"sounds":[],"tick":1256},{"sounds":[],"tick":1257},{"sounds":[{"level":-1,"sound":0}],"tick":1258},{"sounds":[],"tick":1259},{"sounds":[{"level":-1,"sound":0},{"level":1550,"sound":81}],"tick":1260},{"sounds":[],"tick":1261},{"sounds":[],"tick":1262},{"sounds":[],"tick":1263},{"sounds":[],"tick":1264},{"sounds":[{"level":1539,"sound":81},{"level":-1,"sound":0}],"tick":1265},{"sounds":[],"tick":1266},{"sounds":[{"level":-1,"sound":0}],"tick":1267},{"sounds":[],"tick":1268},{"sounds":[],"tick":1269},{"sounds":[],"tick":1270},{"sounds":[{"level":-1,"sound":0},{"level":1553,"sound":81}],"tick":1271},{"sounds":[],"tick":1272},{"sounds":[{"level":1550,"sound":81}],"tick":1273},{"sounds":[],"tick":1274},{"sounds":[],"tick":1275},{"sounds":[{"level":-1,"sound":0}],"tick":1276},{"sounds":[],"tick":1277},{"sounds":[],"tick":1278},{"sounds":[{"level":-1,"sound":0},{"level":1548,"sound":81}],"tick":1279},{"sounds":[],"tick":1280},{"sounds":[{"level":-1,"sound":0}],"tick":1281},{"sounds":[],"tick":1282},{"sounds":[{"level":-1,"sound":0},{"level":1546,"sound":81}],"tick":1283},{"sounds":[],"tick":1284},{"sounds":[],"tick":1285},{"sounds":[],"tick":1286},{"sounds":[{"level":-1,"sound":0}],"tick":1287},{"sounds":[],"tick":1288},{"sounds":[{"level":-1,"sound":0}],"tick":1289},{"sounds":[],"tick":1290},{"sounds":[],"tick":1291},{"sounds":[],"tick":1292},{"sounds":[],"tick":1293},{"sounds":[],"tick":1294},{"sounds":[],"tick":1295},{"sounds":[],"tick":1296},{"sounds":[],"tick":1297},{"sounds":[],"tick":1298},{"sounds":[{"level":1550,"sound":81},{"level":-1,"sound":0},{"level":1548,"sound":81}],"tick":1299},{"sounds":[],"tick":1300},{"sounds":[],"tick":1301},{"sounds":[{"level":-1,"sound":0}],"tick":1302},{"sounds":[],"tick":1303},{"sounds":[{"level":-1,"sound":0}],"tick":1304},{"sounds":[],"tick":1305},{"sounds":[],"tick":1306},{"sounds":[{"level":-1,"sound":0},{"level":1553,"sound":81}],"tick":1307},{"sounds":[{"level":-1,"sound":0}],"tick":1308},{"sounds":[],"tick":1309},{"sounds":[],"tick":1310},{"sounds":[],"tick":1311},{"sounds":[{"level":-1,"sound":0}],"tick":1312},{"sounds":[{"level":-1,"sound":0}],"tick":1313},{"sounds":[],"tick":1314},{"sounds":[],"tick":1315},{"sounds":[],"tick":1316},{"sounds":[{"level":-1,"sound":0},{"level":1548,"sound":81}],"tick":1317},{"sounds":[],"tick":1318},{"sounds":[],"tick":1319},{"sounds":[],"tick":1320},{"sounds":[{"level":-1,"sound":0}],"tick":1321},{"sounds":[],"tick":1322},{"sounds":[],"tick":1323},{"sounds":[],"tick":1324},{"sounds":[],"tick":1325},{"sounds":[],"tick":1326},{"sounds":[],"tick":1327},{"sounds":[],"tick":1328},{"sounds":[{"level":-1,"sound":0}],"tick":1329},{"sounds":[],"tick":1330},{"sounds":[{"level":1560,"sound":81},{"level":-1,"sound":0}],"tick":1331},{"sounds":[],"tick":1332},{"sounds":[],"tick":1333},{"sounds":[{"level":-1,"sound":0}],"tick":1334},{"sounds":[],"tick":1335},{"sounds":[{"level":-1,"sound":0},{"level":1541,"sound":81}],"tick":1336},{"sounds":[],"tick":1337},{"sounds":[{"level":-1,"sound":0}],"tick":1338},{"sounds":[],"tick":1339},{"sounds":[],"tick":1340},{"sounds":[],"tick":1341},{"sounds":[{"level":-1,"sound":0}],"tick":1342},{"sounds":[],"tick":1343},{"sounds":[{"level":-1,"sound":0}],"tick":1344},{"sounds":[],"tick":1345},{"sounds":[],"tick":1346},{"sounds":[{"level":-1,"sound":0}],"tick":1347},{"sounds":[],"tick":1348},{"sounds":[{"level":-1,"sound":0}],"tick":1349},{"sounds":[],"tick":1350},{"sounds":[],"tick":1351},{"sounds":[],"tick":1352},{"sounds":[{"level":-1,"sound":0}],"tick":1353},{"sounds":[{"level":-1,"sound":0},{"level":1555,"sound":81}],"tick":1354},{"sounds":[],"tick":1355},{"sounds":[],"tick":1356},{"sounds":[],"tick":1357},{"sounds":[{"level":-1,"sound":0}],"tick":1358},{"sounds":[],"tick":1359},{"sounds":[],"tick":1360},{"sounds":[],"tick":1361},{"sounds":[{"level":-1,"sound":0},{"level":1550,"sound":81}],"tick":1362},{"sounds":[],"tick":1363},{"sounds":[{"level":-1,"sound":0}],"tick":1364},{"sounds":[],"tick":1365},{"sounds":[],"tick":1366},{"sounds":[{"level":-1,"sound":0},{"level":1548,"sound":81}],"tick":1367},{"sounds":[],"tick":1368},{"sounds":[{"level":-1,"sound":0}],"tick":1369},{"sounds":[],"tick":1370},{"sounds":[],"tick":1371},{"sounds":[],"tick":1372},{"sounds":[{"level":1546,"sound":81},{"level":-1,"sound":0}],"tick":1373},{"sounds":[],"tick":1374},{"sounds":[{"level":-1,"sound":0}],"tick":1375},{"sounds":[],"tick":1376},{"sounds":[],"tick":1377},{"sounds":[],"tick":1378},{"sounds":[{"level":-1,"sound":0}],"tick":1379},{"sounds":[],"tick":1380},{"sounds":[{"level":-1,"sound":0}],"tick":1381},{"sounds":[],"tick":1382},{"sounds":[],"tick":1383},{"sounds":[{"level":-1,"sound":0},{"level":1553,"sound":81}],"tick":1384},{"sounds":[],"tick":1385},{"sounds":[],"tick":1386},{"sounds":[],"tick":1387},{"sounds":[{"level":-1,"sound":0}],"tick":1388},{"sounds":[],"tick":1389},{"sounds":[],"tick":1390},{"sounds":[],"tick":1391},{"sounds":[{"level":-1,"sound":0}],"tick":1392},{"sounds":[],"tick":1393},{"sounds":[{"level":-1,"sound":0}],"tick":1394},{"sounds":[],"tick":1395},{"sounds":[{"level":1558,"sound":81},{"level":-1,"sound":0}],"tick":1396},{"sounds":[],"tick":1397},{"sounds":[],"tick":1398},{"sounds":[],"tick":1399},{"sounds":[],"tick":1400},{"sounds":[{"level":-1,"sound":0}],"tick":1401},{"sounds":[{"level":-1,"sound":0}],"tick":1402},{"sounds":[],"tick":1403},{"sounds":[],"tick":1404},{"sounds":[{"level":-1,"sound":0},{"level":1548,"sound":81}],"tick":1405},{"sounds":[],"tick":1406},{"sounds":[],"tick":1407},{"sounds":[],"tick":1408},{"sounds":[{"level":-1,"sound":0}],"tick":1409},{"sounds":[],"tick":1410},{"sounds":[{"level":-1,"sound":0},{"level":1550,"sound":81}],"tick":1411},{"sounds":[],"tick":1412},{"sounds":[{"level":-1,"sound":0}],"tick":1413},{"sounds":[],"tick":1414},{"sounds":[],"tick":1415},{"sounds":[],"tick":1416},{"sounds":[],"tick":1417},{"sounds":[{"level":-1,"sound":0},{"level":1539,"sound":81}],"tick":1418},{"sounds":[],"tick":1419},{"sounds":[{"level":-1,"sound":0}],"tick":1420},{"sounds":[],"tick":1421},{"sounds":[{"level":-1,"sound":0},{"level":1553,"sound":81}],"tick":1422},{"sounds":[{"level":-1,"sound":0}],"tick":1423},{"sounds":[],"tick":1424},{"sounds":[],"tick":1425},{"sounds":[{"level":-1,"sound":0}],"tick":1426},{"sounds":[],"tick":1427},{"sounds":[],"tick":1428},{"sounds":[{"level":-1,"sound":0}],"tick":1429},{"sounds":[],"tick":1430},{"sounds":[{"level":-1,"sound":0},{"level":1548,"sound":81}],"tick":1431},{"sounds":[],"tick":1432},{"sounds":[],"tick":1433},{"sounds":[{"level":1546,"sound":81},{"level":-1,"sound":0}],"tick":1434},{"sounds":[],"tick":1435},{"sounds":[{"level":-1,"sound":0}],"tick":1436},{"sounds":[],"tick":1437},{"sounds":[],"tick":1438},{"sounds":[{"level":-1,"sound":0}],"tick":1439},{"sounds":[],"tick":1440},{"sounds":[],"tick":1441},{"sounds":[],"tick":1442},{"sounds":[{"level":1548,"sound":81},{"level":-1,"sound":0}],"tick":1443},{"sounds":[{"level":-1,"sound":0}],"tick":1444},{"sounds":[],"tick":1445},{"sounds":[{"level":-1,"sound":0}],"tick":1446},{"sounds":[],"tick":1447},{"sounds":[],"tick":1448},{"sounds":[],"tick":1449},{"sounds":[{"level":-1,"sound":0},{"level":1550,"sound":81}],"tick":1450},{"sounds":[],"tick":1451},{"sounds":[],"tick":1452},{"sounds":[{"level":-1,"sound":0}],"tick":1453},{"sounds":[],"tick":1454},{"sounds":[{"level":-1,"sound":0}],"tick":1455},{"sounds":[],"tick":1456},{"sounds":[],"tick":1457},{"sounds":[],"tick":1458},{"sounds":[{"level":1553,"sound":81},{"level":-1,"sound":0}],"tick":1459},{"sounds":[],"tick":1460},{"sounds":[{"level":-1,"sound":0}],"tick":1461},{"sounds":[],"tick":1462},{"sounds":[],"tick":1463},{"sounds":[],"tick":1464},{"sounds":[{"level":-1,"sound":0}],"tick":1465},{"sounds":[{"level":-1,"sound":0}],"tick":1466},{"sounds":[],"tick":1467},{"sounds":[{"level":-1,"sound":0},{"level":1548,"sound":81}],"tick":1468},{"sounds":[],"tick":1469},{"sounds":[],"tick":1470},{"sounds":[],"tick":1471},{"sounds":[{"level":-1,"sound":0}],"tick":1472},{"sounds":[],"tick":1473},{"sounds":[],"tick":1474},{"sounds":[{"level":-1,"sound":0}],"tick":1475},{"sounds":[],"tick":1476},{"sounds":[],"tick":1477},{"sounds":[],"tick":1478},{"sounds":[{"level":-1,"sound":0}],"tick":1479},{"sounds":[],"tick":1480},{"sounds":[{"level":-1,"sound":0},{"level":1560,"sound":81}],"tick":1481},{"sounds":[],"tick":1482},{"sounds":[],"tick":1483},{"sounds":[{"level":-1,"sound":0}],"tick":1484},{"sounds":[],"tick":1485},{"sounds":[],"tick":1486},{"sounds":[],"tick":1487},{"sounds":[],"tick":1488},{"sounds":[{"level":-1,"sound":0},{"level":1541,"sound":81}],"tick":1489},{"sounds":[],"tick":1490},{"sounds":[],"tick":1491},{"sounds":[{"level":-1,"sound":0}],"tick":1492},{"sounds":[],"tick":1493},{"sounds":[{"level":-1,"sound":0}],"tick":1494},{"sounds":[],"tick":1495},{"sounds":[],"tick":1496},{"sounds":[{"level":-1,"sound":0}],"tick":1497},{"sounds":[],"tick":1498},{"sounds":[{"level":-1,"sound":0}],"tick":1499},{"sounds":[],"tick":1500},{"sounds":[],"tick":1501},{"sounds":[{"level":-1,"sound":0}],"tick":1502},{"sounds":[{"level":-1,"sound":0}],"tick":1503},{"sounds":[],"tick":1504},{"sounds":[],"tick":1505},{"sounds":[{"level":-1,"sound":0}],"tick":1506},{"sounds":[],"tick":1507},{"sounds":[],"tick":1508},{"sounds":[],"tick":1509},{"sounds":[{"level":-1,"sound":0}],"tick":1510},{"sounds":[{"level":-1,"sound":0}],"tick":1511},{"sounds":[],"tick":1512},{"sounds":[{"level":-1,"sound":0},{"level":1550,"sound":81}],"tick":1513},{"sounds":[],"tick":1514},{"sounds":[{"level":-1,"sound":0}],"tick":1515},{"sounds":[],"tick":1516},{"sounds":[],"tick":1517},{"sounds":[{"level":-1,"sound":0},{"level":1548,"sound":81}],"tick":1518},{"sounds":[],"tick":1519},{"sounds":[{"level":-1,"sound":0}],"tick":1520},{"sounds":[],"tick":1521},{"sounds":[],"tick":1522},{"sounds":[{"level":1546,"sound":81}],"tick":1523},{"sounds":[{"level":1550,"sound":81},{"level":-1,"sound":0}],"tick":1524},{"sounds":[],"tick":1525},{"sounds":[],"tick":1526},{"sounds":[{"level":-1,"sound":0}],"tick":1527},{"sounds":[],"tick":1528},{"sounds":[],"tick":1529},{"sounds":[],"tick":1530},{"sounds":[{"level":-1,"sound":0}],"tick":1531},{"sounds":[],"tick":1532},{"sounds":[{"level":-1,"sound":0},{"level":1539,"sound":81}],"tick":1533},{"sounds":[],"tick":1534},{"sounds":[{"level":-1,"sound":0}],"tick":1535},{"sounds":[],"tick":1536},{"sounds":[],"tick":1537},{"sounds":[],"tick":1538},{"sounds":[],"tick":1539},{"sounds":[{"level":1539,"sound":81},{"level":-1,"sound":0}],"tick":1540},{"sounds":[],"tick":1541},{"sounds":[{"level":-1,"sound":0}],"tick":1542},{"sounds":[],"tick":1543},{"sounds":[{"level":-1,"sound":0}],"tick":1544},{"sounds":[],"tick":1545},{"sounds":[],"tick":1546},{"sounds":[{"level":-1,"sound":0}],"tick":1547},{"sounds":[],"tick":1548},{"sounds":[{"level":-1,"sound":0},{"level":1539,"sound":81}],"tick":1549},{"sounds":[],"tick":1550},{"sounds":[],"tick":1551},{"sounds":[],"tick":1552},{"sounds":[],"tick":1553},{"sounds":[],"tick":1554},{"sounds":[],"tick":1555},{"sounds":[],"tick":1556},{"sounds":[{"level":-1,"sound":0}],"tick":1557},{"sounds":[{"level":-1,"sound":0},{"level":1538,"sound":81}],"tick":1558},{"sounds":[],"tick":1559},{"sounds":[],"tick":1560},{"sounds":[],"tick":1561},{"sounds":[{"level":-1,"sound":0}],"tick":1562},{"sounds":[],"tick":1563},{"sounds":[{"level":-1,"sound":0}],"tick":1564},{"sounds":[],"tick":1565},{"sounds":[],"tick":1566},{"sounds":[{"level":-1,"sound":0}],"tick":1567},{"sounds":[],"tick":1568},{"sounds":[{"level":-1,"sound":0},{"level":1539,"sound":81}],"tick":1569},{"sounds":[],"tick":1570},{"sounds":[{"level":-1,"sound":0}],"tick":1571},{"sounds":[],"tick":1572},{"sounds":[],"tick":1573},{"sounds":[],"tick":1574},{"sounds":[{"level":-1,"sound":0},{"level":1539,"sound":81}],"tick":1575},{"sounds":[],"tick":1576},{"sounds":[{"level":-1,"sound":0}],"tick":1577},{"sounds":[],"tick":1578},{"sounds":[],"tick":1579},{"sounds":[{"level":-1,"sound":0}],"tick":1580},{"sounds":[],"tick":1581},{"sounds":[{"level":-1,"sound":0},{"level":1539,"sound":81}],"tick":1582},{"sounds":[],"tick":1583},{"sounds":[{"level":-1,"sound":0},{"level":1539,"sound":81}],"tick":1584},{"sounds":[],"tick":1585},{"sounds":[],"tick":1586},{"sounds":[],"tick":1587},{"sounds":[{"level":-1,"sound":0},{"level":1539,"sound":81}],"tick":1588},{"sounds":[],"tick":1589},{"sounds":[{"level":-1,"sound":0}],"tick":1590},{"sounds":[],"tick":1591},{"sounds":[],"tick":1592},{"sounds":[],"tick":1593},{"sounds":[{"level":-1,"sound":0}],"tick":1594},{"sounds":[],"tick":1595},{"sounds":[{"level":-1,"sound":0}],"tick":1596},{"sounds":[],"tick":1597},{"sounds":[{"level":-1,"sound":0},{"level":1539,"sound":81}],"tick":1598},{"sounds":[],"tick":1599},{"sounds":[],"tick":1600},{"sounds":[],"tick":1601},{"sounds":[{"level":-1,"sound":0},{"level":1541,"sound":81}],"tick":1602},{"sounds":[],"tick":1603},{"sounds":[{"level":-1,"sound":0}],"tick":1604},{"sounds":[],"tick":1605},{"sounds":[],"tick":1606},{"sounds":[{"level":-1,"sound":0}],"tick":1607},{"sounds":[],"tick":1608},{"sounds":[],"tick":1609},{"sounds":[],"tick":1610},{"sounds":[{"level":1558,"sound":81},{"level":-1,"sound":0}],"tick":1611},{"sounds":[],"tick":1612},{"sounds":[{"level":-1,"sound":0}],"tick":1613},{"sounds":[],"tick":1614},{"sounds":[{"level":-1,"sound":0},{"level":1558,"sound":81}],"tick":1615},{"sounds":[],"tick":1616},{"sounds":[{"level":-1,"sound":0}],"tick":1617},{"sounds":[],"tick":1618},{"sounds":[{"level":-1,"sound":0}],"tick":1619},{"sounds":[],"tick":1620},{"sounds":[],"tick":1621},{"sounds":[],"tick":1622},{"sounds":[{"level":-1,"sound":0}],"tick":1623},{"sounds":[],"tick":1624},{"sounds":[{"level":-1,"sound":0}],"tick":1625},{"sounds":[{"level":-1,"sound":0}],"tick":1626},{"sounds":[],"tick":1627},{"sounds":[],"tick":1628},{"sounds":[],"tick":1629},{"sounds":[{"level":-1,"sound":0}],"tick":1630},{"sounds":[{"level":-1,"sound":0}],"tick":1631},{"sounds":[],"tick":1632},{"sounds":[],"tick":1633},{"sounds":[],"tick":1634},{"sounds":[{"level":-1,"sound":0}],"tick":1635},{"sounds":[],"tick":1636},{"sounds":[],"tick":1637},{"sounds":[{"level":-1,"sound":0}],"tick":1638},{"sounds":[{"level":-1,"sound":0},{"level":1541,"sound":81}],"tick":1639},{"sounds":[],"tick":1640},{"sounds":[],"tick":1641},{"sounds":[],"tick":1642},{"sounds":[{"level":-1,"sound":0}],"tick":1643},{"sounds":[{"level":-1,"sound":0},{"level":1558,"sound":81}],"tick":1644},{"sounds":[],"tick":1645},{"sounds":[{"level":-1,"sound":0}],"tick":1646},{"sounds":[],"tick":1647},{"sounds":[],"tick":1648},{"sounds":[],"tick":1649},{"sounds":[],"tick":1650},{"sounds":[{"level":-1,"sound":0}],"tick":1651},{"sounds":[],"tick":1652},{"sounds":[{"level":-1,"sound":0},{"level":1558,"sound":81}],"tick":1653},{"sounds":[],"tick":1654},{"sounds":[],"tick":1655},{"sounds":[],"tick":1656},{"sounds":[{"level":-1,"sound":0}],"tick":1657},{"sounds":[],"tick":1658},{"sounds":[{"level":-1,"sound":0}],"tick":1659},{"sounds":[],"tick":1660},{"sounds":[],"tick":1661},{"sounds":[],"tick":1662},{"sounds":[{"level":1538,"sound":81},{"level":-1,"sound":0}],"tick":1663},{"sounds":[],"tick":1664},{"sounds":[{"level":-1,"sound":0}],"tick":1665},{"sounds":[],"tick":1666},{"sounds":[{"level":1536,"sound":81}],"tick":1667},{"sounds":[],"tick":1668},{"sounds":[{"level":-1,"sound":0}],"tick":1669},{"sounds":[],"tick":1670},{"sounds":[{"level":-1,"sound":0}],"tick":1671},{"sounds":[],"tick":1672},{"sounds":[],"tick":1673},{"sounds":[{"level":-1,"sound":0}],"tick":1674},{"sounds":[],"tick":1675},{"sounds":[],"tick":1676},{"sounds":[],"tick":1677},{"sounds":[{"level":-1,"sound":0}],"tick":1678},{"sounds":[],"tick":1679},{"sounds":[{"level":-1,"sound":0}],"tick":1680},{"sounds":[],"tick":1681},{"sounds":[],"tick":1682},{"sounds":[{"level":-1,"sound":0},{"level":1539,"sound":81}],"tick":1683},{"sounds":[],"tick":1684},{"sounds":[{"level":-1,"sound":0}],"tick":1685},{"sounds":[],"tick":1686},{"sounds":[{"level":-1,"sound":0}],"tick":1687},{"sounds":[],"tick":1688},{"sounds":[],"tick":1689},{"sounds":[],"tick":1690},{"sounds":[{"level":-1,"sound":0},{"level":1539,"sound":81}],"tick":1691},{"sounds":[{"level":-1,"sound":0}],"tick":1692},{"sounds":[],"tick":1693},{"sounds":[],"tick":1694},{"sounds":[{"level":-1,"sound":0}],"tick":1695},{"sounds":[],"tick":1696},{"sounds":[],"tick":1697},{"sounds":[],"tick":1698},{"sounds":[],"tick":1699},{"sounds":[{"level":1539,"sound":81},{"level":-1,"sound":0}],"tick":1700},{"sounds":[],"tick":1701},{"sounds":[],"tick":1702},{"sounds":[{"level":-1,"sound":0}],"tick":1703},{"sounds":[],"tick":1704},{"sounds":[{"level":-1,"sound":0}],"tick":1705},{"sounds":[],"tick":1706},{"sounds":[],"tick":1707},{"sounds":[],"tick":1708},{"sounds":[{"level":-1,"sound":0}],"tick":1709},{"sounds":[],"tick":1710},{"sounds":[{"level":-1,"sound":0},{"level":1557,"sound":81}],"tick":1711},{"sounds":[],"tick":1712},{"sounds":[],"tick":1713},{"sounds":[{"level":-1,"sound":0}],"tick":1714},{"sounds":[],"tick":1715},{"sounds":[],"tick":1716},{"sounds":[{"level":-1,"sound":0}],"tick":1717},{"sounds":[],"tick":1718},{"sounds":[{"level":-1,"sound":0}],"tick":1719},{"sounds":[],"tick":1720},{"sounds":[],"tick":1721},{"sounds":[{"level":-1,"sound":0},{"level":1546,"sound":81}],"tick":1722},{"sounds":[],"tick":1723},{"sounds":[],"tick":1724},{"sounds":[],"tick":1725},{"sounds":[{"level":-1,"sound":0},{"level":1539,"sound":81}],"tick":1726},{"sounds":[{"level":-1,"sound":0}],"tick":1727},{"sounds":[],"tick":1728},{"sounds":[],"tick":1729},{"sounds":[],"tick":1730},{"sounds":[],"tick":1731},{"sounds":[],"tick":1732},{"sounds":[],"tick":1733},{"sounds":[{"level":1539,"sound":81},{"level":-1,"sound":0}],"tick":1734},{"sounds":[{"level":-1,"sound":0}],"tick":1735},{"sounds":[],"tick":1736},{"sounds":[],"tick":1737},{"sounds":[],"tick":1738},{"sounds":[{"level":-1,"sound":0},{"level":1539,"sound":81}],"tick":1739},{"sounds":[],"tick":1740},{"sounds":[{"level":-1,"sound":0}],"tick":1741},{"sounds":[],"tick":1742},{"sounds":[],"tick":1743},{"sounds":[{"level":-1,"sound":0}],"tick":1744},{"sounds":[{"level":-1,"sound":0}],"tick":1745},{"sounds":[],"tick":1746},{"sounds":[],"tick":1747},{"sounds":[],"tick":1748},{"sounds":[{"level":-1,"sound":0},{"level":1539,"sound":81}],"tick":1749},{"sounds":[],"tick":1750},{"sounds":[],"tick":1751},{"sounds":[{"level":-1,"sound":0}],"tick":1752},{"sounds":[{"level":-1,"sound":0},{"level":1541,"sound":81}],"tick":1753},{"sounds":[],"tick":1754},{"sounds":[],"tick":1755},{"sounds":[],"tick":1756},{"sounds":[{"level":-1,"sound":0}],"tick":1757},{"sounds":[{"level":1560,"sound":81}],"tick":1758},{"sounds":[],"tick":1759},{"sounds":[],"tick":1760},{"sounds":[],"tick":1761},{"sounds":[{"level":-1,"sound":0}],"tick":1762},{"sounds":[],"tick":1763},{"sounds":[],"tick":1764},{"sounds":[{"level":-1,"sound":0},{"level":1553,"sound":81}],"tick":1765},{"sounds":[],"tick":1766},{"sounds":[{"level":-1,"sound":0}],"tick":1767},{"sounds":[],"tick":1768},{"sounds":[{"level":-1,"sound":0}],"tick":1769},{"sounds":[],"tick":1770},{"sounds":[],"tick":1771},{"sounds":[{"level":-1,"sound":0}],"tick":1772},{"sounds":[],"tick":1773},{"sounds":[{"level":-1,"sound":0}],"tick":1774},{"sounds":[],"tick":1775},{"sounds":[],"tick":1776},{"sounds":[{"level":-1,"sound":0}],"tick":1777},{"sounds":[],"tick":1778},{"sounds":[{"level":-1,"sound":0}],"tick":1779},{"sounds":[],"tick":1780},{"sounds":[{"level":-1,"sound":0}],"tick":1781},{"sounds":[{"level":-1,"sound":0},{"level":1553,"sound":81}],"tick":1782},{"sounds":[],"tick":1783},{"sounds":[{"level":-1,"sound":0}],"tick":1784},{"sounds":[],"tick":1785},{"sounds":[{"level":-1,"sound":0}],"tick":1786},{"sounds":[],"tick":1787},{"sounds":[],"tick":1788},{"sounds":[{"level":-1,"sound":0}],"tick":1789},{"sounds":[{"level":-1,"sound":0}],"tick":1790},{"sounds":[],"tick":1791},{"sounds":[{"level":1541,"sound":81},{"level":-1,"sound":0}],"tick":1792},{"sounds":[],"tick":1793},{"sounds":[{"level":-1,"sound":0},{"level":1541,"sound":81}],"tick":1794},{"sounds":[],"tick":1795},{"sounds":[{"level":-1,"sound":0}],"tick":1796},{"sounds":[],"tick":1797},{"sounds":[{"level":-1,"sound":0}],"tick":1798},{"sounds":[],"tick":1799},{"sounds":[{"level":-1,"sound":0}],"tick":1800},{"sounds":[],"tick":1801},{"sounds":[],"tick":1802},{"sounds":[{"level":-1,"sound":0}],"tick":1803},{"sounds":[],"tick":1804},{"sounds":[{"level":-1,"sound":0}],"tick":1805},{"sounds":[],"tick":1806},{"sounds":[],"tick":1807},{"sounds":[],"tick":1808},{"sounds":[{"level":-1,"sound":0}],"tick":1809},{"sounds":[],"tick":1810},{"sounds":[{"level":-1,"sound":0},{"level":1560,"sound":81}],"tick":1811},{"sounds":[],"tick":1812},{"sounds":[{"level":-1,"sound":0}],"tick":1813},{"sounds":[],"tick":1814},{"sounds":[],"tick":1815},{"sounds":[{"level":-1,"sound":0},{"level":1538,"sound":81}],"tick":1816},{"sounds":[],"tick":1817},{"sounds":[{"level":-1,"sound":0}],"tick":1818},{"sounds":[],"tick":1819},{"sounds":[],"tick":1820},{"sounds":[{"level":-1,"sound":0},{"level":1536,"sound":81}],"tick":1821},{"sounds":[{"level":-1,"sound":0}],"tick":1822},{"sounds":[],"tick":1823},{"sounds":[],"tick":1824},{"sounds":[{"level":-1,"sound":0}],"tick":1825},{"sounds":[],"tick":1826},{"sounds":[{"level":-1,"sound":0}],"tick":1827},{"sounds":[],"tick":1828},{"sounds":[],"tick":1829},{"sounds":[{"level":-1,"sound":0}],"tick":1830},{"sounds":[],"tick":1831},{"sounds":[{"level":-1,"sound":0}],"tick":1832},{"sounds":[],"tick":1833},{"sounds":[],"tick":1834},{"sounds":[{"level":-1,"sound":0},{"level":1548,"sound":81}],"tick":1835},{"sounds":[],"tick":1836},{"sounds":[{"level":-1,"sound":0}],"tick":1837},{"sounds":[],"tick":1838},{"sounds":[],"tick":1839},{"sounds":[{"level":-1,"sound":0}],"tick":1840},{"sounds":[],"tick":1841},{"sounds":[{"level":-1,"sound":0},{"level":1543,"sound":81}],"tick":1842},{"sounds":[],"tick":1843},{"sounds":[],"tick":1844},{"sounds":[{"level":-1,"sound":0}],"tick":1845},{"sounds":[],"tick":1846},{"sounds":[],"tick":1847},{"sounds":[{"level":-1,"sound":0}],"tick":1848},{"sounds":[],"tick":1849},{"sounds":[{"level":-1,"sound":0},{"level":1539,"sound":81}],"tick":1850},{"sounds":[],"tick":1851},{"sounds":[{"level":-1,"sound":0},{"level":1548,"sound":81}],"tick":1852},{"sounds":[],"tick":1853},{"sounds":[],"tick":1854},{"sounds":[{"level":-1,"sound":0},{"level":1550,"sound":81}],"tick":1855},{"sounds":[],"tick":1856},{"sounds":[],"tick":1857},{"sounds":[{"level":-1,"sound":0}],"tick":1858},{"sounds":[],"tick":1859},{"sounds":[{"level":-1,"sound":0}],"tick":1860},{"sounds":[],"tick":1861},{"sounds":[{"level":-1,"sound":0}],"tick":1862},{"sounds":[],"tick":1863},{"sounds":[],"tick":1864},{"sounds":[{"level":-1,"sound":0}],"tick":1865},{"sounds":[],"tick":1866},{"sounds":[{"level":-1,"sound":0}],"tick":1867},{"sounds":[],"tick":1868},{"sounds":[{"level":-1,"sound":0}],"tick":1869},{"sounds":[],"tick":1870},{"sounds":[],"tick":1871},{"sounds":[{"level":-1,"sound":0}],"tick":1872},{"sounds":[{"level":-1,"sound":0}],"tick":1873},{"sounds":[],"tick":1874},{"sounds":[],"tick":1875},{"sounds":[],"tick":1876},{"sounds":[],"tick":1877},{"sounds":[],"tick":1878},{"sounds":[{"level":1543,"sound":81},{"level":-1,"sound":0}],"tick":1879},{"sounds":[],"tick":1880},{"sounds":[],"tick":1881},{"sounds":[],"tick":1882},{"sounds":[],"tick":1883},{"sounds":[{"level":-1,"sound":0}],"tick":1884},{"sounds":[],"tick":1885},{"sounds":[],"tick":1886},{"sounds":[],"tick":1887},{"sounds":[{"level":-1,"sound":0},{"level":1539,"sound":81}],"tick":1888},{"sounds":[],"tick":1889},{"sounds":[],"tick":1890},{"sounds":[],"tick":1891},{"sounds":[{"level":-1,"sound":0}],"tick":1892},{"sounds":[],"tick":1893},{"sounds":[],"tick":1894},{"sounds":[],"tick":1895},{"sounds":[{"level":-1,"sound":0}],"tick":1896},{"sounds":[{"level":-1,"sound":0},{"level":1546,"sound":81}],"tick":1897},{"sounds":[],"tick":1898},{"sounds":[],"tick":1899},{"sounds":[],"tick":1900},{"sounds":[{"level":-1,"sound":0},{"level":1546,"sound":81}],"tick":1901},{"sounds":[{"level":-1,"sound":0}],"tick":1902},{"sounds":[],"tick":1903},{"sounds":[],"tick":1904},{"sounds":[],"tick":1905},{"sounds":[{"level":-1,"sound":0},{"level":1558,"sound":81}],"tick":1906},{"sounds":[],"tick":1907},{"sounds":[{"level":-1,"sound":0}],"tick":1908},{"sounds":[],"tick":1909},{"sounds":[],"tick":1910},{"sounds":[],"tick":1911},{"sounds":[],"tick":1912},{"sounds":[],"tick":1913},{"sounds":[{"level":-1,"sound":0},{"level":1541,"sound":81}],"tick":1914},{"sounds":[],"tick":1915},{"sounds":[{"level":-1,"sound":0},{"level":1536,"sound":81}],"tick":1916},{"sounds":[],"tick":1917},{"sounds":[],"tick":1918},{"sounds":[],"tick":1919},{"sounds":[{"level":-1,"sound":0}],"tick":1920},{"sounds":[],"tick":1921},{"sounds":[],"tick":1922},{"sounds":[{"level":-1,"sound":0}],"tick":1923},{"sounds":[],"tick":1924},{"sounds":[{"level":-1,"sound":0}],"tick":1925},{"sounds":[],"tick":1926},{"sounds":[],"tick":1927},{"sounds":[],"tick":1928},{"sounds":[],"tick":1929},{"sounds":[{"level":1536,"sound":81},{"level":-1,"sound":0}],"tick":1930},{"sounds":[],"tick":1931},{"sounds":[],"tick":1932},{"sounds":[],"tick":1933},{"sounds":[{"level":-1,"sound":0}],"tick":1934},{"sounds":[],"tick":1935},{"sounds":[],"tick":1936},{"sounds":[],"tick":1937},{"sounds":[{"level":-1,"sound":0}],"tick":1938},{"sounds":[],"tick":1939},{"sounds":[{"level":-1,"sound":0}],"tick":1940},{"sounds":[],"tick":1941},{"sounds":[{"level":-1,"sound":0}],"tick":1942},{"sounds":[],"tick":1943},{"sounds":[{"level":1541,"sound":81}],"tick":1944},{"sounds":[],"tick":1945},{"sounds":[],"tick":1946},{"sounds":[{"level":-1,"sound":0}],"tick":1947},{"sounds":[{"level":1541,"sound":81},{"level":-1,"sound":0}],"tick":1948},{"sounds":[],"tick":1949},{"sounds":[{"level":1536,"sound":81}],"tick":1950},{"sounds":[{"level":-1,"sound":0}],"tick":1951},{"sounds":[],"tick":1952},{"sounds":[],"tick":1953},{"sounds":[],"tick":1954},{"sounds":[{"level":-1,"sound":0},{"level":1541,"sound":81}],"tick":1955},{"sounds":[],"tick":1956},{"sounds":[{"level":-1,"sound":0}],"tick":1957},{"sounds":[],"tick":1958},{"sounds":[],"tick":1959},{"sounds":[{"level":-1,"sound":0}],"tick":1960},{"sounds":[],"tick":1961},{"sounds":[{"level":-1,"sound":0},{"level":1541,"sound":81}],"tick":1962},{"sounds":[],"tick":1963},{"sounds":[],"tick":1964},{"sounds":[],"tick":1965},{"sounds":[{"level":-1,"sound":0}],"tick":1966},{"sounds":[],"tick":1967},{"sounds":[],"tick":1968},{"sounds":[{"level":-1,"sound":0},{"level":1541,"sound":81}],"tick":1969},{"sounds":[],"tick":1970},{"sounds":[],"tick":1971},{"sounds":[{"level":-1,"sound":0},{"level":1541,"sound":81}],"tick":1972},{"sounds":[],"tick":1973},{"sounds":[],"tick":1974},{"sounds":[],"tick":1975},{"sounds":[{"level":-1,"sound":0}],"tick":1976},{"sounds":[],"tick":1977},{"sounds":[{"level":-1,"sound":0},{"level":1536,"sound":81}],"tick":1978},{"sounds":[],"tick":1979},{"sounds":[],"tick":1980},{"sounds":[{"level":-1,"sound":0}],"tick":1981},{"sounds":[],"tick":1982},{"sounds":[],"tick":1983},{"sounds":[],"tick":1984},{"sounds":[{"level":-1,"sound":0}],"tick":1985},{"sounds":[],"tick":1986},{"sounds":[],"tick":1987},{"sounds":[{"level":-1,"sound":0}],"tick":1988},{"sounds":[],"tick":1989},{"sounds":[],"tick":1990},{"sounds":[],"tick":1991},{"sounds":[{"level":-1,"sound":0}],"tick":1992},{"sounds":[],"tick":1993},{"sounds":[{"level":-1,"sound":0}],"tick":1994},{"sounds":[],"tick":1995},{"sounds":[],"tick":1996},{"sounds":[],"tick":1997},{"sounds":[],"tick":1998},{"sounds":[{"level":-1,"sound":0}],"tick":1999},{"sounds":[],"tick":2000},{"sounds":[{"level":-1,"sound":0},{"level":1539,"sound":81}],"tick":2001},{"sounds":[],"tick":2002},{"sounds":[],"tick":2003},{"sounds":[],"tick":2004},{"sounds":[],"tick":2005},{"sounds":[{"level":-1,"sound":0}],"tick":2006},{"sounds":[],"tick":2007},{"sounds":[{"level":-1,"sound":0}],"tick":2008},{"sounds":[],"tick":2009},{"sounds":[],"tick":2010},{"sounds":[],"tick":2011},{"sounds":[],"tick":2012},{"sounds":[{"level":-1,"sound":0}],"tick":2013},{"sounds":[],"tick":2014},{"sounds":[],"tick":2015},{"sounds":[{"level":-1,"sound":0}],"tick":2016},{"sounds":[],"tick":2017},{"sounds":[{"level":-1,"sound":0}],"tick":2018},{"sounds":[],"tick":2019},{"sounds":[],"tick":2020},{"sounds":[],"tick":2021},{"sounds":[{"level":-1,"sound":0}],"tick":2022},{"sounds":[{"level":-1,"sound":0}],"tick":2023},{"sounds":[{"level":-1,"sound":0}],"tick":2024},{"sounds":[],"tick":2025},{"sounds":[],"tick":2026},{"sounds":[{"level":-1,"sound":0}],"tick":2027},{"sounds":[],"tick":2028},{"sounds":[{"level":-1,"sound":0}],"tick":2029},{"sounds":[],"tick":2030},{"sounds":[],"tick":2031},{"sounds":[{"level":-1,"sound":0}],"tick":2032},{"sounds":[],"tick":2033},{"sounds":[{"level":-1,"sound":0}],"tick":2034},{"sounds":[],"tick":2035},{"sounds":[],"tick":2036},{"sounds":[],"tick":2037},{"sounds":[{"level":-1,"sound":0}],"tick":2038},{"sounds":[],"tick":2039},{"sounds":[{"level":-1,"sound":0},{"level":1539,"sound":81}],"tick":2040},{"sounds":[],"tick":2041},{"sounds":[],"tick":2042},{"sounds":[],"tick":2043},{"sounds":[{"level":-1,"sound":0},{"level":1539,"sound":81}],"tick":2044},{"sounds":[],"tick":2045},{"sounds":[{"level":-1,"sound":0}],"tick":2046},{"sounds":[],"tick":2047},{"sounds":[],"tick":2048},{"sounds":[{"level":-1,"sound":0},{"level":1546,"sound":81}],"tick":2049},{"sounds":[],"tick":2050},{"sounds":[],"tick":2051},{"sounds":[],"tick":2052},{"sounds":[],"tick":2053},{"sounds":[],"tick":2054},{"sounds":[{"level":1536,"sound":81}],"tick":2055},{"sounds":[{"level":-1,"sound":0}],"tick":2056},{"sounds":[{"level":-1,"sound":0}],"tick":2057},{"sounds":[],"tick":2058},{"sounds":[],"tick":2059},{"sounds":[{"level":-1,"sound":0}],"tick":2060},{"sounds":[],"tick":2061},{"sounds":[],"tick":2062},{"sounds":[],"tick":2063},{"sounds":[{"level":-1,"sound":0},{"level":1536,"sound":81}],"tick":2064},{"sounds":[],"tick":2065},{"sounds":[],"tick":2066},{"sounds":[{"level":-1,"sound":0}],"tick":2067},{"sounds":[],"tick":2068},{"sounds":[{"level":-1,"sound":0},{"level":1536,"sound":81}],"tick":2069},{"sounds":[],"tick":2070},{"sounds":[],"tick":2071},{"sounds":[{"level":-1,"sound":0}],"tick":2072},{"sounds":[],"tick":2073},{"sounds":[],"tick":2074},{"sounds":[{"level":-1,"sound":0}],"tick":2075},{"sounds":[{"level":-1,"sound":0}],"tick":2076},{"sounds":[],"tick":2077},{"sounds":[],"tick":2078},{"sounds":[],"tick":2079},{"sounds":[{"level":1541,"sound":81},{"level":-1,"sound":0}],"tick":2080},{"sounds":[],"tick":2081},{"sounds":[{"level":-1,"sound":0}],"tick":2082},{"sounds":[],"tick":2083},{"sounds":[],"tick":2084},{"sounds":[],"tick":2085},{"sounds":[{"level":-1,"sound":0}],"tick":2086},{"sounds":[],"tick":2087},{"sounds":[],"tick":2088},{"sounds":[],"tick":2089},{"sounds":[{"level":-1,"sound":0},{"level":1541,"sound":81}],"tick":2090},{"sounds":[],"tick":2091},{"sounds":[{"level":-1,"sound":0}],"tick":2092},{"sounds":[],"tick":2093},{"sounds":[],"tick":2094},{"sounds":[],"tick":2095},{"sounds":[{"level":-1,"sound":0},{"level":1541,"sound":81}],"tick":2096},{"sounds":[],"tick":2097},{"sounds":[{"level":-1,"sound":0}],"tick":2098},{"sounds":[{"level":-1,"sound":0},{"level":1536,"sound":81},{"level":1541,"sound":81}],"tick":2099},{"sounds":[],"tick":2100},{"sounds":[],"tick":2101},{"sounds":[],"tick":2102},{"sounds":[{"level":-1,"sound":0}],"tick":2103},{"sounds":[{"level":-1,"sound":0}],"tick":2104},{"sounds":[],"tick":2105},{"sounds":[],"tick":2106},{"sounds":[],"tick":2107},{"sounds":[{"level":-1,"sound":0},{"level":1541,"sound":81}],"tick":2108},{"sounds":[],"tick":2109},{"sounds":[{"level":-1,"sound":0}],"tick":2110},{"sounds":[],"tick":2111},{"sounds":[],"tick":2112},{"sounds":[],"tick":2113},{"sounds":[{"level":-1,"sound":0}],"tick":2114},{"sounds":[],"tick":2115},{"sounds":[],"tick":2116},{"sounds":[],"tick":2117},{"sounds":[{"level":1541,"sound":81},{"level":-1,"sound":0}],"tick":2118},{"sounds":[],"tick":2119},{"sounds":[],"tick":2120},{"sounds":[],"tick":2121},{"sounds":[{"level":-1,"sound":0}],"tick":2122},{"sounds":[],"tick":2123},{"sounds":[{"level":-1,"sound":0}],"tick":2124},{"sounds":[],"tick":2125},{"sounds":[{"level":-1,"sound":0}],"tick":2126},{"sounds":[],"tick":2127},{"sounds":[{"level":-1,"sound":0},{"level":1541,"sound":81}],"tick":2128},{"sounds":[],"tick":2129},{"sounds":[],"tick":2130},{"sounds":[{"level":-1,"sound":0}],"tick":2131},{"sounds":[],"tick":2132},{"sounds":[],"tick":2133},{"sounds":[{"level":-1,"sound":0}],"tick":2134},{"sounds":[{"level":-1,"sound":0}],"tick":2135},{"sounds":[],"tick":2136},{"sounds":[],"tick":2137},{"sounds":[],"tick":2138},{"sounds":[{"level":-1,"sound":0},{"level":1539,"sound":81}],"tick":2139},{"sounds":[],"tick":2140},{"sounds":[{"level":-1,"sound":0}],"tick":2141},{"sounds":[],"tick":2142},{"sounds":[{"level":-1,"sound":0},{"level":1560,"sound":81}],"tick":2143},{"sounds":[],"tick":2144},{"sounds":[{"level":-1,"sound":0},{"level":1558,"sound":81}],"tick":2145},{"sounds":[],"tick":2146},{"sounds":[],"tick":2147},{"sounds":[{"level":-1,"sound":0}],"tick":2148},{"sounds":[],"tick":2149},{"sounds":[{"level":-1,"sound":0}],"tick":2150},{"sounds":[],"tick":2151},{"sounds":[],"tick":2152},{"sounds":[{"level":-1,"sound":0}],"tick":2153},{"sounds":[],"tick":2154},{"sounds":[{"level":-1,"sound":0},{"level":1539,"sound":81}],"tick":2155},{"sounds":[],"tick":2156},{"sounds":[],"tick":2157},{"sounds":[],"tick":2158},{"sounds":[],"tick":2159},{"sounds":[{"level":-1,"sound":0}],"tick":2160},{"sounds":[],"tick":2161},{"sounds":[],"tick":2162},{"sounds":[{"level":-1,"sound":0}],"tick":2163},{"sounds":[],"tick":2164},{"sounds":[{"level":-1,"sound":0}],"tick":2165},{"sounds":[],"tick":2166},{"sounds":[{"level":-1,"sound":0},{"level":1539,"sound":81}],"tick":2167},{"sounds":[],"tick":2168},{"sounds":[],"tick":2169},{"sounds":[],"tick":2170},{"sounds":[{"level":-1,"sound":0}],"tick":2171},{"sounds":[],"tick":2172},{"sounds":[],"tick":2173},{"sounds":[{"level":-1,"sound":0}],"tick":2174},{"sounds":[{"level":-1,"sound":0}],"tick":2175},{"sounds":[],"tick":2176},{"sounds":[{"level":1539,"sound":81},{"level":-1,"sound":0}],"tick":2177},{"sounds":[],"tick":2178},{"sounds":[{"level":-1,"sound":0}],"tick":2179},{"sounds":[],"tick":2180},{"sounds":[{"level":-1,"sound":0}],"tick":2181},{"sounds":[],"tick":2182},{"sounds":[{"level":-1,"sound":0},{"level":1555,"sound":81}],"tick":2183},{"sounds":[],"tick":2184},{"sounds":[{"level":-1,"sound":0}],"tick":2185},{"sounds":[],"tick":2186},{"sounds":[],"tick":2187},{"sounds":[{"level":-1,"sound":0}],"tick":2188},{"sounds":[{"level":-1,"sound":0}],"tick":2189},{"sounds":[],"tick":2190},{"sounds":[{"level":-1,"sound":0},{"level":1553,"sound":81}],"tick":2191},{"sounds":[],"tick":2192},{"sounds":[{"level":1539,"sound":81}],"tick":2193},{"sounds":[],"tick":2194},{"sounds":[{"level":-1,"sound":0}],"tick":2195},{"sounds":[],"tick":2196},{"sounds":[{"level":-1,"sound":0}],"tick":2197},{"sounds":[],"tick":2198},{"sounds":[{"level":-1,"sound":0}],"tick":2199},{"sounds":[],"tick":2200},{"sounds":[{"level":-1,"sound":0}],"tick":2201},{"sounds":[{"level":-1,"sound":0}],"tick":2202},{"sounds":[],"tick":2203},{"sounds":[],"tick":2204},{"sounds":[{"level":-1,"sound":0},{"level":1539,"sound":81}],"tick":2205},{"sounds":[{"level":-1,"sound":0}],"tick":2206},{"sounds":[],"tick":2207},{"sounds":[],"tick":2208},{"sounds":[],"tick":2209},{"sounds":[{"level":-1,"sound":0}],"tick":2210},{"sounds":[],"tick":2211},{"sounds":[],"tick":2212},{"sounds":[{"level":-1,"sound":0}],"tick":2213},{"sounds":[],"tick":2214},{"sounds":[],"tick":2215},{"sounds":[{"level":-1,"sound":0}],"tick":2216},{"sounds":[],"tick":2217},{"sounds":[{"level":-1,"sound":0},{"level":1560,"sound":81}],"tick":2218},{"sounds":[],"tick":2219},{"sounds":[],"tick":2220},{"sounds":[{"level":-1,"sound":0},{"level":1558,"sound":81}],"tick":2221},{"sounds":[{"level":-1,"sound":0}],"tick":2222},{"sounds":[],"tick":2223},{"sounds":[],"tick":2224},{"sounds":[{"level":-1,"sound":0}],"tick":2225},{"sounds":[],"tick":2226},{"sounds":[{"level":-1,"sound":0}],"tick":2227},{"sounds":[],"tick":2228},{"sounds":[{"level":-1,"sound":0}],"tick":2229},{"sounds":[],"tick":2230},{"sounds":[],"tick":2231},{"sounds":[],"tick":2232},{"sounds":[],"tick":2233},{"sounds":[{"level":-1,"sound":0}],"tick":2234},{"sounds":[{"level":-1,"sound":0}],"tick":2235},{"sounds":[],"tick":2236},{"sounds":[{"level":-1,"sound":0}],"tick":2237},{"sounds":[],"tick":2238},{"sounds":[],"tick":2239},{"sounds":[{"level":-1,"sound":0}],"tick":2240},{"sounds":[],"tick":2241},{"sounds":[],"tick":2242},{"sounds":[],"tick":2243},{"sounds":[{"level":-1,"sound":0}],"tick":2244},{"sounds":[],"tick":2245},{"sounds":[],"tick":2246},{"sounds":[{"level":1541,"sound":81},{"level":-1,"sound":0}],"tick":2247},{"sounds":[{"level":-1,"sound":0}],"tick":2248},{"sounds":[],"tick":2249},{"sounds":[{"level":-1,"sound":0},{"level":1541,"sound":81}],"tick":2250},{"sounds":[],"tick":2251},{"sounds":[],"tick":2252},{"sounds":[],"tick":2253},{"sounds":[{"level":-1,"sound":0}],"tick":2254},{"sounds":[],"tick":2255},{"sounds":[],"tick":2256},{"sounds":[],"tick":2257},{"sounds":[{"level":-1,"sound":0}],"tick":2258},{"sounds":[{"level":1553,"sound":81}],"tick":2259},{"sounds":[],"tick":2260},{"sounds":[{"level":-1,"sound":0}],"tick":2261},{"sounds":[],"tick":2262},{"sounds":[],"tick":2263},{"sounds":[{"level":-1,"sound":0}],"tick":2264},{"sounds":[],"tick":2265},{"sounds":[{"level":1553,"sound":81},{"level":-1,"sound":0}],"tick":2266},{"sounds":[],"tick":2267},{"sounds":[],"tick":2268},{"sounds":[],"tick":2269},{"sounds":[{"level":-1,"sound":0}],"tick":2270},{"sounds":[],"tick":2271},{"sounds":[],"tick":2272},{"sounds":[{"level":-1,"sound":0}],"tick":2273},{"sounds":[],"tick":2274},{"sounds":[],"tick":2275},{"sounds":[],"tick":2276},{"sounds":[{"level":-1,"sound":0}],"tick":2277},{"sounds":[{"level":-1,"sound":0}],"tick":2278},{"sounds":[{"level":-1,"sound":0}],"tick":2279},{"sounds":[],"tick":2280},{"sounds":[],"tick":2281},{"sounds":[],"tick":2282},{"sounds":[],"tick":2283},{"sounds":[{"level":-1,"sound":0}],"tick":2284},{"sounds":[],"tick":2285},{"sounds":[{"level":-1,"sound":0}],"tick":2286},{"sounds":[{"level":-1,"sound":0}],"tick":2287},{"sounds":[],"tick":2288},{"sounds":[],"tick":2289},{"sounds":[],"tick":2290},{"sounds":[{"level":-1,"sound":0}],"tick":2291},{"sounds":[],"tick":2292},{"sounds":[],"tick":2293},{"sounds":[{"level":-1,"sound":0},{"level":1560,"sound":81}],"tick":2294},{"sounds":[],"tick":2295},{"sounds":[{"level":-1,"sound":0},{"level":1558,"sound":81}],"tick":2296},{"sounds":[],"tick":2297},{"sounds":[],"tick":2298},{"sounds":[{"level":-1,"sound":0}],"tick":2299},{"sounds":[{"level":-1,"sound":0}],"tick":2300},{"sounds":[],"tick":2301},{"sounds":[{"level":-1,"sound":0}],"tick":2302},{"sounds":[],"tick":2303},{"sounds":[],"tick":2304},{"sounds":[],"tick":2305},{"sounds":[{"level":-1,"sound":0}],"tick":2306},{"sounds":[{"level":1539,"sound":81}],"tick":2307},{"sounds":[],"tick":2308},{"sounds":[{"level":-1,"sound":0}],"tick":2309},{"sounds":[],"tick":2310},{"sounds":[{"level":-1,"sound":0}],"tick":2311},{"sounds":[],"tick":2312},{"sounds":[{"level":-1,"sound":0}],"tick":2313},{"sounds":[],"tick":2314},{"sounds":[{"level":-1,"sound":0}],"tick":2315},{"sounds":[],"tick":2316},{"sounds":[{"level":-1,"sound":0}],"tick":2317},{"sounds":[],"tick":2318},{"sounds":[{"level":1539,"sound":81},{"level":-1,"sound":0}],"tick":2319},{"sounds":[],"tick":2320},{"sounds":[],"tick":2321},{"sounds":[{"level":-1,"sound":0}],"tick":2322},{"sounds":[],"tick":2323},{"sounds":[],"tick":2324},{"sounds":[{"level":-1,"sound":0}],"tick":2325},{"sounds":[],"tick":2326},{"sounds":[{"level":-1,"sound":0}],"tick":2327},{"sounds":[{"level":1539,"sound":81}],"tick":2328},{"sounds":[],"tick":2329},{"sounds":[{"level":-1,"sound":0}],"tick":2330},{"sounds":[{"level":-1,"sound":0}],"tick":2331},{"sounds":[],"tick":2332},{"sounds":[],"tick":2333},{"sounds":[{"level":1555,"sound":81},{"level":-1,"sound":0}],"tick":2334},{"sounds":[],"tick":2335},{"sounds":[],"tick":2336},{"sounds":[{"level":-1,"sound":0}],"tick":2337},{"sounds":[],"tick":2338},{"sounds":[],"tick":2339},{"sounds":[{"level":-1,"sound":0}],"tick":2340},{"sounds":[{"level":-1,"sound":0},{"level":1553,"sound":81}],"tick":2341},{"sounds":[],"tick":2342},{"sounds":[{"level":-1,"sound":0},{"level":1539,"sound":81}],"tick":2343},{"sounds":[],"tick":2344},{"sounds":[],"tick":2345},{"sounds":[],"tick":2346},{"sounds":[],"tick":2347},{"sounds":[],"tick":2348},{"sounds":[{"level":-1,"sound":0}],"tick":2349},{"sounds":[],"tick":2350},{"sounds":[{"level":-1,"sound":0}],"tick":2351},{"sounds":[],"tick":2352},{"sounds":[{"level":-1,"sound":0}],"tick":2353},{"sounds":[],"tick":2354},{"sounds":[],"tick":2355},{"sounds":[{"level":-1,"sound":0},{"level":1539,"sound":81}],"tick":2356},{"sounds":[],"tick":2357},{"sounds":[],"tick":2358},{"sounds":[{"level":-1,"sound":0}],"tick":2359},{"sounds":[],"tick":2360},{"sounds":[],"tick":2361},{"sounds":[],"tick":2362},{"sounds":[],"tick":2363},{"sounds":[{"level":-1,"sound":0}],"tick":2364},{"sounds":[],"tick":2365},{"sounds":[],"tick":2366},{"sounds":[],"tick":2367},{"sounds":[{"level":-1,"sound":0},{"level":1560,"sound":81}],"tick":2368},{"sounds":[{"level":-1,"sound":0},{"level":1558,"sound":81}],"tick":2369},{"sounds":[],"tick":2370},{"sounds":[{"level":-1,"sound":0}],"tick":2371},{"sounds":[],"tick":2372},{"sounds":[{"level":-1,"sound":0}],"tick":2373},{"sounds":[],"tick":2374},{"sounds":[],"tick":2375},{"sounds":[],"tick":2376},{"sounds":[{"level":-1,"sound":0}],"tick":2377},{"sounds":[],"tick":2378},{"sounds":[{"level":-1,"sound":0}],"tick":2379},{"sounds":[],"tick":2380},{"sounds":[{"level":-1,"sound":0}],"tick":2381},{"sounds":[],"tick":2382},{"sounds":[],"tick":2383},{"sounds":[{"level":-1,"sound":0}],"tick":2384},{"sounds":[],"tick":2385},{"sounds":[],"tick":2386},{"sounds":[],"tick":2387},{"sounds":[{"level":-1,"sound":0}],"tick":2388},{"sounds":[],"tick":2389},{"sounds":[],"tick":2390},{"sounds":[{"level":-1,"sound":0}],"tick":2391},{"sounds":[{"level":-1,"sound":0}],"tick":2392},{"sounds":[],"tick":2393},{"sounds":[],"tick":2394},{"sounds":[{"level":-1,"sound":0},{"level":1541,"sound":81}],"tick":2395},{"sounds":[],"tick":2396},{"sounds":[{"level":-1,"sound":0}],"tick":2397},{"sounds":[],"tick":2398},{"sounds":[{"level":-1,"sound":0},{"level":1541,"sound":81}],"tick":2399},{"sounds":[],"tick":2400},{"sounds":[],"tick":2401},{"sounds":[{"level":-1,"sound":0}],"tick":2402},{"sounds":[],"tick":2403},{"sounds":[{"level":-1,"sound":0}],"tick":2404},{"sounds":[],"tick":2405},{"sounds":[{"level":-1,"sound":0}],"tick":2406},{"sounds":[{"level":1553,"sound":81},{"level":-1,"sound":0}],"tick":2407},{"sounds":[],"tick":2408},{"sounds":[],"tick":2409},{"sounds":[],"tick":2410},{"sounds":[{"level":-1,"sound":0}],"tick":2411},{"sounds":[],"tick":2412},{"sounds":[{"level":-1,"sound":0}],"tick":2413},{"sounds":[],"tick":2414},{"sounds":[{"level":-1,"sound":0}],"tick":2415},{"sounds":[],"tick":2416},{"sounds":[{"level":1553,"sound":81}],"tick":2417},{"sounds":[{"level":-1,"sound":0}],"tick":2418},{"sounds":[],"tick":2419},{"sounds":[{"level":-1,"sound":0}],"tick":2420},{"sounds":[],"tick":2421},{"sounds":[],"tick":2422},{"sounds":[{"level":-1,"sound":0}],"tick":2423},{"sounds":[],"tick":2424},{"sounds":[],"tick":2425},{"sounds":[],"tick":2426},{"sounds":[{"level":1553,"sound":81},{"level":-1,"sound":0}],"tick":2427},{"sounds":[],"tick":2428},{"sounds":[{"level":-1,"sound":0}],"tick":2429},{"sounds":[],"tick":2430},{"sounds":[],"tick":2431},{"sounds":[{"level":-1,"sound":0}],"tick":2432},{"sounds":[],"tick":2433},{"sounds":[{"level":-1,"sound":0}],"tick":2434},{"sounds":[],"tick":2435},{"sounds":[],"tick":2436},{"sounds":[],"tick":2437},{"sounds":[{"level":-1,"sound":0}],"tick":2438},{"sounds":[],"tick":2439},{"sounds":[{"level":-1,"sound":0}],"tick":2440},{"sounds":[],"tick":2441},{"sounds":[],"tick":2442},{"sounds":[],"tick":2443},{"sounds":[{"level":-1,"sound":0}],"tick":2444},{"sounds":[],"tick":2445},{"sounds":[{"level":-1,"sound":0}],"tick":2446},{"sounds":[],"tick":2447},{"sounds":[],"tick":2448},{"sounds":[],"tick":2449},{"sounds":[{"level":-1,"sound":0}],"tick":2450},{"sounds":[],"tick":2451},{"sounds":[{"level":-1,"sound":0}],"tick":2452},{"sounds":[{"level":-1,"sound":0}],"tick":2453},{"sounds":[],"tick":2454},{"sounds":[],"tick":2455},{"sounds":[],"tick":2456},{"sounds":[{"level":-1,"sound":0}],"tick":2457},{"sounds":[],"tick":2458},{"sounds":[],"tick":2459},{"sounds":[],"tick":2460},{"sounds":[{"level":-1,"sound":0}],"tick":2461},{"sounds":[],"tick":2462},{"sounds":[],"tick":2463},{"sounds":[{"level":-1,"sound":0}],"tick":2464},{"sounds":[],"tick":2465},{"sounds":[{"level":-1,"sound":0}],"tick":2466},{"sounds":[{"level":-1,"sound":0}],"tick":2467},{"sounds":[],"tick":2468},{"sounds":[],"tick":2469},{"sounds":[],"tick":2470},{"sounds":[{"level":-1,"sound":0}],"tick":2471},{"sounds":[],"tick":2472},{"sounds":[],"tick":2473},{"sounds":[],"tick":2474},{"sounds":[{"level":-1,"sound":0}],"tick":2475},{"sounds":[],"tick":2476},{"sounds":[{"level":-1,"sound":0}],"tick":2477},{"sounds":[],"tick":2478},{"sounds":[{"level":-1,"sound":0}],"tick":2479},{"sounds":[],"tick":2480},{"sounds":[],"tick":2481},{"sounds":[{"level":-1,"sound":0}],"tick":2482},{"sounds":[],"tick":2483},{"sounds":[],"tick":2484},{"sounds":[],"tick":2485},{"sounds":[],"tick":2486},{"sounds":[],"tick":2487},{"sounds":[{"level":-1,"sound":0}],"tick":2488},{"sounds":[],"tick":2489},{"sounds":[{"level":-1,"sound":0}],"tick":2490},{"sounds":[],"tick":2491},{"sounds":[],"tick":2492},{"sounds":[],"tick":2493},{"sounds":[],"tick":2494},{"sounds":[{"level":-1,"sound":0}],"tick":2495},{"sounds":[],"tick":2496},{"sounds":[{"level":-1,"sound":0}],"tick":2497},{"sounds":[],"tick":2498},{"sounds":[{"level":-1,"sound":0}],"tick":2499},{"sounds":[],"tick":2500},{"sounds":[{"level":-1,"sound":0}],"tick":2501},{"sounds":[],"tick":2502},{"sounds":[{"level":-1,"sound":0}],"tick":2503},{"sounds":[],"tick":2504},{"sounds":[],"tick":2505},{"sounds":[],"tick":2506},{"sounds":[{"level":-1,"sound":0}],"tick":2507},{"sounds":[{"level":-1,"sound":0}],"tick":2508},{"sounds":[],"tick":2509},{"sounds":[],"tick":2510},{"sounds":[{"level":-1,"sound":0}],"tick":2511},{"sounds":[],"tick":2512},{"sounds":[{"level":-1,"sound":0}],"tick":2513},{"sounds":[],"tick":2514},{"sounds":[],"tick":2515},{"sounds":[],"tick":2516},{"sounds":[],"tick":2517},{"sounds":[{"level":-1,"sound":0}],"tick":2518},{"sounds":[],"tick":2519},{"sounds":[],"tick":2520},{"sounds":[],"tick":2521},{"sounds":[],"tick":2522},{"sounds":[],"tick":2523},{"sounds":[{"level":-1,"sound":0}],"tick":2524},{"sounds":[],"tick":2525},{"sounds":[{"level":-1,"sound":0}],"tick":2526},{"sounds":[],"tick":2527},{"sounds":[],"tick":2528},{"sounds":[],"tick":2529},{"sounds":[{"level":-1,"sound":0}],"tick":2530},{"sounds":[],"tick":2531},{"sounds":[],"tick":2532},{"sounds":[{"level":-1,"sound":0}],"tick":2533},{"sounds":[],"tick":2534},{"sounds":[],"tick":2535},{"sounds":[{"level":-1,"sound":0}],"tick":2536},{"sounds":[],"tick":2537},{"sounds":[],"tick":2538},{"sounds":[],"tick":2539},{"sounds":[],"tick":2540},{"sounds":[{"level":-1,"sound":0}],"tick":2541},{"sounds":[],"tick":2542},{"sounds":[],"tick":2543},{"sounds":[{"level":-1,"sound":0}],"tick":2544},{"sounds":[],"tick":2545},{"sounds":[],"tick":2546},{"sounds":[],"tick":2547},{"sounds":[{"level":-1,"sound":0}],"tick":2548},{"sounds":[],"tick":2549},{"sounds":[],"tick":2550},{"sounds":[],"tick":2551},{"sounds":[{"level":-1,"sound":0}],"tick":2552},{"sounds":[],"tick":2553},{"sounds":[],"tick":2554},{"sounds":[],"tick":2555},{"sounds":[{"level":-1,"sound":0}],"tick":2556},{"sounds":[],"tick":2557},{"sounds":[{"level":-1,"sound":0}],"tick":2558},{"sounds":[],"tick":2559},{"sounds":[],"tick":2560},{"sounds":[],"tick":2561},{"sounds":[],"tick":2562},{"sounds":[{"level":-1,"sound":0}],"tick":2563},{"sounds":[],"tick":2564},{"sounds":[],"tick":2565},{"sounds":[{"level":-1,"sound":0}],"tick":2566},{"sounds":[],"tick":2567},{"sounds":[],"tick":2568},{"sounds":[],"tick":2569},{"sounds":[{"level":-1,"sound":0}],"tick":2570},{"sounds":[],"tick":2571},{"sounds":[],"tick":2572},{"sounds":[],"tick":2573},{"sounds":[],"tick":2574},{"sounds":[{"level":-1,"sound":0}],"tick":2575},{"sounds":[],"tick":2576},{"sounds":[],"tick":2577},{"sounds":[{"level":-1,"sound":0}],"tick":2578},{"sounds":[],"tick":2579},{"sounds":[{"level":-1,"sound":0}],"tick":2580},{"sounds":[],"tick":2581},{"sounds":[],"tick":2582},{"sounds":[{"level":-1,"sound":0}],"tick":2583},{"sounds":[],"tick":2584},{"sounds":[],"tick":2585},{"sounds":[],"tick":2586},{"sounds":[],"tick":2587},{"sounds":[],"tick":2588},{"sounds":[{"level":-1,"sound":0}],"tick":2589},{"sounds":[],"tick":2590},{"sounds":[{"level":-1,"sound":0}],"tick":2591},{"sounds":[],"tick":2592},{"sounds":[{"level":-1,"sound":0}],"tick":2593},{"sounds":[],"tick":2594},{"sounds":[],"tick":2595},{"sounds":[],"tick":2596},{"sounds":[{"level":-1,"sound":0}],"tick":2597},{"sounds":[],"tick":2598},{"sounds":[],"tick":2599}]