[{"sounds":[{"level":25,"sound":81},{"level":28,"sound":81},{"level":33,"sound":81},{"level":35,"sound":81},{"level":41,"sound":81},{"level":9,"sound":81},{"level":15,"sound":81},{"level":20,"sound":81},{"level":30,"sound":81},{"level":34,"sound":81},{"level":36,"sound":81},{"level":37,"sound":81},{"level":39,"sound":81},{"level":43,"sound":81},{"level":24,"sound":81},{"level":27,"sound":81},{"level":38,"sound":81}],"tick":0},{"sounds":[{"level":8,"sound":81},{"level":11,"sound":81},{"level":16,"sound":81},{"level":29,"sound":81},{"level":17,"sound":81},{"level":23,"sound":81},{"level":31,"sound":81},{"level":22,"sound":81},{"level":24,"sound":81},{"level":33,"sound":81}],"tick":1},{"sounds":[{"level":0,"sound":81},{"level":25,"sound":81},{"level":27,"sound":81},{"level":32,"sound":81},{"level":17,"sound":81},{"level":26,"sound":81},{"level":29,"sound":81},{"level":33,"sound":81},{"level":15,"sound":81},{"level":31,"sound":81}],"tick":2},{"sounds":[{"level":21,"sound":81},{"level":23,"sound":81},{"level":14,"sound":81},{"level":20,"sound":81},{"level":7,"sound":81},{"level":24,"sound":81},{"level":12,"sound":81},{"level":16,"sound":81},{"level":34,"sound":81},{"level":31,"sound":81}],"tick":3},{"sounds":[{"level":15,"sound":81},{"level":20,"sound":81},{"level":23,"sound":81},{"level":29,"sound":81},{"level":25,"sound":81},{"level":16,"sound":81},{"level":21,"sound":81},{"level":35,"sound":81}],"tick":4},{"sounds":[{"level":8,"sound":81},{"level":13,"sound":81},{"level":19,"sound":81},{"level":23,"sound":81},{"level":26,"sound":81},{"level":0,"sound":81},{"level":24,"sound":81},{"level":30,"sound":81}],"tick":5},{"sounds":[{"level":31,"sound":81},{"level":10,"sound":81},{"level":27,"sound":81},{"level":35,"sound":81},{"level":7,"sound":81},{"level":15,"sound":81},{"level":17,"sound":81},{"level":21,"sound":81},{"level":22,"sound":81},{"level":24,"sound":81},{"level":37,"sound":81},{"level":41,"sound":81},{"level":-25,"sound":81},{"level":30,"sound":81},{"level":43,"sound":81}],"tick":6},{"sounds":[{"level":18,"sound":81},{"level":23,"sound":81},{"level":33,"sound":81},{"level":20,"sound":81},{"level":27,"sound":81},{"level":3,"sound":81},{"level":16,"sound":81},{"level":19,"sound":81},{"level":25,"sound":81},{"level":26,"sound":81},{"level":29,"sound":81},{"level":31,"sound":81},{"level":34,"sound":81},{"level":37,"sound":81},{"level":8,"sound":81},{"level":13,"sound":81},{"level":15,"sound":81},{"level":23,"sound":81},{"level":35,"sound":81}],"tick":7},{"sounds":[{"level":17,"sound":81},{"level":29,"sound":81},{"level":30,"sound":81},{"level":-9,"sound":81},{"level":2,"sound":81},{"level":36,"sound":81},{"level":12,"sound":81},{"level":27,"sound":81}],"tick":8},{"sounds":[{"level":22,"sound":81},{"level":24,"sound":81},{"level":26,"sound":81},{"level":28,"sound":81},{"level":8,"sound":81},{"level":18,"sound":81},{"level":36,"sound":81},{"level":-10,"sound":81},{"level":2,"sound":81},{"level":29,"sound":81},{"level":9,"sound":81},{"level":13,"sound":81},{"level":17,"sound":81},{"level":20,"sound":81}],"tick":9},{"sounds":[{"level":27,"sound":81},{"level":35,"sound":81},{"level":16,"sound":81},{"level":28,"sound":81},{"level":30,"sound":81},{"level":33,"sound":81},{"level":15,"sound":81},{"level":34,"sound":81},{"level":38,"sound":81},{"level":14,"sound":81},{"level":18,"sound":81},{"level":23,"sound":81}],"tick":10},{"sounds":[{"level":22,"sound":81},{"level":33,"sound":81},{"level":41,"sound":81},{"level":29,"sound":81},{"level":11,"sound":81},{"level":21,"sound":81},{"level":31,"sound":81},{"level":43,"sound":81},{"level":12,"sound":81},{"level":34,"sound":81}],"tick":11},{"sounds":[{"level":13,"sound":81},{"level":22,"sound":81},{"level":24,"sound":81},{"level":8,"sound":81},{"level":14,"sound":81},{"level":17,"sound":81},{"level":21,"sound":81},{"level":29,"sound":81},{"level":18,"sound":81},{"level":12,"sound":81},{"level":22,"sound":81},{"level":32,"sound":81}],"tick":12},{"sounds":[{"level":13,"sound":81},{"level":27,"sound":81},{"level":28,"sound":81},{"level":2,"sound":81},{"level":11,"sound":81},{"level":21,"sound":81},{"level":39,"sound":81},{"level":14,"sound":81},{"level":30,"sound":81},{"level":31,"sound":81},{"level":28,"sound":81},{"level":32,"sound":81}],"tick":13},{"sounds":[{"level":23,"sound":81},{"level":27,"sound":81},{"level":16,"sound":81},{"level":24,"sound":81},{"level":39,"sound":81},{"level":19,"sound":81},{"level":22,"sound":81},{"level":18,"sound":81},{"level":20,"sound":81}],"tick":14},{"sounds":[{"level":4,"sound":81},{"level":11,"sound":81},{"level":25,"sound":81},{"level":29,"sound":81},{"level":16,"sound":81},{"level":30,"sound":81},{"level":-10,"sound":81},{"level":18,"sound":81},{"level":35,"sound":81},{"level":2,"sound":81},{"level":14,"sound":81},{"level":17,"sound":81},{"level":21,"sound":81},{"level":27,"sound":81},{"level":28,"sound":81},{"level":31,"sound":81},{"level":37,"sound":81}],"tick":15},{"sounds":[{"level":15,"sound":81},{"level":22,"sound":81},{"level":-9,"sound":81},{"level":23,"sound":81},{"level":29,"sound":81},{"level":35,"sound":81},{"level":2,"sound":81},{"level":13,"sound":81},{"level":26,"sound":81},{"level":28,"sound":81},{"level":30,"sound":81}],"tick":16},{"sounds":[{"level":9,"sound":81},{"level":19,"sound":81},{"level":25,"sound":81},{"level":36,"sound":81},{"level":41,"sound":81},{"level":24,"sound":81},{"level":27,"sound":81},{"level":32,"sound":81},{"level":1,"sound":81},{"level":23,"sound":81},{"level":7,"sound":81},{"level":20,"sound":81},{"level":22,"sound":81},{"level":3,"sound":81},{"level":16,"sound":81},{"level":18,"sound":81},{"level":25,"sound":81}],"tick":17},{"sounds":[{"level":21,"sound":81},{"level":-10,"sound":81},{"level":31,"sound":81},{"level":4,"sound":81},{"level":11,"sound":81},{"level":13,"sound":81},{"level":19,"sound":81},{"level":22,"sound":81},{"level":25,"sound":81},{"level":27,"sound":81}],"tick":18},{"sounds":[{"level":-10,"sound":81},{"level":10,"sound":81},{"level":14,"sound":81},{"level":23,"sound":81},{"level":24,"sound":81},{"level":37,"sound":81},{"level":9,"sound":81},{"level":18,"sound":81},{"level":28,"sound":81},{"level":35,"sound":81},{"level":3,"sound":81},{"level":20,"sound":81},{"level":26,"sound":81},{"level":31,"sound":81},{"level":34,"sound":81}],"tick":19},{"sounds":[{"level":11,"sound":81},{"level":13,"sound":81},{"level":18,"sound":81},{"level":29,"sound":81},{"level":-6,"sound":81},{"level":15,"sound":81},{"level":8,"sound":81},{"level":10,"sound":81},{"level":17,"sound":81},{"level":28,"sound":81},{"level":33,"sound":81},{"level":38,"sound":81},{"level":-10,"sound":81},{"level":2,"sound":81}],"tick":20},{"sounds":[{"level":9,"sound":81},{"level":15,"sound":81},{"level":30,"sound":81},{"level":31,"sound":81},{"level":33,"sound":81},{"level":14,"sound":81},{"level":24,"sound":81}],"tick":21},{"sounds":[{"level":2,"sound":81},{"level":8,"sound":81},{"level":18,"sound":81},{"level":22,"sound":81},{"level":29,"sound":81},{"level":36,"sound":81},{"level":21,"sound":81},{"level":27,"sound":81},{"level":3,"sound":81},{"level":9,"sound":81},{"level":16,"sound":81},{"level":24,"sound":81},{"level":43,"sound":81},{"level":7,"sound":81},{"level":28,"sound":81},{"level":30,"sound":81}],"tick":22},{"sounds":[{"level":18,"sound":81},{"level":0,"sound":81},{"level":13,"sound":81},{"level":20,"sound":81},{"level":-12,"sound":81},{"level":16,"sound":81},{"level":22,"sound":81},{"level":30,"sound":81},{"level":28,"sound":81},{"level":27,"sound":81},{"level":31,"sound":81},{"level":39,"sound":81}],"tick":23},{"sounds":[{"level":19,"sound":81},{"level":24,"sound":81},{"level":30,"sound":81},{"level":21,"sound":81},{"level":32,"sound":81},{"level":16,"sound":81},{"level":7,"sound":81},{"level":22,"sound":81},{"level":29,"sound":81}],"tick":24},{"sounds":[{"level":36,"sound":81},{"level":27,"sound":81},{"level":31,"sound":81},{"level":15,"sound":81},{"level":22,"sound":81}],"tick":25},{"sounds":[{"level":20,"sound":81},{"level":14,"sound":81},{"level":24,"sound":81},{"level":17,"sound":81},{"level":19,"sound":81},{"level":29,"sound":81},{"level":30,"sound":81},{"level":11,"sound":81},{"level":32,"sound":81},{"level":39,"sound":81}],"tick":26},{"sounds":[{"level":18,"sound":81},{"level":27,"sound":81},{"level":8,"sound":81},{"level":16,"sound":81},{"level":21,"sound":81},{"level":1,"sound":81},{"level":7,"sound":81},{"level":17,"sound":81},{"level":25,"sound":81},{"level":28,"sound":81},{"level":34,"sound":81},{"level":16,"sound":81}],"tick":27},{"sounds":[{"level":10,"sound":81},{"level":13,"sound":81},{"level":18,"sound":81},{"level":24,"sound":81},{"level":31,"sound":81},{"level":4,"sound":81},{"level":16,"sound":81},{"level":20,"sound":81},{"level":17,"sound":81}],"tick":28},{"sounds":[{"level":15,"sound":81},{"level":-13,"sound":81},{"level":6,"sound":81},{"level":35,"sound":81},{"level":38,"sound":81},{"level":16,"sound":81},{"level":19,"sound":81},{"level":22,"sound":81},{"level":26,"sound":81},{"level":31,"sound":81},{"level":37,"sound":81},{"level":40,"sound":81},{"level":42,"sound":81},{"level":43,"sound":81}],"tick":29},{"sounds":[{"level":13,"sound":81},{"level":23,"sound":81},{"level":33,"sound":81},{"level":39,"sound":81},{"level":15,"sound":81},{"level":16,"sound":81},{"level":21,"sound":81},{"level":26,"sound":81},{"level":32,"sound":81},{"level":-20,"sound":81},{"level":8,"sound":81},{"level":30,"sound":81},{"level":14,"sound":81},{"level":20,"sound":81},{"level":28,"sound":81},{"level":34,"sound":81}],"tick":30},{"sounds":[{"level":17,"sound":81},{"level":35,"sound":81}],"tick":31},{"sounds":[{"level":28,"sound":81},{"level":39,"sound":81},{"level":19,"sound":81},{"level":22,"sound":81},{"level":43,"sound":81},{"level":23,"sound":81},{"level":24,"sound":81},{"level":17,"sound":81},{"level":21,"sound":81},{"level":27,"sound":81},{"level":30,"sound":81}],"tick":32},{"sounds":[{"level":32,"sound":81},{"level":2,"sound":81},{"level":28,"sound":81},{"level":13,"sound":81},{"level":29,"sound":81},{"level":12,"sound":81},{"level":18,"sound":81},{"level":30,"sound":81},{"level":32,"sound":81},{"level":34,"sound":81}],"tick":33},{"sounds":[{"level":23,"sound":81},{"level":25,"sound":81},{"level":27,"sound":81},{"level":42,"sound":81},{"level":17,"sound":81},{"level":13,"sound":81},{"level":15,"sound":81},{"level":30,"sound":81},{"level":35,"sound":81}],"tick":34},{"sounds":[{"level":-9,"sound":81},{"level":16,"sound":81},{"level":30,"sound":81},{"level":19,"sound":81},{"level":36,"sound":81}],"tick":35},{"sounds":[{"level":-10,"sound":81},{"level":14,"sound":81},{"level":23,"sound":81},{"level":26,"sound":81},{"level":32,"sound":81},{"level":8,"sound":81},{"level":11,"sound":81},{"level":15,"sound":81},{"level":30,"sound":81},{"level":33,"sound":81},{"level":14,"sound":81},{"level":19,"sound":81},{"level":28,"sound":81},{"level":39,"sound":81}],"tick":36},{"sounds":[{"level":17,"sound":81},{"level":22,"sound":81},{"level":27,"sound":81},{"level":-10,"sound":81},{"level":13,"sound":81},{"level":21,"sound":81},{"level":24,"sound":81},{"level":34,"sound":81},{"level":37,"sound":81},{"level":19,"sound":81},{"level":22,"sound":81},{"level":3,"sound":81},{"level":7,"sound":81},{"level":10,"sound":81},{"level":12,"sound":81}],"tick":37},{"sounds":[{"level":27,"sound":81},{"level":15,"sound":81},{"level":21,"sound":81},{"level":23,"sound":81},{"level":37,"sound":81},{"level":-10,"sound":81},{"level":10,"sound":81},{"level":4,"sound":81},{"level":16,"sound":81},{"level":18,"sound":81}],"tick":38},{"sounds":[{"level":-9,"sound":81},{"level":11,"sound":81},{"level":13,"sound":81},{"level":17,"sound":81},{"level":19,"sound":81},{"level":21,"sound":81},{"level":26,"sound":81},{"level":34,"sound":81},{"level":30,"sound":81},{"level":43,"sound":81},{"level":2,"sound":81},{"level":15,"sound":81},{"level":-11,"sound":81},{"level":9,"sound":81},{"level":20,"sound":81},{"level":33,"sound":81}],"tick":39},{"sounds":[{"level":3,"sound":81},{"level":23,"sound":81},{"level":15,"sound":81},{"level":18,"sound":81},{"level":19,"sound":81},{"level":22,"sound":81},{"level":2,"sound":81},{"level":9,"sound":81},{"level":38,"sound":81},{"level":14,"sound":81},{"level":17,"sound":81},{"level":28,"sound":81},{"level":-10,"sound":81},{"level":8,"sound":81},{"level":31,"sound":81},{"level":39,"sound":81}],"tick":40},{"sounds":[{"level":15,"sound":81},{"level":24,"sound":81},{"level":26,"sound":81},{"level":33,"sound":81},{"level":43,"sound":81},{"level":7,"sound":81},{"level":28,"sound":81},{"level":10,"sound":81},{"level":18,"sound":81},{"level":21,"sound":81}],"tick":41},{"sounds":[{"level":20,"sound":81},{"level":9,"sound":81},{"level":12,"sound":81},{"level":17,"sound":81},{"level":27,"sound":81},{"level":29,"sound":81},{"level":31,"sound":81},{"level":34,"sound":81},{"level":23,"sound":81},{"level":24,"sound":81},{"level":30,"sound":81},{"level":26,"sound":81}],"tick":42},{"sounds":[{"level":27,"sound":81},{"level":31,"sound":81},{"level":0,"sound":81},{"level":32,"sound":81},{"level":-12,"sound":81},{"level":13,"sound":81},{"level":10,"sound":81},{"level":30,"sound":81},{"level":17,"sound":81},{"level":20,"sound":81}],"tick":43},{"sounds":[{"level":22,"sound":81},{"level":27,"sound":81},{"level":34,"sound":81},{"level":32,"sound":81},{"level":28,"sound":81},{"level":7,"sound":81},{"level":16,"sound":81},{"level":21,"sound":81}],"tick":44},{"sounds":[{"level":15,"sound":81},{"level":22,"sound":81},{"level":27,"sound":81},{"level":29,"sound":81},{"level":32,"sound":81},{"level":25,"sound":81},{"level":10,"sound":81},{"level":14,"sound":81},{"level":23,"sound":81},{"level":31,"sound":81},{"level":36,"sound":81}],"tick":45},{"sounds":[{"level":19,"sound":81},{"level":32,"sound":81},{"level":30,"sound":81},{"level":17,"sound":81},{"level":26,"sound":81},{"level":27,"sound":81},{"level":33,"sound":81}],"tick":46},{"sounds":[{"level":10,"sound":81},{"level":14,"sound":81},{"level":24,"sound":81},{"level":25,"sound":81},{"level":28,"sound":81},{"level":19,"sound":81},{"level":5,"sound":81},{"level":11,"sound":81},{"level":32,"sound":81},{"level":37,"sound":81},{"level":41,"sound":81},{"level":6,"sound":81},{"level":12,"sound":81},{"level":18,"sound":81},{"level":30,"sound":81}],"tick":47},{"sounds":[{"level":14,"sound":81},{"level":-10,"sound":81},{"level":17,"sound":81},{"level":18,"sound":81},{"level":36,"sound":81}],"tick":48},{"sounds":[{"level":19,"sound":81},{"level":-1,"sound":81},{"level":9,"sound":81},{"level":23,"sound":81},{"level":42,"sound":81},{"level":13,"sound":81},{"level":15,"sound":81},{"level":32,"sound":81},{"level":39,"sound":81}],"tick":49},{"sounds":[{"level":-13,"sound":81},{"level":20,"sound":81},{"level":27,"sound":81},{"level":34,"sound":81},{"level":40,"sound":81},{"level":14,"sound":81},{"level":37,"sound":81},{"level":-1,"sound":81},{"level":22,"sound":81},{"level":-14,"sound":81},{"level":5,"sound":81},{"level":19,"sound":81},{"level":24,"sound":81},{"level":28,"sound":81},{"level":13,"sound":81},{"level":17,"sound":81}],"tick":50},{"sounds":[{"level":-2,"sound":81},{"level":11,"sound":81},{"level":30,"sound":81},{"level":32,"sound":81},{"level":17,"sound":81},{"level":6,"sound":81}],"tick":51},{"sounds":[{"level":21,"sound":81},{"level":23,"sound":81},{"level":38,"sound":81},{"level":40,"sound":81},{"level":3,"sound":81},{"level":13,"sound":81},{"level":27,"sound":81},{"level":31,"sound":81},{"level":32,"sound":81},{"level":34,"sound":81},{"level":42,"sound":81},{"level":10,"sound":81},{"level":19,"sound":81},{"level":26,"sound":81},{"level":28,"sound":81},{"level":30,"sound":81},{"level":33,"sound":81}],"tick":52},{"sounds":[{"level":14,"sound":81},{"level":20,"sound":81},{"level":22,"sound":81},{"level":40,"sound":81},{"level":21,"sound":81},{"level":35,"sound":81}],"tick":53},{"sounds":[{"level":8,"sound":81},{"level":18,"sound":81},{"level":23,"sound":81},{"level":37,"sound":81},{"level":43,"sound":81},{"level":25,"sound":81}],"tick":54},{"sounds":[{"level":13,"sound":81},{"level":17,"sound":81},{"level":24,"sound":81},{"level":14,"sound":81},{"level":21,"sound":81},{"level":40,"sound":81},{"level":8,"sound":81},{"level":15,"sound":81},{"level":18,"sound":81},{"level":-1,"sound":81},{"level":10,"sound":81},{"level":25,"sound":81}],"tick":55},{"sounds":[{"level":5,"sound":81},{"level":24,"sound":81},{"level":26,"sound":81},{"level":28,"sound":81},{"level":33,"sound":81},{"level":-2,"sound":81},{"level":14,"sound":81},{"level":18,"sound":81},{"level":27,"sound":81},{"level":32,"sound":81},{"level":28,"sound":81},{"level":35,"sound":81}],"tick":56},{"sounds":[{"level":-1,"sound":81},{"level":11,"sound":81},{"level":33,"sound":81},{"level":43,"sound":81},{"level":19,"sound":81},{"level":22,"sound":81},{"level":6,"sound":81},{"level":10,"sound":81},{"level":29,"sound":81},{"level":31,"sound":81},{"level":37,"sound":81},{"level":16,"sound":81},{"level":25,"sound":81},{"level":27,"sound":81},{"level":4,"sound":81},{"level":13,"sound":81},{"level":24,"sound":81}],"tick":57},{"sounds":[{"level":8,"sound":81},{"level":39,"sound":81},{"level":17,"sound":81},{"level":32,"sound":81},{"level":-2,"sound":81},{"level":26,"sound":81},{"level":14,"sound":81},{"level":19,"sound":81},{"level":28,"sound":81},{"level":37,"sound":81}],"tick":58},{"sounds":[{"level":20,"sound":81},{"level":27,"sound":81},{"level":30,"sound":81},{"level":33,"sound":81},{"level":6,"sound":81},{"level":18,"sound":81},{"level":32,"sound":81},{"level":-1,"sound":81},{"level":15,"sound":81},{"level":17,"sound":81},{"level":28,"sound":81}],"tick":59},{"sounds":[{"level":5,"sound":81},{"level":12,"sound":81},{"level":19,"sound":81},{"level":22,"sound":81},{"level":31,"sound":81},{"level":-13,"sound":81},{"level":18,"sound":81},{"level":21,"sound":81},{"level":23,"sound":81},{"level":34,"sound":81},{"level":7,"sound":81},{"level":16,"sound":81},{"level":-3,"sound":81},{"level":10,"sound":81},{"level":13,"sound":81},{"level":15,"sound":81},{"level":8,"sound":81},{"level":19,"sound":81},{"level":28,"sound":81},{"level":33,"sound":81}],"tick":60},{"sounds":[{"level":-15,"sound":81},{"level":-2,"sound":81},{"level":4,"sound":81},{"level":14,"sound":81},{"level":24,"sound":81},{"level":26,"sound":81},{"level":29,"sound":81},{"level":9,"sound":81},{"level":22,"sound":81},{"level":-14,"sound":81},{"level":6,"sound":81},{"level":16,"sound":81},{"level":20,"sound":81},{"level":25,"sound":81},{"level":-1,"sound":81},{"level":12,"sound":81},{"level":31,"sound":81}],"tick":61},{"sounds":[{"level":-13,"sound":81},{"level":18,"sound":81},{"level":17,"sound":81},{"level":23,"sound":81},{"level":30,"sound":81},{"level":15,"sound":81},{"level":34,"sound":81},{"level":21,"sound":81}],"tick":62},{"sounds":[{"level":25,"sound":81},{"level":32,"sound":81},{"level":22,"sound":81},{"level":11,"sound":81},{"level":15,"sound":81},{"level":18,"sound":81},{"level":24,"sound":81},{"level":26,"sound":81},{"level":5,"sound":81},{"level":17,"sound":81},{"level":40,"sound":81},{"level":-6,"sound":81},{"level":23,"sound":81},{"level":38,"sound":81}],"tick":63},{"sounds":[{"level":9,"sound":81},{"level":22,"sound":81},{"level":30,"sound":81},{"level":14,"sound":81},{"level":35,"sound":81},{"level":16,"sound":81},{"level":10,"sound":81},{"level":20,"sound":81},{"level":27,"sound":81},{"level":29,"sound":81}],"tick":64},{"sounds":[{"level":22,"sound":81},{"level":25,"sound":81},{"level":37,"sound":81},{"level":17,"sound":81},{"level":27,"sound":81},{"level":30,"sound":81}],"tick":65},{"sounds":[{"level":23,"sound":81},{"level":32,"sound":81},{"level":5,"sound":81},{"level":22,"sound":81},{"level":34,"sound":81},{"level":37,"sound":81},{"level":14,"sound":81},{"level":28,"sound":81},{"level":31,"sound":81}],"tick":66},{"sounds":[{"level":30,"sound":81},{"level":25,"sound":81},{"level":27,"sound":81},{"level":28,"sound":81},{"level":26,"sound":81},{"level":2,"sound":81},{"level":9,"sound":81},{"level":19,"sound":81},{"level":33,"sound":81},{"level":35,"sound":81}],"tick":67},{"sounds":[{"level":1,"sound":81},{"level":6,"sound":81},{"level":20,"sound":81},{"level":24,"sound":81},{"level":37,"sound":81},{"level":40,"sound":81},{"level":16,"sound":81},{"level":18,"sound":81}],"tick":68},{"sounds":[{"level":17,"sound":81},{"level":42,"sound":81},{"level":-13,"sound":81},{"level":30,"sound":81},{"level":27,"sound":81}],"tick":69},{"sounds":[{"level":32,"sound":81},{"level":38,"sound":81},{"level":40,"sound":81},{"level":5,"sound":81},{"level":16,"sound":81},{"level":22,"sound":81},{"level":23,"sound":81},{"level":25,"sound":81},{"level":31,"sound":81},{"level":39,"sound":81},{"level":19,"sound":81},{"level":42,"sound":81},{"level":4,"sound":81},{"level":9,"sound":81},{"level":11,"sound":81}],"tick":70},{"sounds":[{"level":12,"sound":81},{"level":18,"sound":81},{"level":30,"sound":81},{"level":37,"sound":81},{"level":20,"sound":81},{"level":25,"sound":81},{"level":38,"sound":81},{"level":43,"sound":81},{"level":6,"sound":81},{"level":29,"sound":81},{"level":32,"sound":81},{"level":36,"sound":81}],"tick":71},{"sounds":[{"level":17,"sound":81},{"level":30,"sound":81},{"level":31,"sound":81},{"level":34,"sound":81},{"level":39,"sound":81},{"level":40,"sound":81},{"level":24,"sound":81},{"level":25,"sound":81},{"level":27,"sound":81},{"level":37,"sound":81},{"level":38,"sound":81},{"level":42,"sound":81}],"tick":72},{"sounds":[{"level":5,"sound":81},{"level":9,"sound":81},{"level":13,"sound":81},{"level":20,"sound":81},{"level":22,"sound":81},{"level":26,"sound":81},{"level":30,"sound":81},{"level":10,"sound":81},{"level":25,"sound":81},{"level":28,"sound":81},{"level":24,"sound":81},{"level":33,"sound":81},{"level":37,"sound":81}],"tick":73},{"sounds":[{"level":0,"sound":81},{"level":15,"sound":81},{"level":25,"sound":81},{"level":27,"sound":81},{"level":30,"sound":81},{"level":16,"sound":81},{"level":6,"sound":81},{"level":21,"sound":81},{"level":23,"sound":81},{"level":32,"sound":81},{"level":19,"sound":81}],"tick":74},{"sounds":[{"level":17,"sound":81},{"level":26,"sound":81},{"level":30,"sound":81},{"level":25,"sound":81},{"level":0,"sound":81},{"level":11,"sound":81},{"level":15,"sound":81},{"level":18,"sound":81},{"level":22,"sound":81},{"level":5,"sound":81},{"level":10,"sound":81},{"level":29,"sound":81}],"tick":75},{"sounds":[{"level":-1,"sound":81},{"level":16,"sound":81},{"level":20,"sound":81},{"level":12,"sound":81},{"level":21,"sound":81},{"level":38,"sound":81},{"level":-14,"sound":81},{"level":26,"sound":81},{"level":35,"sound":81},{"level":-1,"sound":81},{"level":14,"sound":81},{"level":31,"sound":81}],"tick":76},{"sounds":[{"level":-13,"sound":81},{"level":9,"sound":81},{"level":20,"sound":81},{"level":22,"sound":81},{"level":24,"sound":81},{"level":33,"sound":81},{"level":25,"sound":81},{"level":34,"sound":81},{"level":23,"sound":81},{"level":28,"sound":81},{"level":30,"sound":81},{"level":32,"sound":81},{"level":-2,"sound":81},{"level":5,"sound":81},{"level":10,"sound":81},{"level":20,"sound":81}],"tick":77},{"sounds":[{"level":12,"sound":81},{"level":27,"sound":81},{"level":31,"sound":81},{"level":16,"sound":81},{"level":19,"sound":81},{"level":28,"sound":81},{"level":4,"sound":81},{"level":23,"sound":81}],"tick":78},{"sounds":[{"level":20,"sound":81},{"level":21,"sound":81},{"level":-1,"sound":81},{"level":5,"sound":81},{"level":22,"sound":81},{"level":6,"sound":81},{"level":15,"sound":81},{"level":29,"sound":81}],"tick":79},{"sounds":[{"level":-13,"sound":81},{"level":21,"sound":81},{"level":11,"sound":81},{"level":25,"sound":81},{"level":39,"sound":81},{"level":16,"sound":81},{"level":22,"sound":81},{"level":26,"sound":81},{"level":-14,"sound":81},{"level":7,"sound":81},{"level":13,"sound":81},{"level":18,"sound":81},{"level":21,"sound":81},{"level":-1,"sound":81},{"level":15,"sound":81},{"level":32,"sound":81}],"tick":80},{"sounds":[{"level":22,"sound":81},{"level":16,"sound":81},{"level":31,"sound":81},{"level":-14,"sound":81},{"level":23,"sound":81},{"level":27,"sound":81},{"level":2,"sound":81},{"level":6,"sound":81}],"tick":81},{"sounds":[{"level":-13,"sound":81},{"level":5,"sound":81},{"level":15,"sound":81},{"level":24,"sound":81},{"level":16,"sound":81},{"level":26,"sound":81},{"level":28,"sound":81}],"tick":82},{"sounds":[{"level":18,"sound":81},{"level":20,"sound":81},{"level":34,"sound":81},{"level":27,"sound":81},{"level":25,"sound":81},{"level":17,"sound":81},{"level":10,"sound":81},{"level":30,"sound":81}],"tick":83},{"sounds":[{"level":-5,"sound":81},{"level":23,"sound":81},{"level":33,"sound":81},{"level":-9,"sound":81},{"level":-1,"sound":81},{"level":8,"sound":81},{"level":11,"sound":81},{"level":19,"sound":81},{"level":16,"sound":81},{"level":25,"sound":81}],"tick":84},{"sounds":[{"level":-10,"sound":81},{"level":9,"sound":81},{"level":37,"sound":81},{"level":12,"sound":81},{"level":17,"sound":81},{"level":18,"sound":81},{"level":21,"sound":81},{"level":23,"sound":81},{"level":31,"sound":81}],"tick":85},{"sounds":[{"level":-10,"sound":81},{"level":32,"sound":81},{"level":39,"sound":81},{"level":20,"sound":81},{"level":24,"sound":81},{"level":25,"sound":81},{"level":-2,"sound":81},{"level":17,"sound":81},{"level":30,"sound":81},{"level":7,"sound":81},{"level":31,"sound":81},{"level":35,"sound":81}],"tick":86},{"sounds":[{"level":11,"sound":81},{"level":18,"sound":81},{"level":21,"sound":81},{"level":23,"sound":81},{"level":28,"sound":81},{"level":8,"sound":81},{"level":10,"sound":81},{"level":13,"sound":81},{"level":22,"sound":81},{"level":27,"sound":81},{"level":19,"sound":81},{"level":23,"sound":81},{"level":29,"sound":81}],"tick":87},{"sounds":[{"level":16,"sound":81},{"level":22,"sound":81},{"level":24,"sound":81},{"level":32,"sound":81},{"level":12,"sound":81},{"level":-1,"sound":81},{"level":26,"sound":81},{"level":30,"sound":81}],"tick":88},{"sounds":[{"level":0,"sound":81},{"level":21,"sound":81},{"level":27,"sound":81},{"level":-12,"sound":81},{"level":13,"sound":81},{"level":23,"sound":81},{"level":37,"sound":81},{"level":6,"sound":81},{"level":12,"sound":81},{"level":24,"sound":81},{"level":38,"sound":81},{"level":14,"sound":81},{"level":19,"sound":81},{"level":22,"sound":81},{"level":25,"sound":81},{"level":29,"sound":81},{"level":33,"sound":81}],"tick":89},{"sounds":[{"level":7,"sound":81},{"level":16,"sound":81},{"level":32,"sound":81},{"level":41,"sound":81},{"level":1,"sound":81},{"level":27,"sound":81},{"level":34,"sound":81},{"level":42,"sound":81},{"level":21,"sound":81},{"level":25,"sound":81},{"level":28,"sound":81},{"level":-12,"sound":81}],"tick":90},{"sounds":[{"level":26,"sound":81},{"level":20,"sound":81},{"level":17,"sound":81},{"level":23,"sound":81},{"level":25,"sound":81}],"tick":91},{"sounds":[{"level":14,"sound":81},{"level":16,"sound":81},{"level":30,"sound":81},{"level":10,"sound":81},{"level":33,"sound":81}],"tick":92},{"sounds":[{"level":1,"sound":81},{"level":20,"sound":81},{"level":25,"sound":81},{"level":27,"sound":81},{"level":31,"sound":81},{"level":12,"sound":81},{"level":14,"sound":81},{"level":19,"sound":81},{"level":0,"sound":81}],"tick":93},{"sounds":[{"level":21,"sound":81},{"level":27,"sound":81},{"level":29,"sound":81},{"level":25,"sound":81},{"level":8,"sound":81},{"level":15,"sound":81},{"level":33,"sound":81},{"level":37,"sound":81}],"tick":94},{"sounds":[{"level":16,"sound":81},{"level":32,"sound":81},{"level":14,"sound":81},{"level":24,"sound":81},{"level":21,"sound":81},{"level":27,"sound":81},{"level":39,"sound":81}],"tick":95},{"sounds":[{"level":30,"sound":81},{"level":-12,"sound":81},{"level":0,"sound":81},{"level":12,"sound":81},{"level":29,"sound":81},{"level":32,"sound":81}],"tick":96},{"sounds":[{"level":37,"sound":81},{"level":27,"sound":81},{"level":11,"sound":81},{"level":13,"sound":81},{"level":15,"sound":81},{"level":21,"sound":81},{"level":-1,"sound":81},{"level":7,"sound":81},{"level":22,"sound":81},{"level":26,"sound":81},{"level":30,"sound":81},{"level":2,"sound":81},{"level":16,"sound":81},{"level":33,"sound":81},{"level":35,"sound":81},{"level":36,"sound":81}],"tick":97},{"sounds":[{"level":8,"sound":81},{"level":12,"sound":81},{"level":7,"sound":81},{"level":17,"sound":81},{"level":4,"sound":81},{"level":15,"sound":81},{"level":23,"sound":81},{"level":8,"sound":81},{"level":18,"sound":81}],"tick":98},{"sounds":[{"level":3,"sound":81},{"level":17,"sound":81},{"level":-12,"sound":81},{"level":6,"sound":81},{"level":22,"sound":81},{"level":37,"sound":81},{"level":13,"sound":81},{"level":29,"sound":81},{"level":0,"sound":81},{"level":14,"sound":81},{"level":19,"sound":81}],"tick":99},{"sounds":[{"level":7,"sound":81},{"level":24,"sound":81},{"level":9,"sound":81},{"level":17,"sound":81},{"level":20,"sound":81},{"level":3,"sound":81},{"level":13,"sound":81},{"level":22,"sound":81},{"level":1,"sound":81},{"level":8,"sound":81},{"level":23,"sound":81},{"level":25,"sound":81},{"level":34,"sound":81},{"level":12,"sound":81}],"tick":100},{"sounds":[{"level":-13,"sound":81},{"level":0,"sound":81},{"level":6,"sound":81},{"level":16,"sound":81},{"level":32,"sound":81},{"level":26,"sound":81},{"level":29,"sound":81},{"level":6,"sound":81},{"level":38,"sound":81}],"tick":101},{"sounds":[{"level":-12,"sound":81},{"level":22,"sound":81},{"level":30,"sound":81},{"level":7,"sound":81},{"level":40,"sound":81},{"level":37,"sound":81},{"level":13,"sound":81},{"level":19,"sound":81},{"level":28,"sound":81}],"tick":102},{"sounds":[{"level":27,"sound":81},{"level":12,"sound":81},{"level":21,"sound":81},{"level":8,"sound":81},{"level":24,"sound":81},{"level":25,"sound":81},{"level":-3,"sound":81},{"level":20,"sound":81}],"tick":103},{"sounds":[{"level":11,"sound":81},{"level":14,"sound":81},{"level":15,"sound":81},{"level":18,"sound":81},{"level":33,"sound":81},{"level":12,"sound":81},{"level":19,"sound":81},{"level":23,"sound":81},{"level":20,"sound":81},{"level":22,"sound":81},{"level":32,"sound":81}],"tick":104},{"sounds":[{"level":-3,"sound":81},{"level":24,"sound":81},{"level":29,"sound":81},{"level":17,"sound":81},{"level":31,"sound":81},{"level":11,"sound":81},{"level":33,"sound":81}],"tick":105},{"sounds":[{"level":18,"sound":81},{"level":28,"sound":81},{"level":-3,"sound":81},{"level":23,"sound":81},{"level":25,"sound":81}],"tick":106},{"sounds":[{"level":18,"sound":81},{"level":12,"sound":81},{"level":19,"sound":81},{"level":27,"sound":81},{"level":35,"sound":81},{"level":8,"sound":81},{"level":20,"sound":81},{"level":22,"sound":81},{"level":33,"sound":81},{"level":16,"sound":81},{"level":21,"sound":81},{"level":26,"sound":81},{"level":19,"sound":81},{"level":28,"sound":81},{"level":43,"sound":81}],"tick":107},{"sounds":[{"level":9,"sound":81},{"level":31,"sound":81},{"level":34,"sound":81},{"level":38,"sound":81},{"level":24,"sound":81},{"level":23,"sound":81},{"level":36,"sound":81},{"level":10,"sound":81}],"tick":108},{"sounds":[{"level":19,"sound":81},{"level":26,"sound":81},{"level":32,"sound":81},{"level":11,"sound":81},{"level":27,"sound":81},{"level":22,"sound":81},{"level":24,"sound":81},{"level":39,"sound":81},{"level":41,"sound":81}],"tick":109},{"sounds":[{"level":15,"sound":81},{"level":21,"sound":81},{"level":17,"sound":81},{"level":26,"sound":81},{"level":-15,"sound":81},{"level":32,"sound":81},{"level":19,"sound":81},{"level":29,"sound":81},{"level":30,"sound":81},{"level":12,"sound":81},{"level":22,"sound":81},{"level":28,"sound":81}],"tick":110},{"sounds":[{"level":18,"sound":81},{"level":21,"sound":81},{"level":25,"sound":81},{"level":32,"sound":81},{"level":14,"sound":81},{"level":24,"sound":81},{"level":27,"sound":81},{"level":28,"sound":81},{"level":23,"sound":81},{"level":25,"sound":81}],"tick":111},{"sounds":[{"level":35,"sound":81},{"level":16,"sound":81},{"level":19,"sound":81},{"level":11,"sound":81},{"level":36,"sound":81}],"tick":112},{"sounds":[{"level":18,"sound":81},{"level":22,"sound":81},{"level":25,"sound":81},{"level":26,"sound":81},{"level":32,"sound":81},{"level":8,"sound":81},{"level":24,"sound":81},{"level":29,"sound":81},{"level":31,"sound":81},{"level":14,"sound":81},{"level":13,"sound":81},{"level":32,"sound":81},{"level":34,"sound":81},{"level":15,"sound":81},{"level":19,"sound":81},{"level":22,"sound":81}],"tick":113},{"sounds":[{"level":12,"sound":81},{"level":16,"sound":81},{"level":29,"sound":81},{"level":7,"sound":81},{"level":27,"sound":81},{"level":20,"sound":81},{"level":30,"sound":81}],"tick":114},{"sounds":[{"level":17,"sound":81},{"level":22,"sound":81},{"level":26,"sound":81},{"level":37,"sound":81},{"level":9,"sound":81},{"level":14,"sound":81},{"level":21,"sound":81},{"level":25,"sound":81},{"level":15,"sound":81},{"level":19,"sound":81},{"level":24,"sound":81},{"level":16,"sound":81}],"tick":115},{"sounds":[{"level":-12,"sound":81},{"level":18,"sound":81},{"level":23,"sound":81},{"level":12,"sound":81},{"level":13,"sound":81},{"level":27,"sound":81},{"level":32,"sound":81},{"level":0,"sound":81},{"level":9,"sound":81},{"level":19,"sound":81},{"level":24,"sound":81},{"level":15,"sound":81}],"tick":116},{"sounds":[{"level":8,"sound":81},{"level":30,"sound":81},{"level":39,"sound":81},{"level":16,"sound":81},{"level":35,"sound":81},{"level":13,"sound":81},{"level":6,"sound":81},{"level":22,"sound":81},{"level":26,"sound":81},{"level":32,"sound":81},{"level":12,"sound":81},{"level":20,"sound":81}],"tick":117},{"sounds":[{"level":2,"sound":81},{"level":38,"sound":81},{"level":8,"sound":81},{"level":32,"sound":81},{"level":27,"sound":81},{"level":10,"sound":81},{"level":13,"sound":81},{"level":17,"sound":81},{"level":19,"sound":81},{"level":25,"sound":81}],"tick":118},{"sounds":[{"level":3,"sound":81},{"level":16,"sound":81},{"level":26,"sound":81},{"level":31,"sound":81},{"level":4,"sound":81},{"level":20,"sound":81},{"level":22,"sound":81},{"level":33,"sound":81}],"tick":119},{"sounds":[{"level":-12,"sound":81},{"level":7,"sound":81},{"level":0,"sound":81},{"level":29,"sound":81},{"level":5,"sound":81},{"level":27,"sound":81},{"level":34,"sound":81},{"level":23,"sound":81},{"level":14,"sound":81},{"level":30,"sound":81},{"level":33,"sound":81}],"tick":120},{"sounds":[{"level":13,"sound":81},{"level":15,"sound":81},{"level":20,"sound":81},{"level":21,"sound":81},{"level":0,"sound":81},{"level":17,"sound":81},{"level":23,"sound":81},{"level":24,"sound":81},{"level":32,"sound":81},{"level":-13,"sound":81},{"level":6,"sound":81},{"level":11,"sound":81},{"level":14,"sound":81},{"level":25,"sound":81},{"level":39,"sound":81}],"tick":121},{"sounds":[{"level":-12,"sound":81},{"level":7,"sound":81},{"level":29,"sound":81},{"level":16,"sound":81},{"level":19,"sound":81},{"level":12,"sound":81}],"tick":122},{"sounds":[{"level":21,"sound":81},{"level":25,"sound":81},{"level":27,"sound":81},{"level":32,"sound":81},{"level":15,"sound":81},{"level":18,"sound":81},{"level":11,"sound":81},{"level":28,"sound":81},{"level":37,"sound":81},{"level":-2,"sound":81},{"level":14,"sound":81},{"level":18,"sound":81},{"level":20,"sound":81}],"tick":123},{"sounds":[{"level":12,"sound":81},{"level":16,"sound":81},{"level":22,"sound":81},{"level":8,"sound":81},{"level":15,"sound":81},{"level":19,"sound":81},{"level":26,"sound":81},{"level":39,"sound":81},{"level":-3,"sound":81},{"level":25,"sound":81},{"level":29,"sound":81},{"level":34,"sound":81}],"tick":124},{"sounds":[{"level":11,"sound":81},{"level":19,"sound":81},{"level":23,"sound":81},{"level":30,"sound":81},{"level":42,"sound":81},{"level":33,"sound":81},{"level":16,"sound":81}],"tick":125},{"sounds":[{"level":4,"sound":81},{"level":26,"sound":81},{"level":30,"sound":81},{"level":14,"sound":81},{"level":17,"sound":81},{"level":25,"sound":81},{"level":32,"sound":81},{"level":24,"sound":81}],"tick":126},{"sounds":[{"level":12,"sound":81},{"level":22,"sound":81},{"level":33,"sound":81},{"level":5,"sound":81},{"level":16,"sound":81},{"level":23,"sound":81},{"level":26,"sound":81},{"level":30,"sound":81},{"level":37,"sound":81},{"level":13,"sound":81},{"level":19,"sound":81},{"level":32,"sound":81},{"level":12,"sound":81},{"level":14,"sound":81},{"level":27,"sound":81},{"level":34,"sound":81},{"level":11,"sound":81},{"level":21,"sound":81},{"level":42,"sound":81}],"tick":127},{"sounds":[{"level":7,"sound":81},{"level":37,"sound":81},{"level":1,"sound":81},{"level":16,"sound":81},{"level":20,"sound":81},{"level":38,"sound":81},{"level":0,"sound":81},{"level":35,"sound":81},{"level":-7,"sound":81},{"level":-1,"sound":81},{"level":10,"sound":81},{"level":18,"sound":81},{"level":26,"sound":81},{"level":29,"sound":81},{"level":34,"sound":81}],"tick":128},{"sounds":[{"level":16,"sound":81},{"level":17,"sound":81},{"level":41,"sound":81},{"level":2,"sound":81},{"level":24,"sound":81},{"level":19,"sound":81},{"level":21,"sound":81}],"tick":129},{"sounds":[{"level":-12,"sound":81},{"level":1,"sound":81},{"level":14,"sound":81},{"level":9,"sound":81},{"level":23,"sound":81},{"level":32,"sound":81},{"level":42,"sound":81},{"level":26,"sound":81},{"level":35,"sound":81},{"level":39,"sound":81},{"level":40,"sound":81},{"level":43,"sound":81},{"level":4,"sound":81},{"level":16,"sound":81},{"level":21,"sound":81},{"level":30,"sound":81}],"tick":130},{"sounds":[{"level":14,"sound":81},{"level":32,"sound":81},{"level":43,"sound":81},{"level":18,"sound":81},{"level":22,"sound":81},{"level":24,"sound":81},{"level":27,"sound":81},{"level":20,"sound":81}],"tick":131},{"sounds":[{"level":23,"sound":81},{"level":34,"sound":81},{"level":13,"sound":81},{"level":21,"sound":81},{"level":35,"sound":81},{"level":37,"sound":81},{"level":40,"sound":81},{"level":17,"sound":81}],"tick":132},{"sounds":[{"level":15,"sound":81},{"level":28,"sound":81},{"level":32,"sound":81},{"level":33,"sound":81},{"level":36,"sound":81},{"level":38,"sound":81},{"level":39,"sound":81},{"level":42,"sound":81},{"level":19,"sound":81},{"level":23,"sound":81},{"level":26,"sound":81},{"level":2,"sound":81},{"level":11,"sound":81},{"level":31,"sound":81},{"level":13,"sound":81},{"level":17,"sound":81},{"level":29,"sound":81}],"tick":133},{"sounds":[{"level":14,"sound":81},{"level":21,"sound":81},{"level":28,"sound":81},{"level":32,"sound":81},{"level":16,"sound":81},{"level":18,"sound":81},{"level":30,"sound":81},{"level":39,"sound":81},{"level":27,"sound":81},{"level":43,"sound":81}],"tick":134},{"sounds":[{"level":17,"sound":81},{"level":22,"sound":81},{"level":25,"sound":81},{"level":13,"sound":81},{"level":24,"sound":81},{"level":16,"sound":81},{"level":34,"sound":81},{"level":41,"sound":81},{"level":15,"sound":81},{"level":26,"sound":81},{"level":29,"sound":81}],"tick":135},{"sounds":[{"level":18,"sound":81},{"level":21,"sound":81},{"level":28,"sound":81},{"level":-10,"sound":81},{"level":9,"sound":81},{"level":14,"sound":81},{"level":31,"sound":81},{"level":24,"sound":81},{"level":30,"sound":81},{"level":27,"sound":81}],"tick":136},{"sounds":[{"level":17,"sound":81},{"level":28,"sound":81},{"level":35,"sound":81},{"level":32,"sound":81},{"level":37,"sound":81},{"level":42,"sound":81},{"level":21,"sound":81},{"level":23,"sound":81},{"level":25,"sound":81},{"level":28,"sound":81}],"tick":137},{"sounds":[{"level":32,"sound":81},{"level":12,"sound":81},{"level":20,"sound":81},{"level":22,"sound":81},{"level":27,"sound":81},{"level":36,"sound":81},{"level":39,"sound":81},{"level":9,"sound":81},{"level":16,"sound":81},{"level":24,"sound":81},{"level":23,"sound":81}],"tick":138},{"sounds":[{"level":5,"sound":81},{"level":20,"sound":81},{"level":22,"sound":81},{"level":4,"sound":81},{"level":14,"sound":81},{"level":-9,"sound":81},{"level":12,"sound":81},{"level":10,"sound":81},{"level":17,"sound":81},{"level":31,"sound":81},{"level":38,"sound":81}],"tick":139},{"sounds":[{"level":-10,"sound":81},{"level":7,"sound":81},{"level":13,"sound":81},{"level":24,"sound":81},{"level":28,"sound":81},{"level":2,"sound":81},{"level":21,"sound":81},{"level":39,"sound":81},{"level":3,"sound":81},{"level":9,"sound":81},{"level":34,"sound":81},{"level":16,"sound":81},{"level":18,"sound":81},{"level":22,"sound":81},{"level":39,"sound":81}],"tick":140},{"sounds":[{"level":2,"sound":81},{"level":10,"sound":81},{"level":23,"sound":81},{"level":37,"sound":81},{"level":7,"sound":81},{"level":9,"sound":81},{"level":17,"sound":81},{"level":26,"sound":81},{"level":30,"sound":81},{"level":33,"sound":81},{"level":-10,"sound":81},{"level":22,"sound":81},{"level":31,"sound":81},{"level":34,"sound":81}],"tick":141},{"sounds":[{"level":41,"sound":81},{"level":17,"sound":81},{"level":10,"sound":81},{"level":43,"sound":81},{"level":13,"sound":81}],"tick":142},{"sounds":[{"level":8,"sound":81},{"level":21,"sound":81},{"level":23,"sound":81},{"level":18,"sound":81},{"level":27,"sound":81},{"level":29,"sound":81},{"level":31,"sound":81},{"level":33,"sound":81},{"level":30,"sound":81},{"level":1,"sound":81},{"level":10,"sound":81},{"level":14,"sound":81},{"level":24,"sound":81},{"level":32,"sound":81}],"tick":143},{"sounds":[{"level":-12,"sound":81},{"level":13,"sound":81},{"level":29,"sound":81},{"level":35,"sound":81},{"level":16,"sound":81},{"level":20,"sound":81}],"tick":144},{"sounds":[{"level":19,"sound":81},{"level":22,"sound":81},{"level":31,"sound":81},{"level":7,"sound":81},{"level":32,"sound":81},{"level":20,"sound":81},{"level":21,"sound":81},{"level":27,"sound":81}],"tick":145},{"sounds":[{"level":14,"sound":81},{"level":17,"sound":81},{"level":24,"sound":81},{"level":29,"sound":81},{"level":39,"sound":81},{"level":21,"sound":81},{"level":35,"sound":81},{"level":7,"sound":81},{"level":32,"sound":81},{"level":34,"sound":81}],"tick":146},{"sounds":[{"level":14,"sound":81},{"level":27,"sound":81},{"level":30,"sound":81},{"level":33,"sound":81},{"level":13,"sound":81},{"level":26,"sound":81},{"level":8,"sound":81},{"level":16,"sound":81},{"level":29,"sound":81},{"level":36,"sound":81}],"tick":147},{"sounds":[{"level":6,"sound":81},{"level":12,"sound":81},{"level":27,"sound":81},{"level":31,"sound":81},{"level":34,"sound":81},{"level":22,"sound":81},{"level":1,"sound":81},{"level":11,"sound":81},{"level":0,"sound":81},{"level":14,"sound":81}],"tick":148},{"sounds":[{"level":-1,"sound":81},{"level":40,"sound":81},{"level":7,"sound":81}],"tick":149},{"sounds":[{"level":20,"sound":81},{"level":22,"sound":81},{"level":28,"sound":81},{"level":30,"sound":81},{"level":31,"sound":81},{"level":17,"sound":81},{"level":25,"sound":81},{"level":35,"sound":81},{"level":36,"sound":81},{"level":38,"sound":81},{"level":39,"sound":81},{"level":40,"sound":81},{"level":15,"sound":81},{"level":23,"sound":81},{"level":32,"sound":81},{"level":41,"sound":81},{"level":13,"sound":81},{"level":26,"sound":81},{"level":37,"sound":81}],"tick":150},{"sounds":[{"level":2,"sound":81},{"level":30,"sound":81},{"level":33,"sound":81},{"level":-10,"sound":81},{"level":9,"sound":81},{"level":18,"sound":81},{"level":21,"sound":81},{"level":37,"sound":81},{"level":20,"sound":81},{"level":34,"sound":81}],"tick":151},{"sounds":[{"level":24,"sound":81},{"level":29,"sound":81},{"level":41,"sound":81},{"level":37,"sound":81},{"level":38,"sound":81},{"level":40,"sound":81}],"tick":152},{"sounds":[{"level":23,"sound":81},{"level":25,"sound":81},{"level":34,"sound":81},{"level":36,"sound":81},{"level":43,"sound":81},{"level":18,"sound":81},{"level":32,"sound":81},{"level":35,"sound":81},{"level":42,"sound":81},{"level":5,"sound":81},{"level":27,"sound":81},{"level":28,"sound":81},{"level":31,"sound":81},{"level":33,"sound":81},{"level":30,"sound":81},{"level":32,"sound":81},{"level":39,"sound":81}],"tick":153},{"sounds":[{"level":12,"sound":81},{"level":15,"sound":81},{"level":29,"sound":81},{"level":36,"sound":81},{"level":21,"sound":81},{"level":17,"sound":81},{"level":27,"sound":81}],"tick":154},{"sounds":[{"level":14,"sound":81},{"level":22,"sound":81},{"level":25,"sound":81},{"level":32,"sound":81},{"level":12,"sound":81},{"level":29,"sound":81}],"tick":155},{"sounds":[{"level":3,"sound":81},{"level":15,"sound":81},{"level":18,"sound":81},{"level":23,"sound":81},{"level":26,"sound":81},{"level":8,"sound":81},{"level":28,"sound":81},{"level":30,"sound":81},{"level":-10,"sound":81},{"level":2,"sound":81},{"level":29,"sound":81},{"level":14,"sound":81},{"level":21,"sound":81},{"level":24,"sound":81},{"level":27,"sound":81},{"level":38,"sound":81}],"tick":156},{"sounds":[{"level":9,"sound":81},{"level":30,"sound":81},{"level":40,"sound":81},{"level":19,"sound":81},{"level":29,"sound":81},{"level":22,"sound":81},{"level":29,"sound":81},{"level":32,"sound":81},{"level":35,"sound":81}],"tick":157},{"sounds":[{"level":27,"sound":81},{"level":28,"sound":81},{"level":4,"sound":81},{"level":18,"sound":81},{"level":25,"sound":81},{"level":34,"sound":81},{"level":13,"sound":81},{"level":17,"sound":81},{"level":22,"sound":81}],"tick":158},{"sounds":[{"level":6,"sound":81},{"level":10,"sound":81},{"level":27,"sound":81},{"level":5,"sound":81},{"level":4,"sound":81},{"level":9,"sound":81},{"level":15,"sound":81},{"level":21,"sound":81},{"level":23,"sound":81},{"level":25,"sound":81},{"level":30,"sound":81},{"level":20,"sound":81}],"tick":159},{"sounds":[{"level":5,"sound":81},{"level":13,"sound":81},{"level":22,"sound":81},{"level":24,"sound":81},{"level":26,"sound":81},{"level":31,"sound":81},{"level":34,"sound":81},{"level":37,"sound":81},{"level":-2,"sound":81},{"level":6,"sound":81},{"level":10,"sound":81},{"level":23,"sound":81},{"level":27,"sound":81},{"level":-14,"sound":81},{"level":15,"sound":81},{"level":35,"sound":81},{"level":5,"sound":81},{"level":16,"sound":81}],"tick":160},{"sounds":[{"level":-1,"sound":81},{"level":12,"sound":81},{"level":34,"sound":81},{"level":-13,"sound":81},{"level":6,"sound":81},{"level":19,"sound":81},{"level":23,"sound":81}],"tick":161},{"sounds":[{"level":-2,"sound":81},{"level":29,"sound":81},{"level":13,"sound":81},{"level":16,"sound":81},{"level":28,"sound":81},{"level":5,"sound":81},{"level":20,"sound":81},{"level":30,"sound":81},{"level":33,"sound":81}],"tick":162},{"sounds":[{"level":27,"sound":81},{"level":12,"sound":81},{"level":-8,"sound":81},{"level":18,"sound":81},{"level":25,"sound":81},{"level":1,"sound":81},{"level":14,"sound":81},{"level":21,"sound":81},{"level":26,"sound":81},{"level":29,"sound":81},{"level":16,"sound":81},{"level":20,"sound":81},{"level":35,"sound":81}],"tick":163},{"sounds":[{"level":13,"sound":81},{"level":-12,"sound":81},{"level":11,"sound":81},{"level":17,"sound":81},{"level":27,"sound":81},{"level":29,"sound":81},{"level":32,"sound":81},{"level":0,"sound":81},{"level":14,"sound":81},{"level":23,"sound":81},{"level":30,"sound":81},{"level":19,"sound":81},{"level":28,"sound":81}],"tick":164},{"sounds":[{"level":13,"sound":81},{"level":16,"sound":81},{"level":20,"sound":81},{"level":0,"sound":81},{"level":7,"sound":81},{"level":25,"sound":81},{"level":31,"sound":81},{"level":17,"sound":81},{"level":26,"sound":81},{"level":22,"sound":81},{"level":29,"sound":81},{"level":42,"sound":81}],"tick":165},{"sounds":[{"level":16,"sound":81},{"level":18,"sound":81},{"level":36,"sound":81},{"level":20,"sound":81},{"level":30,"sound":81},{"level":26,"sound":81},{"level":41,"sound":81},{"level":13,"sound":81}],"tick":166},{"sounds":[{"level":23,"sound":81},{"level":21,"sound":81},{"level":30,"sound":81},{"level":15,"sound":81},{"level":20,"sound":81},{"level":25,"sound":81},{"level":12,"sound":81},{"level":21,"sound":81},{"level":24,"sound":81},{"level":29,"sound":81},{"level":33,"sound":81}],"tick":167},{"sounds":[{"level":4,"sound":81},{"level":19,"sound":81},{"level":7,"sound":81},{"level":18,"sound":81},{"level":22,"sound":81},{"level":23,"sound":81},{"level":31,"sound":81},{"level":11,"sound":81},{"level":14,"sound":81},{"level":8,"sound":81},{"level":29,"sound":81},{"level":36,"sound":81},{"level":39,"sound":81}],"tick":168},{"sounds":[{"level":25,"sound":81},{"level":27,"sound":81},{"level":37,"sound":81},{"level":30,"sound":81},{"level":-9,"sound":81},{"level":2,"sound":81},{"level":23,"sound":81},{"level":29,"sound":81},{"level":35,"sound":81},{"level":21,"sound":81},{"level":32,"sound":81}],"tick":169},{"sounds":[{"level":26,"sound":81},{"level":28,"sound":81},{"level":-11,"sound":81},{"level":24,"sound":81},{"level":16,"sound":81},{"level":19,"sound":81},{"level":20,"sound":81},{"level":25,"sound":81},{"level":31,"sound":81},{"level":35,"sound":81},{"level":-10,"sound":81},{"level":22,"sound":81},{"level":27,"sound":81},{"level":29,"sound":81},{"level":14,"sound":81},{"level":21,"sound":81},{"level":32,"sound":81},{"level":43,"sound":81}],"tick":170},{"sounds":[{"level":-10,"sound":81},{"level":26,"sound":81},{"level":31,"sound":81},{"level":35,"sound":81},{"level":4,"sound":81},{"level":22,"sound":81}],"tick":171},{"sounds":[{"level":33,"sound":81},{"level":11,"sound":81},{"level":17,"sound":81},{"level":19,"sound":81},{"level":21,"sound":81},{"level":12,"sound":81},{"level":20,"sound":81}],"tick":172},{"sounds":[{"level":14,"sound":81},{"level":12,"sound":81},{"level":15,"sound":81},{"level":18,"sound":81},{"level":43,"sound":81},{"level":22,"sound":81},{"level":28,"sound":81},{"level":35,"sound":81},{"level":16,"sound":81},{"level":20,"sound":81},{"level":23,"sound":81},{"level":33,"sound":81},{"level":31,"sound":81}],"tick":173},{"sounds":[{"level":19,"sound":81},{"level":21,"sound":81},{"level":24,"sound":81},{"level":25,"sound":81},{"level":27,"sound":81},{"level":29,"sound":81},{"level":12,"sound":81},{"level":17,"sound":81},{"level":39,"sound":81},{"level":23,"sound":81},{"level":28,"sound":81},{"level":14,"sound":81},{"level":16,"sound":81},{"level":20,"sound":81}],"tick":174},{"sounds":[{"level":10,"sound":81},{"level":25,"sound":81},{"level":27,"sound":81},{"level":15,"sound":81},{"level":21,"sound":81},{"level":30,"sound":81},{"level":35,"sound":81},{"level":32,"sound":81}],"tick":175},{"sounds":[{"level":9,"sound":81},{"level":20,"sound":81},{"level":24,"sound":81},{"level":37,"sound":81},{"level":19,"sound":81},{"level":26,"sound":81},{"level":27,"sound":81},{"level":39,"sound":81},{"level":5,"sound":81},{"level":18,"sound":81},{"level":21,"sound":81},{"level":22,"sound":81},{"level":23,"sound":81},{"level":28,"sound":81},{"level":29,"sound":81},{"level":2,"sound":81},{"level":25,"sound":81},{"level":30,"sound":81},{"level":36,"sound":81}],"tick":176},{"sounds":[{"level":17,"sound":81},{"level":19,"sound":81},{"level":-10,"sound":81},{"level":15,"sound":81},{"level":17,"sound":81},{"level":22,"sound":81},{"level":25,"sound":81},{"level":31,"sound":81},{"level":27,"sound":81}],"tick":177},{"sounds":[{"level":3,"sound":81},{"level":24,"sound":81},{"level":33,"sound":81},{"level":-9,"sound":81},{"level":9,"sound":81},{"level":28,"sound":81},{"level":26,"sound":81},{"level":38,"sound":81},{"level":18,"sound":81},{"level":25,"sound":81},{"level":29,"sound":81},{"level":34,"sound":81}],"tick":178},{"sounds":[{"level":11,"sound":81},{"level":14,"sound":81},{"level":17,"sound":81},{"level":5,"sound":81},{"level":16,"sound":81},{"level":20,"sound":81},{"level":27,"sound":81},{"level":4,"sound":81},{"level":26,"sound":81},{"level":31,"sound":81},{"level":33,"sound":81},{"level":-10,"sound":81},{"level":9,"sound":81},{"level":12,"sound":81},{"level":14,"sound":81},{"level":21,"sound":81},{"level":37,"sound":81}],"tick":179},{"sounds":[{"level":36,"sound":81},{"level":5,"sound":81},{"level":7,"sound":81},{"level":16,"sound":81},{"level":27,"sound":81},{"level":-10,"sound":81},{"level":11,"sound":81},{"level":14,"sound":81},{"level":25,"sound":81},{"level":35,"sound":81},{"level":37,"sound":81},{"level":29,"sound":81},{"level":43,"sound":81},{"level":3,"sound":81},{"level":9,"sound":81},{"level":22,"sound":81},{"level":24,"sound":81},{"level":34,"sound":81}],"tick":180},{"sounds":[{"level":16,"sound":81},{"level":19,"sound":81},{"level":30,"sound":81},{"level":35,"sound":81},{"level":5,"sound":81},{"level":10,"sound":81},{"level":-8,"sound":81},{"level":2,"sound":81},{"level":15,"sound":81},{"level":17,"sound":81},{"level":26,"sound":81},{"level":32,"sound":81},{"level":8,"sound":81},{"level":22,"sound":81}],"tick":181},{"sounds":[{"level":-10,"sound":81},{"level":18,"sound":81},{"level":31,"sound":81},{"level":33,"sound":81},{"level":41,"sound":81},{"level":23,"sound":81}],"tick":182},{"sounds":[{"level":22,"sound":81},{"level":20,"sound":81},{"level":40,"sound":81},{"level":13,"sound":81},{"level":15,"sound":81},{"level":25,"sound":81},{"level":37,"sound":81},{"level":18,"sound":81},{"level":29,"sound":81}],"tick":183},{"sounds":[{"level":21,"sound":81},{"level":24,"sound":81},{"level":1,"sound":81},{"level":14,"sound":81},{"level":34,"sound":81},{"level":17,"sound":81},{"level":-12,"sound":81},{"level":0,"sound":81},{"level":13,"sound":81}],"tick":184},{"sounds":[{"level":20,"sound":81},{"level":22,"sound":81},{"level":28,"sound":81},{"level":19,"sound":81},{"level":27,"sound":81},{"level":35,"sound":81},{"level":37,"sound":81},{"level":16,"sound":81},{"level":31,"sound":81}],"tick":185},{"sounds":[{"level":7,"sound":81},{"level":26,"sound":81},{"level":29,"sound":81},{"level":18,"sound":81},{"level":14,"sound":81},{"level":21,"sound":81},{"level":27,"sound":81},{"level":32,"sound":81},{"level":26,"sound":81}],"tick":186},{"sounds":[{"level":15,"sound":81},{"level":24,"sound":81},{"level":30,"sound":81},{"level":36,"sound":81},{"level":43,"sound":81},{"level":13,"sound":81},{"level":16,"sound":81},{"level":31,"sound":81},{"level":34,"sound":81},{"level":36,"sound":81},{"level":24,"sound":81}],"tick":187},{"sounds":[{"level":9,"sound":81},{"level":11,"sound":81},{"level":17,"sound":81},{"level":28,"sound":81},{"level":19,"sound":81},{"level":25,"sound":81},{"level":8,"sound":81},{"level":26,"sound":81}],"tick":188},{"sounds":[{"level":13,"sound":81},{"level":5,"sound":81}],"tick":189},{"sounds":[{"level":24,"sound":81},{"level":19,"sound":81},{"level":35,"sound":81},{"level":-14,"sound":81}],"tick":190},{"sounds":[{"level":1,"sound":81},{"level":16,"sound":81},{"level":22,"sound":81},{"level":27,"sound":81},{"level":31,"sound":81},{"level":33,"sound":81},{"level":37,"sound":81},{"level":38,"sound":81},{"level":40,"sound":81},{"level":42,"sound":81},{"level":43,"sound":81},{"level":25,"sound":81},{"level":32,"sound":81},{"level":13,"sound":81},{"level":23,"sound":81},{"level":20,"sound":81},{"level":26,"sound":81},{"level":30,"sound":81}],"tick":191},{"sounds":[{"level":14,"sound":81},{"level":17,"sound":81},{"level":33,"sound":81},{"level":19,"sound":81},{"level":22,"sound":81},{"level":28,"sound":81},{"level":34,"sound":81},{"level":18,"sound":81},{"level":29,"sound":81},{"level":36,"sound":81},{"level":43,"sound":81}],"tick":192},{"sounds":[{"level":32,"sound":81},{"level":20,"sound":81},{"level":31,"sound":81},{"level":37,"sound":81},{"level":23,"sound":81},{"level":24,"sound":81},{"level":27,"sound":81},{"level":21,"sound":81}],"tick":193},{"sounds":[{"level":9,"sound":81},{"level":20,"sound":81},{"level":28,"sound":81},{"level":31,"sound":81},{"level":37,"sound":81},{"level":17,"sound":81},{"level":22,"sound":81},{"level":-53,"sound":81},{"level":25,"sound":81},{"level":13,"sound":81},{"level":18,"sound":81},{"level":21,"sound":81},{"level":27,"sound":81},{"level":32,"sound":81}],"tick":194},{"sounds":[{"level":11,"sound":81},{"level":22,"sound":81},{"level":28,"sound":81},{"level":15,"sound":81},{"level":17,"sound":81},{"level":20,"sound":81},{"level":26,"sound":81},{"level":30,"sound":81},{"level":34,"sound":81},{"level":35,"sound":81},{"level":37,"sound":81},{"level":41,"sound":81},{"level":31,"sound":81}],"tick":195},{"sounds":[{"level":14,"sound":81},{"level":23,"sound":81},{"level":21,"sound":81},{"level":34,"sound":81},{"level":30,"sound":81},{"level":1,"sound":81},{"level":32,"sound":81}],"tick":196},{"sounds":[{"level":-10,"sound":81},{"level":9,"sound":81},{"level":23,"sound":81},{"level":20,"sound":81},{"level":39,"sound":81},{"level":14,"sound":81},{"level":21,"sound":81},{"level":25,"sound":81},{"level":27,"sound":81},{"level":32,"sound":81},{"level":10,"sound":81},{"level":13,"sound":81},{"level":15,"sound":81},{"level":24,"sound":81},{"level":26,"sound":81},{"level":28,"sound":81}],"tick":197},{"sounds":[{"level":43,"sound":81},{"level":19,"sound":81},{"level":22,"sound":81},{"level":31,"sound":81},{"level":34,"sound":81},{"level":4,"sound":81},{"level":10,"sound":81},{"level":24,"sound":81},{"level":28,"sound":81}],"tick":198},{"sounds":[{"level":16,"sound":81},{"level":23,"sound":81},{"level":30,"sound":81},{"level":21,"sound":81},{"level":25,"sound":81},{"level":13,"sound":81},{"level":26,"sound":81},{"level":-10,"sound":81},{"level":7,"sound":81},{"level":17,"sound":81},{"level":23,"sound":81}],"tick":199},{"sounds":[{"level":16,"sound":81},{"level":4,"sound":81},{"level":39,"sound":81},{"level":16,"sound":81},{"level":-10,"sound":81},{"level":3,"sound":81},{"level":7,"sound":81},{"level":15,"sound":81},{"level":9,"sound":81},{"level":13,"sound":81}],"tick":200},{"sounds":[{"level":18,"sound":81},{"level":14,"sound":81},{"level":22,"sound":81},{"level":29,"sound":81},{"level":2,"sound":81},{"level":25,"sound":81},{"level":13,"sound":81},{"level":15,"sound":81},{"level":31,"sound":81},{"level":38,"sound":81}],"tick":201},{"sounds":[{"level":-10,"sound":81},{"level":17,"sound":81},{"level":23,"sound":81},{"level":28,"sound":81},{"level":30,"sound":81},{"level":24,"sound":81},{"level":32,"sound":81},{"level":36,"sound":81},{"level":22,"sound":81}],"tick":202},{"sounds":[{"level":8,"sound":81},{"level":11,"sound":81},{"level":32,"sound":81},{"level":21,"sound":81},{"level":29,"sound":81},{"level":13,"sound":81},{"level":35,"sound":81},{"level":27,"sound":81},{"level":31,"sound":81},{"level":43,"sound":81}],"tick":203},{"sounds":[{"level":7,"sound":81},{"level":18,"sound":81},{"level":23,"sound":81},{"level":1,"sound":81},{"level":14,"sound":81},{"level":17,"sound":81},{"level":21,"sound":81},{"level":24,"sound":81},{"level":27,"sound":81},{"level":30,"sound":81},{"level":39,"sound":81},{"level":-12,"sound":81},{"level":0,"sound":81},{"level":13,"sound":81},{"level":20,"sound":81},{"level":25,"sound":81}],"tick":204},{"sounds":[{"level":28,"sound":81},{"level":22,"sound":81},{"level":27,"sound":81},{"level":30,"sound":81},{"level":31,"sound":81},{"level":34,"sound":81},{"level":8,"sound":81},{"level":14,"sound":81},{"level":24,"sound":81},{"level":28,"sound":81},{"level":37,"sound":81}],"tick":205},{"sounds":[{"level":16,"sound":81},{"level":36,"sound":81},{"level":27,"sound":81},{"level":32,"sound":81},{"level":1,"sound":81},{"level":7,"sound":81},{"level":20,"sound":81},{"level":21,"sound":81},{"level":31,"sound":81}],"tick":206},{"sounds":[{"level":14,"sound":81},{"level":30,"sound":81},{"level":20,"sound":81},{"level":12,"sound":81},{"level":27,"sound":81},{"level":38,"sound":81}],"tick":207},{"sounds":[{"level":14,"sound":81},{"level":24,"sound":81},{"level":34,"sound":81},{"level":39,"sound":81},{"level":9,"sound":81},{"level":15,"sound":81},{"level":18,"sound":81},{"level":23,"sound":81},{"level":28,"sound":81},{"level":35,"sound":81}],"tick":208},{"sounds":[{"level":7,"sound":81},{"level":36,"sound":81},{"level":14,"sound":81},{"level":20,"sound":81},{"level":-3,"sound":81},{"level":19,"sound":81},{"level":24,"sound":81},{"level":35,"sound":81}],"tick":209},{"sounds":[{"level":-10,"sound":81},{"level":6,"sound":81},{"level":8,"sound":81},{"level":16,"sound":81},{"level":21,"sound":81},{"level":-1,"sound":81},{"level":17,"sound":81},{"level":27,"sound":81},{"level":10,"sound":81},{"level":-2,"sound":81},{"level":37,"sound":81},{"level":38,"sound":81}],"tick":210},{"sounds":[{"level":39,"sound":81},{"level":40,"sound":81},{"level":42,"sound":81},{"level":20,"sound":81},{"level":22,"sound":81},{"level":28,"sound":81},{"level":31,"sound":81},{"level":33,"sound":81},{"level":14,"sound":81},{"level":-13,"sound":81},{"level":6,"sound":81},{"level":18,"sound":81},{"level":24,"sound":81},{"level":32,"sound":81}],"tick":211},{"sounds":[{"level":12,"sound":81},{"level":16,"sound":81},{"level":20,"sound":81},{"level":23,"sound":81},{"level":29,"sound":81},{"level":5,"sound":81},{"level":17,"sound":81},{"level":37,"sound":81}],"tick":212},{"sounds":[{"level":24,"sound":81},{"level":19,"sound":81},{"level":11,"sound":81},{"level":23,"sound":81},{"level":26,"sound":81},{"level":30,"sound":81},{"level":31,"sound":81},{"level":34,"sound":81},{"level":35,"sound":81},{"level":38,"sound":81},{"level":40,"sound":81},{"level":42,"sound":81},{"level":8,"sound":81},{"level":28,"sound":81},{"level":33,"sound":81},{"level":37,"sound":81}],"tick":213},{"sounds":[{"level":15,"sound":81},{"level":21,"sound":81},{"level":32,"sound":81},{"level":43,"sound":81},{"level":25,"sound":81},{"level":10,"sound":81},{"level":13,"sound":81},{"level":18,"sound":81},{"level":22,"sound":81},{"level":24,"sound":81}],"tick":214},{"sounds":[{"level":17,"sound":81},{"level":26,"sound":81},{"level":31,"sound":81},{"level":36,"sound":81},{"level":21,"sound":81},{"level":32,"sound":81},{"level":40,"sound":81},{"level":23,"sound":81},{"level":25,"sound":81},{"level":30,"sound":81},{"level":37,"sound":81},{"level":14,"sound":81},{"level":18,"sound":81},{"level":24,"sound":81},{"level":27,"sound":81},{"level":28,"sound":81},{"level":33,"sound":81}],"tick":215},{"sounds":[{"level":7,"sound":81},{"level":12,"sound":81},{"level":16,"sound":81},{"level":32,"sound":81},{"level":26,"sound":81},{"level":8,"sound":81},{"level":25,"sound":81},{"level":24,"sound":81},{"level":29,"sound":81}],"tick":216},{"sounds":[{"level":10,"sound":81},{"level":17,"sound":81},{"level":34,"sound":81},{"level":-2,"sound":81},{"level":-15,"sound":81},{"level":27,"sound":81},{"level":32,"sound":81}],"tick":217},{"sounds":[{"level":23,"sound":81},{"level":24,"sound":81},{"level":35,"sound":81},{"level":-1,"sound":81},{"level":36,"sound":81},{"level":8,"sound":81},{"level":18,"sound":81},{"level":27,"sound":81},{"level":31,"sound":81},{"level":7,"sound":81},{"level":25,"sound":81}],"tick":218},{"sounds":[{"level":10,"sound":81},{"level":15,"sound":81},{"level":17,"sound":81},{"level":29,"sound":81},{"level":12,"sound":81},{"level":18,"sound":81},{"level":24,"sound":81},{"level":28,"sound":81},{"level":39,"sound":81},{"level":2,"sound":81},{"level":16,"sound":81},{"level":30,"sound":81},{"level":5,"sound":81},{"level":21,"sound":81},{"level":25,"sound":81},{"level":31,"sound":81}],"tick":219},{"sounds":[{"level":15,"sound":81},{"level":20,"sound":81},{"level":35,"sound":81},{"level":37,"sound":81},{"level":4,"sound":81},{"level":22,"sound":81},{"level":26,"sound":81},{"level":-2,"sound":81},{"level":17,"sound":81},{"level":15,"sound":81},{"level":28,"sound":81},{"level":33,"sound":81},{"level":-14,"sound":81},{"level":16,"sound":81},{"level":23,"sound":81},{"level":25,"sound":81},{"level":31,"sound":81}],"tick":220},{"sounds":[{"level":5,"sound":81},{"level":12,"sound":81},{"level":14,"sound":81},{"level":19,"sound":81},{"level":21,"sound":81},{"level":33,"sound":81},{"level":11,"sound":81},{"level":15,"sound":81},{"level":18,"sound":81},{"level":22,"sound":81},{"level":-14,"sound":81},{"level":24,"sound":81},{"level":28,"sound":81}],"tick":221},{"sounds":[{"level":-1,"sound":81},{"level":6,"sound":81},{"level":13,"sound":81},{"level":16,"sound":81},{"level":15,"sound":81},{"level":27,"sound":81},{"level":21,"sound":81},{"level":30,"sound":81},{"level":43,"sound":81},{"level":6,"sound":81},{"level":13,"sound":81},{"level":17,"sound":81},{"level":20,"sound":81},{"level":23,"sound":81},{"level":29,"sound":81},{"level":34,"sound":81}],"tick":222},{"sounds":[{"level":15,"sound":81},{"level":18,"sound":81},{"level":30,"sound":81},{"level":3,"sound":81},{"level":20,"sound":81},{"level":25,"sound":81},{"level":31,"sound":81},{"level":17,"sound":81},{"level":27,"sound":81},{"level":22,"sound":81},{"level":37,"sound":81}],"tick":223},{"sounds":[{"level":13,"sound":81},{"level":24,"sound":81},{"level":30,"sound":81},{"level":33,"sound":81},{"level":35,"sound":81},{"level":9,"sound":81}],"tick":224},{"sounds":[{"level":16,"sound":81},{"level":22,"sound":81},{"level":19,"sound":81},{"level":26,"sound":81},{"level":11,"sound":81},{"level":32,"sound":81},{"level":-1,"sound":81},{"level":33,"sound":81}],"tick":225},{"sounds":[{"level":31,"sound":81},{"level":17,"sound":81},{"level":20,"sound":81},{"level":29,"sound":81},{"level":3,"sound":81},{"level":15,"sound":81},{"level":30,"sound":81},{"level":37,"sound":81}],"tick":226},{"sounds":[{"level":23,"sound":81},{"level":32,"sound":81},{"level":34,"sound":81},{"level":19,"sound":81},{"level":31,"sound":81},{"level":33,"sound":81},{"level":35,"sound":81},{"level":37,"sound":81},{"level":39,"sound":81}],"tick":227},{"sounds":[{"level":19,"sound":81},{"level":40,"sound":81},{"level":24,"sound":81},{"level":25,"sound":81},{"level":30,"sound":81},{"level":33,"sound":81},{"level":42,"sound":81},{"level":2,"sound":81},{"level":8,"sound":81},{"level":12,"sound":81}],"tick":228},{"sounds":[{"level":28,"sound":81},{"level":7,"sound":81},{"level":18,"sound":81},{"level":35,"sound":81},{"level":30,"sound":81},{"level":24,"sound":81}],"tick":229},{"sounds":[{"level":17,"sound":81},{"level":25,"sound":81},{"level":34,"sound":81},{"level":27,"sound":81},{"level":38,"sound":81}],"tick":230},{"sounds":[{"level":35,"sound":81},{"level":23,"sound":81},{"level":25,"sound":81},{"level":31,"sound":81},{"level":5,"sound":81},{"level":11,"sound":81},{"level":16,"sound":81},{"level":21,"sound":81},{"level":8,"sound":81}],"tick":231},{"sounds":[{"level":19,"sound":81},{"level":20,"sound":81},{"level":22,"sound":81},{"level":27,"sound":81},{"level":34,"sound":81},{"level":43,"sound":81}],"tick":232},{"sounds":[{"level":17,"sound":81},{"level":21,"sound":81},{"level":33,"sound":81},{"level":18,"sound":81},{"level":23,"sound":81},{"level":25,"sound":81},{"level":26,"sound":81},{"level":27,"sound":81},{"level":30,"sound":81},{"level":31,"sound":81},{"level":38,"sound":81},{"level":40,"sound":81},{"level":42,"sound":81}],"tick":233},{"sounds":[{"level":20,"sound":81},{"level":28,"sound":81},{"level":37,"sound":81},{"level":39,"sound":81},{"level":32,"sound":81},{"level":6,"sound":81},{"level":10,"sound":81},{"level":22,"sound":81},{"level":24,"sound":81},{"level":15,"sound":81}],"tick":234},{"sounds":[{"level":-2,"sound":81},{"level":1,"sound":81},{"level":19,"sound":81},{"level":21,"sound":81},{"level":25,"sound":81},{"level":9,"sound":81},{"level":16,"sound":81},{"level":30,"sound":81},{"level":12,"sound":81},{"level":22,"sound":81},{"level":26,"sound":81},{"level":35,"sound":81},{"level":24,"sound":81}],"tick":235},{"sounds":[{"level":19,"sound":81},{"level":29,"sound":81},{"level":10,"sound":81},{"level":21,"sound":81},{"level":0,"sound":81},{"level":7,"sound":81},{"level":17,"sound":81},{"level":25,"sound":81}],"tick":236},{"sounds":[{"level":13,"sound":81},{"level":-13,"sound":81},{"level":22,"sound":81},{"level":-2,"sound":81},{"level":5,"sound":81},{"level":10,"sound":81},{"level":14,"sound":81},{"level":24,"sound":81},{"level":30,"sound":81},{"level":35,"sound":81},{"level":18,"sound":81},{"level":23,"sound":81},{"level":28,"sound":81},{"level":31,"sound":81}],"tick":237},{"sounds":[{"level":-14,"sound":81},{"level":11,"sound":81},{"level":29,"sound":81},{"level":-1,"sound":81},{"level":6,"sound":81},{"level":16,"sound":81},{"level":33,"sound":81},{"level":35,"sound":81},{"level":-12,"sound":81},{"level":12,"sound":81},{"level":28,"sound":81},{"level":34,"sound":81}],"tick":238},{"sounds":[{"level":17,"sound":81},{"level":19,"sound":81},{"level":24,"sound":81},{"level":-15,"sound":81},{"level":0,"sound":81},{"level":14,"sound":81},{"level":32,"sound":81},{"level":10,"sound":81},{"level":20,"sound":81},{"level":29,"sound":81},{"level":6,"sound":81},{"level":13,"sound":81},{"level":16,"sound":81},{"level":23,"sound":81}],"tick":239},{"sounds":[{"level":-1,"sound":81},{"level":3,"sound":81},{"level":17,"sound":81},{"level":30,"sound":81},{"level":19,"sound":81},{"level":34,"sound":81},{"level":-15,"sound":81},{"level":-2,"sound":81},{"level":5,"sound":81},{"level":15,"sound":81},{"level":22,"sound":81},{"level":24,"sound":81},{"level":-8,"sound":81},{"level":12,"sound":81},{"level":26,"sound":81},{"level":-14,"sound":81},{"level":-1,"sound":81},{"level":6,"sound":81},{"level":17,"sound":81},{"level":31,"sound":81}],"tick":240},{"sounds":[{"level":20,"sound":81},{"level":23,"sound":81},{"level":33,"sound":81},{"level":34,"sound":81},{"level":-13,"sound":81},{"level":5,"sound":81},{"level":9,"sound":81},{"level":28,"sound":81},{"level":19,"sound":81},{"level":24,"sound":81},{"level":7,"sound":81},{"level":16,"sound":81},{"level":27,"sound":81}],"tick":241},{"sounds":[{"level":-14,"sound":81},{"level":25,"sound":81},{"level":18,"sound":81},{"level":37,"sound":81},{"level":22,"sound":81},{"level":33,"sound":81},{"level":-14,"sound":81},{"level":10,"sound":81},{"level":23,"sound":81},{"level":35,"sound":81}],"tick":242},{"sounds":[{"level":21,"sound":81},{"level":5,"sound":81},{"level":-13,"sound":81},{"level":12,"sound":81},{"level":31,"sound":81},{"level":14,"sound":81},{"level":20,"sound":81},{"level":22,"sound":81},{"level":23,"sound":81},{"level":27,"sound":81},{"level":28,"sound":81},{"level":34,"sound":81},{"level":36,"sound":81},{"level":40,"sound":81},{"level":42,"sound":81}],"tick":243},{"sounds":[{"level":5,"sound":81},{"level":26,"sound":81},{"level":30,"sound":81},{"level":38,"sound":81}],"tick":244},{"sounds":[{"level":10,"sound":81},{"level":17,"sound":81},{"level":25,"sound":81},{"level":33,"sound":81},{"level":16,"sound":81},{"level":24,"sound":81},{"level":-6,"sound":81},{"level":20,"sound":81},{"level":27,"sound":81}],"tick":245},{"sounds":[{"level":4,"sound":81},{"level":25,"sound":81},{"level":18,"sound":81},{"level":26,"sound":81},{"level":-4,"sound":81},{"level":9,"sound":81},{"level":15,"sound":81},{"level":23,"sound":81},{"level":43,"sound":81},{"level":19,"sound":81},{"level":32,"sound":81}],"tick":246},{"sounds":[{"level":-6,"sound":81},{"level":10,"sound":81},{"level":14,"sound":81},{"level":17,"sound":81},{"level":23,"sound":81},{"level":35,"sound":81},{"level":6,"sound":81},{"level":12,"sound":81},{"level":19,"sound":81},{"level":21,"sound":81},{"level":28,"sound":81},{"level":16,"sound":81},{"level":25,"sound":81},{"level":31,"sound":81},{"level":32,"sound":81}],"tick":247},{"sounds":[{"level":20,"sound":81},{"level":23,"sound":81},{"level":36,"sound":81},{"level":27,"sound":81},{"level":11,"sound":81},{"level":13,"sound":81},{"level":17,"sound":81},{"level":24,"sound":81},{"level":29,"sound":81}],"tick":248},{"sounds":[{"level":3,"sound":81},{"level":8,"sound":81},{"level":14,"sound":81},{"level":12,"sound":81},{"level":19,"sound":81},{"level":22,"sound":81},{"level":38,"sound":81},{"level":-5,"sound":81},{"level":7,"sound":81},{"level":16,"sound":81},{"level":28,"sound":81},{"level":35,"sound":81},{"level":13,"sound":81},{"level":30,"sound":81}],"tick":249},{"sounds":[{"level":-7,"sound":81},{"level":25,"sound":81},{"level":23,"sound":81},{"level":26,"sound":81},{"level":-58,"sound":81},{"level":-12,"sound":81},{"level":0,"sound":81},{"level":12,"sound":81},{"level":21,"sound":81},{"level":19,"sound":81},{"level":22,"sound":81},{"level":30,"sound":81},{"level":33,"sound":81},{"level":11,"sound":81},{"level":41,"sound":81}],"tick":250},{"sounds":[{"level":9,"sound":81},{"level":20,"sound":81},{"level":17,"sound":81},{"level":24,"sound":81},{"level":25,"sound":81},{"level":28,"sound":81},{"level":26,"sound":81},{"level":-12,"sound":81},{"level":7,"sound":81},{"level":14,"sound":81},{"level":19,"sound":81}],"tick":251},{"sounds":[{"level":12,"sound":81},{"level":22,"sound":81},{"level":25,"sound":81},{"level":1,"sound":81},{"level":21,"sound":81},{"level":29,"sound":81},{"level":32,"sound":81},{"level":34,"sound":81},{"level":35,"sound":81}],"tick":252},{"sounds":[{"level":23,"sound":81},{"level":28,"sound":81},{"level":15,"sound":81},{"level":16,"sound":81},{"level":24,"sound":81},{"level":41,"sound":81},{"level":32,"sound":81},{"level":22,"sound":81},{"level":30,"sound":81},{"level":37,"sound":81}],"tick":253},{"sounds":[{"level":9,"sound":81},{"level":20,"sound":81},{"level":26,"sound":81},{"level":33,"sound":81},{"level":11,"sound":81},{"level":25,"sound":81},{"level":24,"sound":81},{"level":27,"sound":81},{"level":30,"sound":81}],"tick":254},{"sounds":[{"level":0,"sound":81},{"level":12,"sound":81},{"level":19,"sound":81},{"level":11,"sound":81},{"level":25,"sound":81},{"level":17,"sound":81},{"level":29,"sound":81},{"level":33,"sound":81},{"level":12,"sound":81},{"level":15,"sound":81}],"tick":255},{"sounds":[{"level":23,"sound":81},{"level":32,"sound":81},{"level":7,"sound":81},{"level":18,"sound":81},{"level":22,"sound":81},{"level":10,"sound":81},{"level":31,"sound":81},{"level":36,"sound":81}],"tick":256},{"sounds":[{"level":1,"sound":81},{"level":6,"sound":81},{"level":17,"sound":81},{"level":20,"sound":81},{"level":25,"sound":81},{"level":28,"sound":81},{"level":30,"sound":81},{"level":14,"sound":81},{"level":-12,"sound":81},{"level":0,"sound":81},{"level":34,"sound":81},{"level":16,"sound":81},{"level":19,"sound":81}],"tick":257},{"sounds":[{"level":26,"sound":81},{"level":31,"sound":81},{"level":15,"sound":81},{"level":32,"sound":81},{"level":14,"sound":81},{"level":17,"sound":81},{"level":21,"sound":81},{"level":23,"sound":81},{"level":24,"sound":81},{"level":25,"sound":81},{"level":27,"sound":81}],"tick":258},{"sounds":[{"level":10,"sound":81},{"level":0,"sound":81},{"level":13,"sound":81},{"level":30,"sound":81},{"level":33,"sound":81},{"level":28,"sound":81},{"level":6,"sound":81},{"level":15,"sound":81},{"level":17,"sound":81},{"level":35,"sound":81}],"tick":259},{"sounds":[{"level":9,"sound":81},{"level":-13,"sound":81},{"level":3,"sound":81},{"level":12,"sound":81},{"level":19,"sound":81},{"level":37,"sound":81},{"level":21,"sound":81},{"level":39,"sound":81},{"level":-12,"sound":81},{"level":6,"sound":81},{"level":27,"sound":81},{"level":31,"sound":81},{"level":32,"sound":81},{"level":11,"sound":81},{"level":13,"sound":81},{"level":16,"sound":81}],"tick":260},{"sounds":[{"level":17,"sound":81},{"level":23,"sound":81},{"level":0,"sound":81},{"level":6,"sound":81},{"level":20,"sound":81},{"level":19,"sound":81},{"level":33,"sound":81},{"level":7,"sound":81},{"level":22,"sound":81}],"tick":261},{"sounds":[{"level":23,"sound":81},{"level":25,"sound":81},{"level":33,"sound":81},{"level":20,"sound":81},{"level":-13,"sound":81},{"level":7,"sound":81},{"level":10,"sound":81},{"level":16,"sound":81},{"level":34,"sound":81},{"level":36,"sound":81},{"level":37,"sound":81}],"tick":262},{"sounds":[{"level":15,"sound":81},{"level":21,"sound":81},{"level":-12,"sound":81},{"level":5,"sound":81},{"level":22,"sound":81},{"level":33,"sound":81},{"level":39,"sound":81},{"level":30,"sound":81},{"level":36,"sound":81}],"tick":263},{"sounds":[{"level":10,"sound":81},{"level":28,"sound":81},{"level":29,"sound":81},{"level":43,"sound":81},{"level":16,"sound":81},{"level":23,"sound":81},{"level":32,"sound":81},{"level":38,"sound":81},{"level":19,"sound":81},{"level":24,"sound":81},{"level":8,"sound":81},{"level":17,"sound":81},{"level":26,"sound":81},{"level":28,"sound":81},{"level":31,"sound":81}],"tick":264},{"sounds":[{"level":-2,"sound":81},{"level":30,"sound":81},{"level":-10,"sound":81},{"level":37,"sound":81},{"level":13,"sound":81},{"level":29,"sound":81},{"level":32,"sound":81},{"level":33,"sound":81},{"level":-9,"sound":81}],"tick":265},{"sounds":[{"level":7,"sound":81},{"level":16,"sound":81},{"level":24,"sound":81},{"level":26,"sound":81},{"level":-10,"sound":81},{"level":-1,"sound":81},{"level":27,"sound":81},{"level":18,"sound":81},{"level":20,"sound":81},{"level":21,"sound":81},{"level":30,"sound":81},{"level":33,"sound":81},{"level":34,"sound":81},{"level":12,"sound":81}],"tick":266},{"sounds":[{"level":8,"sound":81},{"level":17,"sound":81},{"level":19,"sound":81},{"level":25,"sound":81},{"level":26,"sound":81},{"level":39,"sound":81},{"level":-5,"sound":81},{"level":16,"sound":81},{"level":21,"sound":81},{"level":22,"sound":81},{"level":25,"sound":81},{"level":18,"sound":81},{"level":37,"sound":81}],"tick":267},{"sounds":[{"level":23,"sound":81},{"level":29,"sound":81},{"level":4,"sound":81},{"level":9,"sound":81},{"level":20,"sound":81},{"level":22,"sound":81},{"level":31,"sound":81},{"level":36,"sound":81},{"level":15,"sound":81},{"level":28,"sound":81}],"tick":268},{"sounds":[{"level":2,"sound":81},{"level":6,"sound":81},{"level":16,"sound":81},{"level":24,"sound":81},{"level":26,"sound":81},{"level":19,"sound":81},{"level":23,"sound":81},{"level":29,"sound":81},{"level":11,"sound":81},{"level":13,"sound":81},{"level":25,"sound":81},{"level":27,"sound":81},{"level":20,"sound":81},{"level":32,"sound":81}],"tick":269},{"sounds":[{"level":18,"sound":81},{"level":24,"sound":81},{"level":12,"sound":81},{"level":13,"sound":81},{"level":26,"sound":81},{"level":30,"sound":81},{"level":11,"sound":81},{"level":17,"sound":81},{"level":32,"sound":81},{"level":35,"sound":81},{"level":38,"sound":81},{"level":42,"sound":81}],"tick":270},{"sounds":[{"level":-13,"sound":81},{"level":20,"sound":81},{"level":27,"sound":81},{"level":34,"sound":81},{"level":29,"sound":81},{"level":12,"sound":81},{"level":14,"sound":81},{"level":17,"sound":81},{"level":22,"sound":81},{"level":33,"sound":81}],"tick":271},{"sounds":[{"level":19,"sound":81},{"level":30,"sound":81},{"level":32,"sound":81},{"level":15,"sound":81},{"level":23,"sound":81},{"level":27,"sound":81},{"level":14,"sound":81}],"tick":272},{"sounds":[{"level":16,"sound":81},{"level":20,"sound":81},{"level":33,"sound":81},{"level":38,"sound":81},{"level":22,"sound":81},{"level":24,"sound":81},{"level":-2,"sound":81},{"level":8,"sound":81},{"level":3,"sound":81},{"level":23,"sound":81}],"tick":273},{"sounds":[{"level":25,"sound":81},{"level":29,"sound":81},{"level":32,"sound":81},{"level":33,"sound":81},{"level":41,"sound":81},{"level":12,"sound":81},{"level":20,"sound":81},{"level":13,"sound":81},{"level":17,"sound":81},{"level":22,"sound":81},{"level":34,"sound":81},{"level":-24,"sound":81},{"level":31,"sound":81}],"tick":274},{"sounds":[{"level":12,"sound":81},{"level":19,"sound":81},{"level":17,"sound":81},{"level":23,"sound":81},{"level":29,"sound":81},{"level":33,"sound":81}],"tick":275},{"sounds":[{"level":7,"sound":81},{"level":11,"sound":81},{"level":13,"sound":81},{"level":16,"sound":81},{"level":20,"sound":81},{"level":22,"sound":81},{"level":26,"sound":81},{"level":37,"sound":81},{"level":14,"sound":81},{"level":15,"sound":81},{"level":21,"sound":81},{"level":28,"sound":81},{"level":3,"sound":81},{"level":16,"sound":81},{"level":23,"sound":81},{"level":24,"sound":81}],"tick":276},{"sounds":[{"level":8,"sound":81},{"level":13,"sound":81},{"level":29,"sound":81},{"level":37,"sound":81},{"level":1,"sound":81},{"level":22,"sound":81},{"level":-12,"sound":81},{"level":12,"sound":81},{"level":19,"sound":81},{"level":20,"sound":81}],"tick":277},{"sounds":[{"level":30,"sound":81},{"level":32,"sound":81},{"level":33,"sound":81},{"level":27,"sound":81},{"level":34,"sound":81},{"level":37,"sound":81}],"tick":278},{"sounds":[{"level":10,"sound":81},{"level":11,"sound":81},{"level":23,"sound":81},{"level":25,"sound":81},{"level":26,"sound":81},{"level":29,"sound":81},{"level":30,"sound":81},{"level":21,"sound":81},{"level":-12,"sound":81},{"level":1,"sound":81},{"level":12,"sound":81},{"level":16,"sound":81},{"level":19,"sound":81},{"level":24,"sound":81},{"level":31,"sound":81},{"level":9,"sound":81},{"level":14,"sound":81},{"level":22,"sound":81}],"tick":279},{"sounds":[{"level":28,"sound":81},{"level":34,"sound":81},{"level":36,"sound":81},{"level":17,"sound":81},{"level":20,"sound":81},{"level":4,"sound":81},{"level":15,"sound":81},{"level":25,"sound":81},{"level":41,"sound":81},{"level":26,"sound":81},{"level":1,"sound":81},{"level":16,"sound":81},{"level":22,"sound":81}],"tick":280},{"sounds":[{"level":13,"sound":81},{"level":23,"sound":81},{"level":0,"sound":81},{"level":19,"sound":81},{"level":33,"sound":81},{"level":-12,"sound":81},{"level":30,"sound":81},{"level":15,"sound":81}],"tick":281},{"sounds":[{"level":8,"sound":81},{"level":22,"sound":81},{"level":24,"sound":81},{"level":29,"sound":81},{"level":5,"sound":81},{"level":11,"sound":81},{"level":-13,"sound":81},{"level":14,"sound":81},{"level":16,"sound":81},{"level":26,"sound":81},{"level":27,"sound":81},{"level":10,"sound":81},{"level":20,"sound":81}],"tick":282},{"sounds":[{"level":7,"sound":81},{"level":22,"sound":81},{"level":33,"sound":81},{"level":39,"sound":81},{"level":24,"sound":81},{"level":30,"sound":81},{"level":18,"sound":81},{"level":21,"sound":81},{"level":29,"sound":81},{"level":8,"sound":81},{"level":13,"sound":81},{"level":31,"sound":81}],"tick":283},{"sounds":[{"level":17,"sound":81},{"level":19,"sound":81},{"level":38,"sound":81},{"level":22,"sound":81},{"level":26,"sound":81},{"level":-1,"sound":81},{"level":30,"sound":81},{"level":32,"sound":81},{"level":6,"sound":81}],"tick":284},{"sounds":[{"level":29,"sound":81},{"level":13,"sound":81},{"level":27,"sound":81},{"level":33,"sound":81},{"level":15,"sound":81},{"level":19,"sound":81},{"level":23,"sound":81},{"level":25,"sound":81},{"level":30,"sound":81},{"level":37,"sound":81},{"level":3,"sound":81},{"level":12,"sound":81},{"level":16,"sound":81},{"level":20,"sound":81},{"level":26,"sound":81},{"level":34,"sound":81}],"tick":285},{"sounds":[{"level":-18,"sound":81},{"level":14,"sound":81},{"level":19,"sound":81},{"level":22,"sound":81},{"level":-3,"sound":81},{"level":18,"sound":81},{"level":23,"sound":81},{"level":25,"sound":81},{"level":30,"sound":81},{"level":33,"sound":81},{"level":8,"sound":81},{"level":27,"sound":81},{"level":29,"sound":81}],"tick":286},{"sounds":[{"level":19,"sound":81},{"level":3,"sound":81},{"level":38,"sound":81},{"level":18,"sound":81},{"level":32,"sound":81},{"level":23,"sound":81},{"level":29,"sound":81},{"level":42,"sound":81}],"tick":287},{"sounds":[{"level":19,"sound":81},{"level":25,"sound":81},{"level":30,"sound":81},{"level":6,"sound":81},{"level":33,"sound":81},{"level":41,"sound":81},{"level":27,"sound":81}],"tick":288},{"sounds":[{"level":17,"sound":81},{"level":26,"sound":81},{"level":29,"sound":81},{"level":31,"sound":81},{"level":36,"sound":81},{"level":40,"sound":81},{"level":16,"sound":81},{"level":23,"sound":81},{"level":24,"sound":81},{"level":32,"sound":81},{"level":35,"sound":81},{"level":9,"sound":81},{"level":19,"sound":81},{"level":27,"sound":81},{"level":30,"sound":81}],"tick":289},{"sounds":[{"level":0,"sound":81},{"level":14,"sound":81},{"level":28,"sound":81},{"level":15,"sound":81},{"level":25,"sound":81},{"level":34,"sound":81},{"level":-9,"sound":81},{"level":2,"sound":81},{"level":33,"sound":81},{"level":42,"sound":81},{"level":14,"sound":81}],"tick":290},{"sounds":[{"level":43,"sound":81}],"tick":291},{"sounds":[{"level":16,"sound":81},{"level":41,"sound":81},{"level":12,"sound":81},{"level":14,"sound":81},{"level":25,"sound":81},{"level":15,"sound":81},{"level":21,"sound":81},{"level":34,"sound":81}],"tick":292},{"sounds":[{"level":14,"sound":81}],"tick":293},{"sounds":[{"level":26,"sound":81},{"level":38,"sound":81}],"tick":294}]