[{"sounds":[{"level":-1,"sound":0},{"level":4,"sound":81}],"tick":0},{"sounds":[{"level":-1,"sound":0}],"tick":1},{"sounds":[{"level":-1,"sound":0}],"tick":2},{"sounds":[{"level":-1,"sound":0}],"tick":3},{"sounds":[{"level":-1,"sound":0}],"tick":4},{"sounds":[{"level":-1,"sound":0}],"tick":5},{"sounds":[{"level":-1,"sound":0}],"tick":6},{"sounds":[{"level":-1,"sound":0}],"tick":7},{"sounds":[{"level":-1,"sound":0}],"tick":8},{"sounds":[{"level":-1,"sound":0}],"tick":9},{"sounds":[{"level":-1,"sound":0},{"level":7,"sound":81},{"level":4,"sound":81}],"tick":10},{"sounds":[{"level":-1,"sound":0}],"tick":11},{"sounds":[{"level":-1,"sound":0}],"tick":12},{"sounds":[{"level":-1,"sound":0}],"tick":13},{"sounds":[{"level":-1,"sound":0}],"tick":14},{"sounds":[{"level":-1,"sound":0}],"tick":15},{"sounds":[{"level":-1,"sound":0}],"tick":16},{"sounds":[{"level":-1,"sound":0}],"tick":17},{"sounds":[{"level":-1,"sound":0}],"tick":18},{"sounds":[{"level":-1,"sound":0}],"tick":19},{"sounds":[{"level":-1,"sound":0}],"tick":20},{"sounds":[{"level":-1,"sound":0}],"tick":21},{"sounds":[{"level":-1,"sound":0}],"tick":22},{"sounds":[{"level":-1,"sound":0}],"tick":23},{"sounds":[{"level":-1,"sound":0}],"tick":24},{"sounds":[{"level":-1,"sound":0}],"tick":25},{"sounds":[{"level":-1,"sound":0}],"tick":26},{"sounds":[{"level":-1,"sound":0}],"tick":27},{"sounds":[{"level":-1,"sound":0}],"tick":28},{"sounds":[{"level":-1,"sound":0}],"tick":29},{"sounds":[{"level":-1,"sound":0},{"level":3,"sound":81}],"tick":30},{"sounds":[{"level":-1,"sound":0}],"tick":31},{"sounds":[{"level":-1,"sound":0}],"tick":32},{"sounds":[{"level":-1,"sound":0}],"tick":33},{"sounds":[{"level":-1,"sound":0}],"tick":34},{"sounds":[{"level":-1,"sound":0}],"tick":35},{"sounds":[{"level":-1,"sound":0}],"tick":36},{"sounds":[{"level":-1,"sound":0}],"tick":37},{"sounds":[{"level":-1,"sound":0}],"tick":38},{"sounds":[{"level":-1,"sound":0}],"tick":39},{"sounds":[{"level":-1,"sound":0},{"level":4,"sound":81}],"tick":40},{"sounds":[{"level":-1,"sound":0}],"tick":41},{"sounds":[{"level":-1,"sound":0}],"tick":42},{"sounds":[{"level":-1,"sound":0}],"tick":43},{"sounds":[{"level":-1,"sound":0}],"tick":44},{"sounds":[{"level":-1,"sound":0}],"tick":45},{"sounds":[{"level":-1,"sound":0}],"tick":46},{"sounds":[{"level":-1,"sound":0}],"tick":47},{"sounds":[{"level":-1,"sound":0}],"tick":48},{"sounds":[{"level":-1,"sound":0}],"tick":49},{"sounds":[{"level":-1,"sound":0}],"tick":50},{"sounds":[{"level":-1,"sound":0}],"tick":51},{"sounds":[{"level":-1,"sound":0}],"tick":52},{"sounds":[{"level":-1,"sound":0}],"tick":53},{"sounds":[{"level":-1,"sound":0}],"tick":54},{"sounds":[{"level":-1,"sound":0}],"tick":55},{"sounds":[{"level":-1,"sound":0}],"tick":56},{"sounds":[{"level":-1,"sound":0}],"tick":57},{"sounds":[{"level":-1,"sound":0}],"tick":58},{"sounds":[{"level":-1,"sound":0}],"tick":59},{"sounds":[{"level":-1,"sound":0}],"tick":60},{"sounds":[{"level":-1,"sound":0}],"tick":61},{"sounds":[{"level":-1,"sound":0}],"tick":62},{"sounds":[{"level":-1,"sound":0}],"tick":63},{"sounds":[{"level":-1,"sound":0}],"tick":64},{"sounds":[{"level":-1,"sound":0}],"tick":65},{"sounds":[{"level":-1,"sound":0}],"tick":66},{"sounds":[{"level":-1,"sound":0}],"tick":67},{"sounds":[{"level":-1,"sound":0}],"tick":68},{"sounds":[{"level":-1,"sound":0}],"tick":69},{"sounds":[{"level":-1,"sound":0}],"tick":70},{"sounds":[{"level":-1,"sound":0}],"tick":71},{"sounds":[{"level":-1,"sound":0}],"tick":72},{"sounds":[{"level":-1,"sound":0}],"tick":73},{"sounds":[{"level":-1,"sound":0}],"tick":74},{"sounds":[{"level":-1,"sound":0}],"tick":75},{"sounds":[{"level":-1,"sound":0}],"tick":76},{"sounds":[{"level":-1,"sound":0}],"tick":77},{"sounds":[{"level":-1,"sound":0}],"tick":78},{"sounds":[{"level":-1,"sound":0}],"tick":79},{"sounds":[{"level":-1,"sound":0},{"level":0,"sound":81},{"level":47,"sound":81}],"tick":80},{"sounds":[{"level":-1,"sound":0}],"tick":81},{"sounds":[{"level":-1,"sound":0}],"tick":82},{"sounds":[{"level":-1,"sound":0}],"tick":83},{"sounds":[{"level":-1,"sound":0}],"tick":84},{"sounds":[{"level":-1,"sound":0}],"tick":85},{"sounds":[{"level":-1,"sound":0}],"tick":86},{"sounds":[{"level":-1,"sound":0},{"level":55,"sound":81}],"tick":87},{"sounds":[{"level":-1,"sound":0}],"tick":88},{"sounds":[{"level":-1,"sound":0}],"tick":89},{"sounds":[{"level":-1,"sound":0},{"level":4,"sound":81},{"level":0,"sound":81},{"level":54,"sound":81},{"level":40,"sound":81}],"tick":90},{"sounds":[{"level":-1,"sound":0}],"tick":91},{"sounds":[{"level":-1,"sound":0}],"tick":92},{"sounds":[{"level":-1,"sound":0}],"tick":93},{"sounds":[{"level":-1,"sound":0}],"tick":94},{"sounds":[{"level":-1,"sound":0}],"tick":95},{"sounds":[{"level":-1,"sound":0}],"tick":96},{"sounds":[{"level":-1,"sound":0}],"tick":97},{"sounds":[{"level":-1,"sound":0},{"level":45,"sound":81}],"tick":98},{"sounds":[{"level":-1,"sound":0}],"tick":99},{"sounds":[{"level":-1,"sound":0},{"level":2,"sound":81},{"level":47,"sound":81}],"tick":100},{"sounds":[{"level":-1,"sound":0}],"tick":101},{"sounds":[{"level":-1,"sound":0}],"tick":102},{"sounds":[{"level":-1,"sound":0}],"tick":103},{"sounds":[{"level":-1,"sound":0}],"tick":104},{"sounds":[{"level":-1,"sound":0}],"tick":105},{"sounds":[{"level":-1,"sound":0}],"tick":106},{"sounds":[{"level":-1,"sound":0}],"tick":107},{"sounds":[{"level":-1,"sound":0}],"tick":108},{"sounds":[{"level":-1,"sound":0},{"level":42,"sound":81}],"tick":109},{"sounds":[{"level":-1,"sound":0},{"level":6,"sound":81},{"level":2,"sound":81},{"level":42,"sound":81}],"tick":110},{"sounds":[{"level":-1,"sound":0}],"tick":111},{"sounds":[{"level":-1,"sound":0}],"tick":112},{"sounds":[{"level":-1,"sound":0}],"tick":113},{"sounds":[{"level":-1,"sound":0}],"tick":114},{"sounds":[{"level":-1,"sound":0}],"tick":115},{"sounds":[{"level":-1,"sound":0}],"tick":116},{"sounds":[{"level":-1,"sound":0},{"level":45,"sound":81}],"tick":117},{"sounds":[{"level":-1,"sound":0}],"tick":118},{"sounds":[{"level":-1,"sound":0}],"tick":119},{"sounds":[{"level":-1,"sound":0},{"level":4,"sound":81},{"level":47,"sound":81}],"tick":120},{"sounds":[{"level":-1,"sound":0}],"tick":121},{"sounds":[{"level":-1,"sound":0}],"tick":122},{"sounds":[{"level":-1,"sound":0}],"tick":123},{"sounds":[{"level":-1,"sound":0}],"tick":124},{"sounds":[{"level":-1,"sound":0}],"tick":125},{"sounds":[{"level":-1,"sound":0}],"tick":126},{"sounds":[{"level":-1,"sound":0},{"level":57,"sound":81}],"tick":127},{"sounds":[{"level":-1,"sound":0}],"tick":128},{"sounds":[{"level":-1,"sound":0}],"tick":129},{"sounds":[{"level":-1,"sound":0},{"level":4,"sound":81},{"level":7,"sound":81},{"level":55,"sound":81},{"level":43,"sound":81}],"tick":130},{"sounds":[{"level":-1,"sound":0}],"tick":131},{"sounds":[{"level":-1,"sound":0}],"tick":132},{"sounds":[{"level":-1,"sound":0}],"tick":133},{"sounds":[{"level":-1,"sound":0}],"tick":134},{"sounds":[{"level":-1,"sound":0}],"tick":135},{"sounds":[{"level":-1,"sound":0}],"tick":136},{"sounds":[{"level":-1,"sound":0},{"level":54,"sound":81}],"tick":137},{"sounds":[{"level":-1,"sound":0}],"tick":138},{"sounds":[{"level":-1,"sound":0}],"tick":139},{"sounds":[{"level":-1,"sound":0},{"level":4,"sound":81},{"level":55,"sound":81}],"tick":140},{"sounds":[{"level":-1,"sound":0}],"tick":141},{"sounds":[{"level":-1,"sound":0}],"tick":142},{"sounds":[{"level":-1,"sound":0}],"tick":143},{"sounds":[{"level":-1,"sound":0}],"tick":144},{"sounds":[{"level":-1,"sound":0}],"tick":145},{"sounds":[{"level":-1,"sound":0},{"level":55,"sound":81}],"tick":146},{"sounds":[{"level":-1,"sound":0}],"tick":147},{"sounds":[{"level":-1,"sound":0},{"level":54,"sound":81}],"tick":148},{"sounds":[{"level":-1,"sound":0}],"tick":149},{"sounds":[{"level":-1,"sound":0},{"level":4,"sound":81},{"level":7,"sound":81},{"level":52,"sound":81},{"level":43,"sound":81}],"tick":150},{"sounds":[{"level":-1,"sound":0}],"tick":151},{"sounds":[{"level":-1,"sound":0}],"tick":152},{"sounds":[{"level":-1,"sound":0}],"tick":153},{"sounds":[{"level":-1,"sound":0}],"tick":154},{"sounds":[{"level":-1,"sound":0}],"tick":155},{"sounds":[{"level":-1,"sound":0}],"tick":156},{"sounds":[{"level":-1,"sound":0},{"level":54,"sound":81}],"tick":157},{"sounds":[{"level":-1,"sound":0}],"tick":158},{"sounds":[{"level":-1,"sound":0}],"tick":159},{"sounds":[{"level":-1,"sound":0},{"level":0,"sound":81},{"level":52,"sound":81}],"tick":160},{"sounds":[{"level":-1,"sound":0}],"tick":161},{"sounds":[{"level":-1,"sound":0}],"tick":162},{"sounds":[{"level":-1,"sound":0}],"tick":163},{"sounds":[{"level":-1,"sound":0}],"tick":164},{"sounds":[{"level":-1,"sound":0}],"tick":165},{"sounds":[{"level":-1,"sound":0}],"tick":166},{"sounds":[{"level":-1,"sound":0},{"level":50,"sound":81}],"tick":167},{"sounds":[{"level":-1,"sound":0}],"tick":168},{"sounds":[{"level":-1,"sound":0}],"tick":169},{"sounds":[{"level":-1,"sound":0},{"level":0,"sound":81},{"level":4,"sound":81},{"level":47,"sound":81},{"level":40,"sound":81}],"tick":170},{"sounds":[{"level":-1,"sound":0}],"tick":171},{"sounds":[{"level":-1,"sound":0}],"tick":172},{"sounds":[{"level":-1,"sound":0}],"tick":173},{"sounds":[{"level":-1,"sound":0}],"tick":174},{"sounds":[{"level":-1,"sound":0}],"tick":175},{"sounds":[{"level":-1,"sound":0},{"level":50,"sound":81}],"tick":176},{"sounds":[{"level":-1,"sound":0}],"tick":177},{"sounds":[{"level":-1,"sound":0}],"tick":178},{"sounds":[{"level":-1,"sound":0}],"tick":179},{"sounds":[{"level":-1,"sound":0},{"level":2,"sound":81},{"level":52,"sound":81}],"tick":180},{"sounds":[{"level":-1,"sound":0}],"tick":181},{"sounds":[{"level":-1,"sound":0}],"tick":182},{"sounds":[{"level":-1,"sound":0}],"tick":183},{"sounds":[{"level":-1,"sound":0}],"tick":184},{"sounds":[{"level":-1,"sound":0}],"tick":185},{"sounds":[{"level":-1,"sound":0}],"tick":186},{"sounds":[{"level":-1,"sound":0},{"level":50,"sound":81}],"tick":187},{"sounds":[{"level":-1,"sound":0}],"tick":188},{"sounds":[{"level":-1,"sound":0}],"tick":189},{"sounds":[{"level":-1,"sound":0},{"level":2,"sound":81},{"level":6,"sound":81},{"level":47,"sound":81},{"level":42,"sound":81}],"tick":190},{"sounds":[{"level":-1,"sound":0}],"tick":191},{"sounds":[{"level":-1,"sound":0}],"tick":192},{"sounds":[{"level":-1,"sound":0}],"tick":193},{"sounds":[{"level":-1,"sound":0}],"tick":194},{"sounds":[{"level":-1,"sound":0}],"tick":195},{"sounds":[{"level":-1,"sound":0}],"tick":196},{"sounds":[{"level":-1,"sound":0},{"level":50,"sound":81}],"tick":197},{"sounds":[{"level":-1,"sound":0}],"tick":198},{"sounds":[{"level":-1,"sound":0}],"tick":199},{"sounds":[{"level":-1,"sound":0},{"level":4,"sound":81},{"level":47,"sound":81}],"tick":200},{"sounds":[{"level":-1,"sound":0}],"tick":201},{"sounds":[{"level":-1,"sound":0}],"tick":202},{"sounds":[{"level":-1,"sound":0}],"tick":203},{"sounds":[{"level":-1,"sound":0}],"tick":204},{"sounds":[{"level":-1,"sound":0}],"tick":205},{"sounds":[{"level":-1,"sound":0}],"tick":206},{"sounds":[{"level":-1,"sound":0},{"level":45,"sound":81}],"tick":207},{"sounds":[{"level":-1,"sound":0}],"tick":208},{"sounds":[{"level":-1,"sound":0}],"tick":209},{"sounds":[{"level":-1,"sound":0},{"level":4,"sound":81},{"level":7,"sound":81},{"level":47,"sound":81},{"level":43,"sound":81}],"tick":210},{"sounds":[{"level":-1,"sound":0}],"tick":211},{"sounds":[{"level":-1,"sound":0}],"tick":212},{"sounds":[{"level":-1,"sound":0}],"tick":213},{"sounds":[{"level":-1,"sound":0}],"tick":214},{"sounds":[{"level":-1,"sound":0}],"tick":215},{"sounds":[{"level":-1,"sound":0}],"tick":216},{"sounds":[{"level":-1,"sound":0},{"level":50,"sound":81}],"tick":217},{"sounds":[{"level":-1,"sound":0}],"tick":218},{"sounds":[{"level":-1,"sound":0}],"tick":219},{"sounds":[{"level":-1,"sound":0},{"level":4,"sound":81},{"level":47,"sound":81}],"tick":220},{"sounds":[{"level":-1,"sound":0}],"tick":221},{"sounds":[{"level":-1,"sound":0}],"tick":222},{"sounds":[{"level":-1,"sound":0}],"tick":223},{"sounds":[{"level":-1,"sound":0}],"tick":224},{"sounds":[{"level":-1,"sound":0}],"tick":225},{"sounds":[{"level":-1,"sound":0}],"tick":226},{"sounds":[{"level":-1,"sound":0}],"tick":227},{"sounds":[{"level":-1,"sound":0}],"tick":228},{"sounds":[{"level":-1,"sound":0}],"tick":229},{"sounds":[{"level":-1,"sound":0},{"level":7,"sound":81},{"level":4,"sound":81},{"level":43,"sound":81}],"tick":230},{"sounds":[{"level":-1,"sound":0}],"tick":231},{"sounds":[{"level":-1,"sound":0}],"tick":232},{"sounds":[{"level":-1,"sound":0}],"tick":233},{"sounds":[{"level":-1,"sound":0}],"tick":234},{"sounds":[{"level":-1,"sound":0}],"tick":235},{"sounds":[{"level":-1,"sound":0}],"tick":236},{"sounds":[{"level":-1,"sound":0},{"level":45,"sound":81}],"tick":237},{"sounds":[{"level":-1,"sound":0}],"tick":238},{"sounds":[{"level":-1,"sound":0}],"tick":239},{"sounds":[{"level":-1,"sound":0},{"level":0,"sound":81},{"level":47,"sound":81}],"tick":240},{"sounds":[{"level":-1,"sound":0}],"tick":241},{"sounds":[{"level":-1,"sound":0}],"tick":242},{"sounds":[{"level":-1,"sound":0}],"tick":243},{"sounds":[{"level":-1,"sound":0}],"tick":244},{"sounds":[{"level":-1,"sound":0}],"tick":245},{"sounds":[{"level":-1,"sound":0}],"tick":246},{"sounds":[{"level":-1,"sound":0},{"level":55,"sound":81}],"tick":247},{"sounds":[{"level":-1,"sound":0}],"tick":248},{"sounds":[{"level":-1,"sound":0}],"tick":249},{"sounds":[{"level":-1,"sound":0},{"level":4,"sound":81},{"level":0,"sound":81},{"level":54,"sound":81},{"level":40,"sound":81}],"tick":250},{"sounds":[{"level":-1,"sound":0}],"tick":251},{"sounds":[{"level":-1,"sound":0}],"tick":252},{"sounds":[{"level":-1,"sound":0}],"tick":253},{"sounds":[{"level":-1,"sound":0}],"tick":254},{"sounds":[{"level":-1,"sound":0}],"tick":255},{"sounds":[{"level":-1,"sound":0}],"tick":256},{"sounds":[{"level":-1,"sound":0},{"level":45,"sound":81}],"tick":257},{"sounds":[{"level":-1,"sound":0}],"tick":258},{"sounds":[{"level":-1,"sound":0}],"tick":259},{"sounds":[{"level":-1,"sound":0},{"level":2,"sound":81},{"level":47,"sound":81}],"tick":260},{"sounds":[{"level":-1,"sound":0}],"tick":261},{"sounds":[{"level":-1,"sound":0}],"tick":262},{"sounds":[{"level":-1,"sound":0}],"tick":263},{"sounds":[{"level":-1,"sound":0}],"tick":264},{"sounds":[{"level":-1,"sound":0}],"tick":265},{"sounds":[{"level":-1,"sound":0}],"tick":266},{"sounds":[{"level":-1,"sound":0}],"tick":267},{"sounds":[{"level":-1,"sound":0}],"tick":268},{"sounds":[{"level":-1,"sound":0},{"level":42,"sound":81},{"level":42,"sound":81}],"tick":269},{"sounds":[{"level":-1,"sound":0},{"level":2,"sound":81},{"level":6,"sound":81}],"tick":270},{"sounds":[{"level":-1,"sound":0}],"tick":271},{"sounds":[{"level":-1,"sound":0}],"tick":272},{"sounds":[{"level":-1,"sound":0}],"tick":273},{"sounds":[{"level":-1,"sound":0}],"tick":274},{"sounds":[{"level":-1,"sound":0}],"tick":275},{"sounds":[{"level":-1,"sound":0},{"level":45,"sound":81}],"tick":276},{"sounds":[{"level":-1,"sound":0}],"tick":277},{"sounds":[{"level":-1,"sound":0}],"tick":278},{"sounds":[{"level":-1,"sound":0}],"tick":279},{"sounds":[{"level":-1,"sound":0},{"level":4,"sound":81},{"level":47,"sound":81}],"tick":280},{"sounds":[{"level":-1,"sound":0}],"tick":281},{"sounds":[{"level":-1,"sound":0}],"tick":282},{"sounds":[{"level":-1,"sound":0}],"tick":283},{"sounds":[{"level":-1,"sound":0}],"tick":284},{"sounds":[{"level":-1,"sound":0}],"tick":285},{"sounds":[{"level":-1,"sound":0}],"tick":286},{"sounds":[{"level":-1,"sound":0},{"level":57,"sound":81}],"tick":287},{"sounds":[{"level":-1,"sound":0}],"tick":288},{"sounds":[{"level":-1,"sound":0},{"level":43,"sound":81}],"tick":289},{"sounds":[{"level":-1,"sound":0},{"level":4,"sound":81},{"level":7,"sound":81},{"level":55,"sound":81}],"tick":290},{"sounds":[{"level":-1,"sound":0}],"tick":291},{"sounds":[{"level":-1,"sound":0}],"tick":292},{"sounds":[{"level":-1,"sound":0}],"tick":293},{"sounds":[{"level":-1,"sound":0}],"tick":294},{"sounds":[{"level":-1,"sound":0}],"tick":295},{"sounds":[{"level":-1,"sound":0}],"tick":296},{"sounds":[{"level":-1,"sound":0},{"level":54,"sound":81}],"tick":297},{"sounds":[{"level":-1,"sound":0}],"tick":298},{"sounds":[{"level":-1,"sound":0},{"level":55,"sound":81}],"tick":299},{"sounds":[{"level":-1,"sound":0},{"level":4,"sound":81}],"tick":300},{"sounds":[{"level":-1,"sound":0}],"tick":301},{"sounds":[{"level":-1,"sound":0}],"tick":302},{"sounds":[{"level":-1,"sound":0}],"tick":303},{"sounds":[{"level":-1,"sound":0}],"tick":304},{"sounds":[{"level":-1,"sound":0}],"tick":305},{"sounds":[{"level":-1,"sound":0},{"level":55,"sound":81}],"tick":306},{"sounds":[{"level":-1,"sound":0},{"level":54,"sound":81}],"tick":307},{"sounds":[{"level":-1,"sound":0}],"tick":308},{"sounds":[{"level":-1,"sound":0},{"level":52,"sound":81}],"tick":309},{"sounds":[{"level":-1,"sound":0},{"level":7,"sound":81},{"level":4,"sound":81},{"level":43,"sound":81}],"tick":310},{"sounds":[{"level":-1,"sound":0}],"tick":311},{"sounds":[{"level":-1,"sound":0}],"tick":312},{"sounds":[{"level":-1,"sound":0}],"tick":313},{"sounds":[{"level":-1,"sound":0}],"tick":314},{"sounds":[{"level":-1,"sound":0}],"tick":315},{"sounds":[{"level":-1,"sound":0}],"tick":316},{"sounds":[{"level":-1,"sound":0},{"level":54,"sound":81}],"tick":317},{"sounds":[{"level":-1,"sound":0}],"tick":318},{"sounds":[{"level":-1,"sound":0}],"tick":319},{"sounds":[{"level":-1,"sound":0},{"level":0,"sound":81},{"level":52,"sound":81}],"tick":320},{"sounds":[{"level":-1,"sound":0}],"tick":321},{"sounds":[{"level":-1,"sound":0}],"tick":322},{"sounds":[{"level":-1,"sound":0}],"tick":323},{"sounds":[{"level":-1,"sound":0}],"tick":324},{"sounds":[{"level":-1,"sound":0}],"tick":325},{"sounds":[{"level":-1,"sound":0}],"tick":326},{"sounds":[{"level":-1,"sound":0},{"level":50,"sound":81}],"tick":327},{"sounds":[{"level":-1,"sound":0}],"tick":328},{"sounds":[{"level":-1,"sound":0}],"tick":329},{"sounds":[{"level":-1,"sound":0},{"level":0,"sound":81},{"level":4,"sound":81},{"level":47,"sound":81},{"level":40,"sound":81}],"tick":330},{"sounds":[{"level":-1,"sound":0}],"tick":331},{"sounds":[{"level":-1,"sound":0}],"tick":332},{"sounds":[{"level":-1,"sound":0}],"tick":333},{"sounds":[{"level":-1,"sound":0}],"tick":334},{"sounds":[{"level":-1,"sound":0}],"tick":335},{"sounds":[{"level":-1,"sound":0}],"tick":336},{"sounds":[{"level":-1,"sound":0},{"level":50,"sound":81}],"tick":337},{"sounds":[{"level":-1,"sound":0}],"tick":338},{"sounds":[{"level":-1,"sound":0}],"tick":339},{"sounds":[{"level":-1,"sound":0},{"level":2,"sound":81},{"level":52,"sound":81}],"tick":340},{"sounds":[{"level":-1,"sound":0}],"tick":341},{"sounds":[{"level":-1,"sound":0}],"tick":342},{"sounds":[{"level":-1,"sound":0}],"tick":343},{"sounds":[{"level":-1,"sound":0}],"tick":344},{"sounds":[{"level":-1,"sound":0}],"tick":345},{"sounds":[{"level":-1,"sound":0}],"tick":346},{"sounds":[{"level":-1,"sound":0},{"level":50,"sound":81}],"tick":347},{"sounds":[{"level":-1,"sound":0}],"tick":348},{"sounds":[{"level":-1,"sound":0},{"level":42,"sound":81}],"tick":349},{"sounds":[{"level":-1,"sound":0},{"level":6,"sound":81},{"level":2,"sound":81},{"level":47,"sound":81}],"tick":350},{"sounds":[{"level":-1,"sound":0}],"tick":351},{"sounds":[{"level":-1,"sound":0}],"tick":352},{"sounds":[{"level":-1,"sound":0}],"tick":353},{"sounds":[{"level":-1,"sound":0}],"tick":354},{"sounds":[{"level":-1,"sound":0}],"tick":355},{"sounds":[{"level":-1,"sound":0}],"tick":356},{"sounds":[{"level":-1,"sound":0},{"level":50,"sound":81}],"tick":357},{"sounds":[{"level":-1,"sound":0}],"tick":358},{"sounds":[{"level":-1,"sound":0}],"tick":359},{"sounds":[{"level":-1,"sound":0},{"level":4,"sound":81},{"level":8,"sound":81},{"level":52,"sound":81},{"level":44,"sound":81}],"tick":360},{"sounds":[{"level":-1,"sound":0}],"tick":361},{"sounds":[{"level":-1,"sound":0}],"tick":362},{"sounds":[{"level":-1,"sound":0}],"tick":363},{"sounds":[{"level":-1,"sound":0}],"tick":364},{"sounds":[{"level":-1,"sound":0}],"tick":365},{"sounds":[{"level":-1,"sound":0}],"tick":366},{"sounds":[{"level":-1,"sound":0}],"tick":367},{"sounds":[{"level":-1,"sound":0}],"tick":368},{"sounds":[{"level":-1,"sound":0}],"tick":369},{"sounds":[{"level":-1,"sound":0},{"level":8,"sound":81},{"level":4,"sound":81},{"level":4,"sound":81},{"level":52,"sound":81},{"level":44,"sound":81}],"tick":370},{"sounds":[{"level":-1,"sound":0}],"tick":371},{"sounds":[{"level":-1,"sound":0}],"tick":372},{"sounds":[{"level":-1,"sound":0}],"tick":373},{"sounds":[{"level":-1,"sound":0}],"tick":374},{"sounds":[{"level":-1,"sound":0}],"tick":375},{"sounds":[{"level":-1,"sound":0}],"tick":376},{"sounds":[{"level":-1,"sound":0}],"tick":377},{"sounds":[{"level":-1,"sound":0}],"tick":378},{"sounds":[{"level":-1,"sound":0}],"tick":379},{"sounds":[{"level":-1,"sound":0},{"level":4,"sound":81},{"level":8,"sound":81},{"level":52,"sound":81},{"level":44,"sound":81}],"tick":380},{"sounds":[{"level":-1,"sound":0}],"tick":381},{"sounds":[{"level":-1,"sound":0}],"tick":382},{"sounds":[{"level":-1,"sound":0}],"tick":383},{"sounds":[{"level":-1,"sound":0}],"tick":384},{"sounds":[{"level":-1,"sound":0}],"tick":385},{"sounds":[{"level":-1,"sound":0}],"tick":386},{"sounds":[{"level":-1,"sound":0}],"tick":387},{"sounds":[{"level":-1,"sound":0}],"tick":388},{"sounds":[{"level":-1,"sound":0}],"tick":389},{"sounds":[{"level":-1,"sound":0}],"tick":390},{"sounds":[{"level":-1,"sound":0}],"tick":391},{"sounds":[{"level":-1,"sound":0}],"tick":392},{"sounds":[{"level":-1,"sound":0}],"tick":393},{"sounds":[{"level":-1,"sound":0}],"tick":394},{"sounds":[{"level":-1,"sound":0}],"tick":395},{"sounds":[{"level":-1,"sound":0}],"tick":396},{"sounds":[{"level":-1,"sound":0}],"tick":397},{"sounds":[{"level":-1,"sound":0}],"tick":398},{"sounds":[{"level":-1,"sound":0}],"tick":399},{"sounds":[{"level":-1,"sound":0},{"level":0,"sound":81},{"level":47,"sound":81}],"tick":400},{"sounds":[{"level":-1,"sound":0}],"tick":401},{"sounds":[{"level":-1,"sound":0}],"tick":402},{"sounds":[{"level":-1,"sound":0}],"tick":403},{"sounds":[{"level":-1,"sound":0}],"tick":404},{"sounds":[{"level":-1,"sound":0}],"tick":405},{"sounds":[{"level":-1,"sound":0}],"tick":406},{"sounds":[{"level":-1,"sound":0},{"level":55,"sound":81},{"level":40,"sound":81}],"tick":407},{"sounds":[{"level":-1,"sound":0}],"tick":408},{"sounds":[{"level":-1,"sound":0}],"tick":409},{"sounds":[{"level":-1,"sound":0},{"level":0,"sound":81},{"level":4,"sound":81},{"level":54,"sound":81},{"level":40,"sound":81}],"tick":410},{"sounds":[{"level":-1,"sound":0}],"tick":411},{"sounds":[{"level":-1,"sound":0}],"tick":412},{"sounds":[{"level":-1,"sound":0}],"tick":413},{"sounds":[{"level":-1,"sound":0}],"tick":414},{"sounds":[{"level":-1,"sound":0}],"tick":415},{"sounds":[{"level":-1,"sound":0}],"tick":416},{"sounds":[{"level":-1,"sound":0},{"level":45,"sound":81}],"tick":417},{"sounds":[{"level":-1,"sound":0}],"tick":418},{"sounds":[{"level":-1,"sound":0}],"tick":419},{"sounds":[{"level":-1,"sound":0},{"level":2,"sound":81},{"level":47,"sound":81}],"tick":420},{"sounds":[{"level":-1,"sound":0}],"tick":421},{"sounds":[{"level":-1,"sound":0}],"tick":422},{"sounds":[{"level":-1,"sound":0}],"tick":423},{"sounds":[{"level":-1,"sound":0}],"tick":424},{"sounds":[{"level":-1,"sound":0}],"tick":425},{"sounds":[{"level":-1,"sound":0},{"level":42,"sound":81}],"tick":426},{"sounds":[{"level":-1,"sound":0}],"tick":427},{"sounds":[{"level":-1,"sound":0}],"tick":428},{"sounds":[{"level":-1,"sound":0},{"level":42,"sound":81},{"level":42,"sound":81}],"tick":429},{"sounds":[{"level":-1,"sound":0},{"level":2,"sound":81},{"level":6,"sound":81}],"tick":430},{"sounds":[{"level":-1,"sound":0}],"tick":431},{"sounds":[{"level":-1,"sound":0}],"tick":432},{"sounds":[{"level":-1,"sound":0}],"tick":433},{"sounds":[{"level":-1,"sound":0}],"tick":434},{"sounds":[{"level":-1,"sound":0}],"tick":435},{"sounds":[{"level":-1,"sound":0}],"tick":436},{"sounds":[{"level":-1,"sound":0},{"level":45,"sound":81}],"tick":437},{"sounds":[{"level":-1,"sound":0}],"tick":438},{"sounds":[{"level":-1,"sound":0}],"tick":439},{"sounds":[{"level":-1,"sound":0},{"level":4,"sound":81},{"level":47,"sound":81}],"tick":440},{"sounds":[{"level":-1,"sound":0}],"tick":441},{"sounds":[{"level":-1,"sound":0}],"tick":442},{"sounds":[{"level":-1,"sound":0}],"tick":443},{"sounds":[{"level":-1,"sound":0}],"tick":444},{"sounds":[{"level":-1,"sound":0}],"tick":445},{"sounds":[{"level":-1,"sound":0}],"tick":446},{"sounds":[{"level":-1,"sound":0},{"level":57,"sound":81},{"level":43,"sound":81}],"tick":447},{"sounds":[{"level":-1,"sound":0}],"tick":448},{"sounds":[{"level":-1,"sound":0}],"tick":449},{"sounds":[{"level":-1,"sound":0},{"level":4,"sound":81},{"level":7,"sound":81},{"level":55,"sound":81},{"level":43,"sound":81}],"tick":450},{"sounds":[{"level":-1,"sound":0}],"tick":451},{"sounds":[{"level":-1,"sound":0}],"tick":452},{"sounds":[{"level":-1,"sound":0}],"tick":453},{"sounds":[{"level":-1,"sound":0}],"tick":454},{"sounds":[{"level":-1,"sound":0}],"tick":455},{"sounds":[{"level":-1,"sound":0}],"tick":456},{"sounds":[{"level":-1,"sound":0},{"level":54,"sound":81}],"tick":457},{"sounds":[{"level":-1,"sound":0}],"tick":458},{"sounds":[{"level":-1,"sound":0}],"tick":459},{"sounds":[{"level":-1,"sound":0},{"level":4,"sound":81},{"level":55,"sound":81}],"tick":460},{"sounds":[{"level":-1,"sound":0}],"tick":461},{"sounds":[{"level":-1,"sound":0}],"tick":462},{"sounds":[{"level":-1,"sound":0}],"tick":463},{"sounds":[{"level":-1,"sound":0}],"tick":464},{"sounds":[{"level":-1,"sound":0}],"tick":465},{"sounds":[{"level":-1,"sound":0},{"level":55,"sound":81}],"tick":466},{"sounds":[{"level":-1,"sound":0},{"level":43,"sound":81}],"tick":467},{"sounds":[{"level":-1,"sound":0},{"level":54,"sound":81}],"tick":468},{"sounds":[{"level":-1,"sound":0}],"tick":469},{"sounds":[{"level":-1,"sound":0},{"level":4,"sound":81},{"level":7,"sound":81},{"level":52,"sound":81},{"level":43,"sound":81}],"tick":470},{"sounds":[{"level":-1,"sound":0}],"tick":471},{"sounds":[{"level":-1,"sound":0}],"tick":472},{"sounds":[{"level":-1,"sound":0}],"tick":473},{"sounds":[{"level":-1,"sound":0}],"tick":474},{"sounds":[{"level":-1,"sound":0}],"tick":475},{"sounds":[{"level":-1,"sound":0}],"tick":476},{"sounds":[{"level":-1,"sound":0},{"level":54,"sound":81}],"tick":477},{"sounds":[{"level":-1,"sound":0}],"tick":478},{"sounds":[{"level":-1,"sound":0}],"tick":479},{"sounds":[{"level":-1,"sound":0},{"level":0,"sound":81},{"level":52,"sound":81}],"tick":480},{"sounds":[{"level":-1,"sound":0}],"tick":481},{"sounds":[{"level":-1,"sound":0}],"tick":482},{"sounds":[{"level":-1,"sound":0}],"tick":483},{"sounds":[{"level":-1,"sound":0}],"tick":484},{"sounds":[{"level":-1,"sound":0}],"tick":485},{"sounds":[{"level":-1,"sound":0}],"tick":486},{"sounds":[{"level":-1,"sound":0},{"level":50,"sound":81},{"level":40,"sound":81}],"tick":487},{"sounds":[{"level":-1,"sound":0}],"tick":488},{"sounds":[{"level":-1,"sound":0}],"tick":489},{"sounds":[{"level":-1,"sound":0},{"level":0,"sound":81},{"level":4,"sound":81},{"level":47,"sound":81},{"level":40,"sound":81}],"tick":490},{"sounds":[{"level":-1,"sound":0}],"tick":491},{"sounds":[{"level":-1,"sound":0}],"tick":492},{"sounds":[{"level":-1,"sound":0}],"tick":493},{"sounds":[{"level":-1,"sound":0}],"tick":494},{"sounds":[{"level":-1,"sound":0}],"tick":495},{"sounds":[{"level":-1,"sound":0},{"level":50,"sound":81}],"tick":496},{"sounds":[{"level":-1,"sound":0}],"tick":497},{"sounds":[{"level":-1,"sound":0}],"tick":498},{"sounds":[{"level":-1,"sound":0}],"tick":499},{"sounds":[{"level":-1,"sound":0},{"level":2,"sound":81},{"level":52,"sound":81}],"tick":500},{"sounds":[{"level":-1,"sound":0}],"tick":501},{"sounds":[{"level":-1,"sound":0}],"tick":502},{"sounds":[{"level":-1,"sound":0}],"tick":503},{"sounds":[{"level":-1,"sound":0}],"tick":504},{"sounds":[{"level":-1,"sound":0}],"tick":505},{"sounds":[{"level":-1,"sound":0},{"level":50,"sound":81},{"level":42,"sound":81}],"tick":506},{"sounds":[{"level":-1,"sound":0}],"tick":507},{"sounds":[{"level":-1,"sound":0}],"tick":508},{"sounds":[{"level":-1,"sound":0},{"level":42,"sound":81}],"tick":509},{"sounds":[{"level":-1,"sound":0},{"level":2,"sound":81},{"level":6,"sound":81},{"level":47,"sound":81}],"tick":510},{"sounds":[{"level":-1,"sound":0}],"tick":511},{"sounds":[{"level":-1,"sound":0}],"tick":512},{"sounds":[{"level":-1,"sound":0}],"tick":513},{"sounds":[{"level":-1,"sound":0}],"tick":514},{"sounds":[{"level":-1,"sound":0}],"tick":515},{"sounds":[{"level":-1,"sound":0},{"level":50,"sound":81}],"tick":516},{"sounds":[{"level":-1,"sound":0}],"tick":517},{"sounds":[{"level":-1,"sound":0}],"tick":518},{"sounds":[{"level":-1,"sound":0}],"tick":519},{"sounds":[{"level":-1,"sound":0},{"level":4,"sound":81},{"level":47,"sound":81}],"tick":520},{"sounds":[{"level":-1,"sound":0}],"tick":521},{"sounds":[{"level":-1,"sound":0}],"tick":522},{"sounds":[{"level":-1,"sound":0}],"tick":523},{"sounds":[{"level":-1,"sound":0}],"tick":524},{"sounds":[{"level":-1,"sound":0}],"tick":525},{"sounds":[{"level":-1,"sound":0},{"level":45,"sound":81},{"level":43,"sound":81}],"tick":526},{"sounds":[{"level":-1,"sound":0}],"tick":527},{"sounds":[{"level":-1,"sound":0}],"tick":528},{"sounds":[{"level":-1,"sound":0},{"level":47,"sound":81},{"level":43,"sound":81}],"tick":529},{"sounds":[{"level":-1,"sound":0},{"level":4,"sound":81},{"level":7,"sound":81}],"tick":530},{"sounds":[{"level":-1,"sound":0}],"tick":531},{"sounds":[{"level":-1,"sound":0}],"tick":532},{"sounds":[{"level":-1,"sound":0}],"tick":533},{"sounds":[{"level":-1,"sound":0}],"tick":534},{"sounds":[{"level":-1,"sound":0}],"tick":535},{"sounds":[{"level":-1,"sound":0},{"level":50,"sound":81}],"tick":536},{"sounds":[{"level":-1,"sound":0}],"tick":537},{"sounds":[{"level":-1,"sound":0}],"tick":538},{"sounds":[{"level":-1,"sound":0}],"tick":539},{"sounds":[{"level":-1,"sound":0},{"level":4,"sound":81},{"level":47,"sound":81}],"tick":540},{"sounds":[{"level":-1,"sound":0}],"tick":541},{"sounds":[{"level":-1,"sound":0}],"tick":542},{"sounds":[{"level":-1,"sound":0}],"tick":543},{"sounds":[{"level":-1,"sound":0}],"tick":544},{"sounds":[{"level":-1,"sound":0}],"tick":545},{"sounds":[{"level":-1,"sound":0},{"level":43,"sound":81}],"tick":546},{"sounds":[{"level":-1,"sound":0}],"tick":547},{"sounds":[{"level":-1,"sound":0}],"tick":548},{"sounds":[{"level":-1,"sound":0}],"tick":549},{"sounds":[{"level":-1,"sound":0},{"level":7,"sound":81},{"level":4,"sound":81},{"level":43,"sound":81},{"level":43,"sound":81}],"tick":550},{"sounds":[{"level":-1,"sound":0}],"tick":551},{"sounds":[{"level":-1,"sound":0}],"tick":552},{"sounds":[{"level":-1,"sound":0}],"tick":553},{"sounds":[{"level":-1,"sound":0}],"tick":554},{"sounds":[{"level":-1,"sound":0}],"tick":555},{"sounds":[{"level":-1,"sound":0}],"tick":556},{"sounds":[{"level":-1,"sound":0},{"level":45,"sound":81}],"tick":557},{"sounds":[{"level":-1,"sound":0}],"tick":558},{"sounds":[{"level":-1,"sound":0}],"tick":559},{"sounds":[{"level":-1,"sound":0},{"level":0,"sound":81},{"level":47,"sound":81}],"tick":560},{"sounds":[{"level":-1,"sound":0}],"tick":561},{"sounds":[{"level":-1,"sound":0}],"tick":562},{"sounds":[{"level":-1,"sound":0}],"tick":563},{"sounds":[{"level":-1,"sound":0}],"tick":564},{"sounds":[{"level":-1,"sound":0}],"tick":565},{"sounds":[{"level":-1,"sound":0}],"tick":566},{"sounds":[{"level":-1,"sound":0},{"level":55,"sound":81},{"level":40,"sound":81}],"tick":567},{"sounds":[{"level":-1,"sound":0}],"tick":568},{"sounds":[{"level":-1,"sound":0}],"tick":569},{"sounds":[{"level":-1,"sound":0},{"level":0,"sound":81},{"level":4,"sound":81},{"level":54,"sound":81},{"level":40,"sound":81}],"tick":570},{"sounds":[{"level":-1,"sound":0}],"tick":571},{"sounds":[{"level":-1,"sound":0}],"tick":572},{"sounds":[{"level":-1,"sound":0}],"tick":573},{"sounds":[{"level":-1,"sound":0}],"tick":574},{"sounds":[{"level":-1,"sound":0}],"tick":575},{"sounds":[{"level":-1,"sound":0}],"tick":576},{"sounds":[{"level":-1,"sound":0},{"level":45,"sound":81}],"tick":577},{"sounds":[{"level":-1,"sound":0}],"tick":578},{"sounds":[{"level":-1,"sound":0}],"tick":579},{"sounds":[{"level":-1,"sound":0},{"level":2,"sound":81},{"level":47,"sound":81}],"tick":580},{"sounds":[{"level":-1,"sound":0}],"tick":581},{"sounds":[{"level":-1,"sound":0}],"tick":582},{"sounds":[{"level":-1,"sound":0}],"tick":583},{"sounds":[{"level":-1,"sound":0}],"tick":584},{"sounds":[{"level":-1,"sound":0}],"tick":585},{"sounds":[{"level":-1,"sound":0},{"level":42,"sound":81}],"tick":586},{"sounds":[{"level":-1,"sound":0}],"tick":587},{"sounds":[{"level":-1,"sound":0}],"tick":588},{"sounds":[{"level":-1,"sound":0},{"level":42,"sound":81},{"level":42,"sound":81}],"tick":589},{"sounds":[{"level":-1,"sound":0},{"level":2,"sound":81},{"level":6,"sound":81}],"tick":590},{"sounds":[{"level":-1,"sound":0}],"tick":591},{"sounds":[{"level":-1,"sound":0}],"tick":592},{"sounds":[{"level":-1,"sound":0}],"tick":593},{"sounds":[{"level":-1,"sound":0}],"tick":594},{"sounds":[{"level":-1,"sound":0}],"tick":595},{"sounds":[{"level":-1,"sound":0}],"tick":596},{"sounds":[{"level":-1,"sound":0},{"level":45,"sound":81}],"tick":597},{"sounds":[{"level":-1,"sound":0}],"tick":598},{"sounds":[{"level":-1,"sound":0}],"tick":599},{"sounds":[{"level":-1,"sound":0},{"level":4,"sound":81},{"level":47,"sound":81}],"tick":600},{"sounds":[{"level":-1,"sound":0}],"tick":601},{"sounds":[{"level":-1,"sound":0}],"tick":602},{"sounds":[{"level":-1,"sound":0}],"tick":603},{"sounds":[{"level":-1,"sound":0}],"tick":604},{"sounds":[{"level":-1,"sound":0}],"tick":605},{"sounds":[{"level":-1,"sound":0},{"level":57,"sound":81},{"level":43,"sound":81}],"tick":606},{"sounds":[{"level":-1,"sound":0}],"tick":607},{"sounds":[{"level":-1,"sound":0}],"tick":608},{"sounds":[{"level":-1,"sound":0},{"level":43,"sound":81}],"tick":609},{"sounds":[{"level":-1,"sound":0},{"level":7,"sound":81},{"level":4,"sound":81},{"level":55,"sound":81}],"tick":610},{"sounds":[{"level":-1,"sound":0}],"tick":611},{"sounds":[{"level":-1,"sound":0}],"tick":612},{"sounds":[{"level":-1,"sound":0}],"tick":613},{"sounds":[{"level":-1,"sound":0}],"tick":614},{"sounds":[{"level":-1,"sound":0}],"tick":615},{"sounds":[{"level":-1,"sound":0}],"tick":616},{"sounds":[{"level":-1,"sound":0},{"level":54,"sound":81}],"tick":617},{"sounds":[{"level":-1,"sound":0}],"tick":618},{"sounds":[{"level":-1,"sound":0}],"tick":619},{"sounds":[{"level":-1,"sound":0},{"level":4,"sound":81},{"level":55,"sound":81}],"tick":620},{"sounds":[{"level":-1,"sound":0}],"tick":621},{"sounds":[{"level":-1,"sound":0}],"tick":622},{"sounds":[{"level":-1,"sound":0}],"tick":623},{"sounds":[{"level":-1,"sound":0}],"tick":624},{"sounds":[{"level":-1,"sound":0}],"tick":625},{"sounds":[{"level":-1,"sound":0},{"level":55,"sound":81},{"level":43,"sound":81}],"tick":626},{"sounds":[{"level":-1,"sound":0},{"level":54,"sound":81}],"tick":627},{"sounds":[{"level":-1,"sound":0}],"tick":628},{"sounds":[{"level":-1,"sound":0},{"level":52,"sound":81},{"level":43,"sound":81}],"tick":629},{"sounds":[{"level":-1,"sound":0},{"level":4,"sound":81},{"level":7,"sound":81}],"tick":630},{"sounds":[{"level":-1,"sound":0}],"tick":631},{"sounds":[{"level":-1,"sound":0}],"tick":632},{"sounds":[{"level":-1,"sound":0}],"tick":633},{"sounds":[{"level":-1,"sound":0}],"tick":634},{"sounds":[{"level":-1,"sound":0}],"tick":635},{"sounds":[{"level":-1,"sound":0},{"level":54,"sound":81}],"tick":636},{"sounds":[{"level":-1,"sound":0}],"tick":637},{"sounds":[{"level":-1,"sound":0}],"tick":638},{"sounds":[{"level":-1,"sound":0}],"tick":639},{"sounds":[{"level":-1,"sound":0},{"level":0,"sound":81},{"level":52,"sound":81}],"tick":640},{"sounds":[{"level":-1,"sound":0}],"tick":641},{"sounds":[{"level":-1,"sound":0}],"tick":642},{"sounds":[{"level":-1,"sound":0}],"tick":643},{"sounds":[{"level":-1,"sound":0}],"tick":644},{"sounds":[{"level":-1,"sound":0}],"tick":645},{"sounds":[{"level":-1,"sound":0},{"level":50,"sound":81}],"tick":646},{"sounds":[{"level":-1,"sound":0},{"level":40,"sound":81}],"tick":647},{"sounds":[{"level":-1,"sound":0}],"tick":648},{"sounds":[{"level":-1,"sound":0}],"tick":649},{"sounds":[{"level":-1,"sound":0},{"level":4,"sound":81},{"level":0,"sound":81},{"level":47,"sound":81},{"level":40,"sound":81}],"tick":650},{"sounds":[{"level":-1,"sound":0}],"tick":651},{"sounds":[{"level":-1,"sound":0}],"tick":652},{"sounds":[{"level":-1,"sound":0}],"tick":653},{"sounds":[{"level":-1,"sound":0}],"tick":654},{"sounds":[{"level":-1,"sound":0}],"tick":655},{"sounds":[{"level":-1,"sound":0},{"level":50,"sound":81}],"tick":656},{"sounds":[{"level":-1,"sound":0}],"tick":657},{"sounds":[{"level":-1,"sound":0}],"tick":658},{"sounds":[{"level":-1,"sound":0}],"tick":659},{"sounds":[{"level":-1,"sound":0},{"level":2,"sound":81},{"level":52,"sound":81}],"tick":660},{"sounds":[{"level":-1,"sound":0}],"tick":661},{"sounds":[{"level":-1,"sound":0}],"tick":662},{"sounds":[{"level":-1,"sound":0}],"tick":663},{"sounds":[{"level":-1,"sound":0}],"tick":664},{"sounds":[{"level":-1,"sound":0}],"tick":665},{"sounds":[{"level":-1,"sound":0},{"level":50,"sound":81},{"level":42,"sound":81}],"tick":666},{"sounds":[{"level":-1,"sound":0}],"tick":667},{"sounds":[{"level":-1,"sound":0}],"tick":668},{"sounds":[{"level":-1,"sound":0},{"level":42,"sound":81}],"tick":669},{"sounds":[{"level":-1,"sound":0},{"level":6,"sound":81},{"level":2,"sound":81},{"level":47,"sound":81}],"tick":670},{"sounds":[{"level":-1,"sound":0}],"tick":671},{"sounds":[{"level":-1,"sound":0}],"tick":672},{"sounds":[{"level":-1,"sound":0}],"tick":673},{"sounds":[{"level":-1,"sound":0}],"tick":674},{"sounds":[{"level":-1,"sound":0}],"tick":675},{"sounds":[{"level":-1,"sound":0},{"level":50,"sound":81}],"tick":676},{"sounds":[{"level":-1,"sound":0}],"tick":677},{"sounds":[{"level":-1,"sound":0}],"tick":678},{"sounds":[{"level":-1,"sound":0}],"tick":679},{"sounds":[{"level":-1,"sound":0},{"level":8,"sound":81},{"level":4,"sound":81},{"level":52,"sound":81},{"level":44,"sound":81}],"tick":680},{"sounds":[{"level":-1,"sound":0}],"tick":681},{"sounds":[{"level":-1,"sound":0}],"tick":682},{"sounds":[{"level":-1,"sound":0}],"tick":683},{"sounds":[{"level":-1,"sound":0}],"tick":684},{"sounds":[{"level":-1,"sound":0}],"tick":685},{"sounds":[{"level":-1,"sound":0}],"tick":686},{"sounds":[{"level":-1,"sound":0}],"tick":687},{"sounds":[{"level":-1,"sound":0}],"tick":688},{"sounds":[{"level":-1,"sound":0}],"tick":689},{"sounds":[{"level":-1,"sound":0},{"level":8,"sound":81},{"level":4,"sound":81},{"level":4,"sound":81},{"level":52,"sound":81},{"level":44,"sound":81}],"tick":690},{"sounds":[{"level":-1,"sound":0}],"tick":691},{"sounds":[{"level":-1,"sound":0}],"tick":692},{"sounds":[{"level":-1,"sound":0}],"tick":693},{"sounds":[{"level":-1,"sound":0}],"tick":694},{"sounds":[{"level":-1,"sound":0}],"tick":695},{"sounds":[{"level":-1,"sound":0}],"tick":696},{"sounds":[{"level":-1,"sound":0}],"tick":697},{"sounds":[{"level":-1,"sound":0}],"tick":698},{"sounds":[{"level":-1,"sound":0}],"tick":699},{"sounds":[{"level":-1,"sound":0},{"level":4,"sound":81},{"level":8,"sound":81},{"level":52,"sound":81},{"level":44,"sound":81}],"tick":700},{"sounds":[{"level":-1,"sound":0}],"tick":701},{"sounds":[{"level":-1,"sound":0}],"tick":702},{"sounds":[{"level":-1,"sound":0}],"tick":703},{"sounds":[{"level":-1,"sound":0}],"tick":704},{"sounds":[{"level":-1,"sound":0}],"tick":705},{"sounds":[{"level":-1,"sound":0}],"tick":706},{"sounds":[{"level":-1,"sound":0}],"tick":707},{"sounds":[{"level":-1,"sound":0}],"tick":708},{"sounds":[{"level":-1,"sound":0}],"tick":709},{"sounds":[{"level":-1,"sound":0}],"tick":710},{"sounds":[{"level":-1,"sound":0}],"tick":711},{"sounds":[{"level":-1,"sound":0}],"tick":712},{"sounds":[{"level":-1,"sound":0}],"tick":713},{"sounds":[{"level":-1,"sound":0}],"tick":714},{"sounds":[{"level":-1,"sound":0}],"tick":715},{"sounds":[{"level":-1,"sound":0}],"tick":716},{"sounds":[{"level":-1,"sound":0}],"tick":717},{"sounds":[{"level":-1,"sound":0}],"tick":718},{"sounds":[{"level":-1,"sound":0}],"tick":719},{"sounds":[{"level":-1,"sound":0},{"level":2,"sound":81},{"level":47,"sound":81},{"level":38,"sound":81},{"level":42,"sound":81}],"tick":720},{"sounds":[{"level":-1,"sound":0}],"tick":721},{"sounds":[{"level":-1,"sound":0}],"tick":722},{"sounds":[{"level":-1,"sound":0},{"level":47,"sound":81}],"tick":723},{"sounds":[{"level":-1,"sound":0}],"tick":724},{"sounds":[{"level":-1,"sound":0}],"tick":725},{"sounds":[{"level":-1,"sound":0}],"tick":726},{"sounds":[{"level":-1,"sound":0},{"level":47,"sound":81}],"tick":727},{"sounds":[{"level":-1,"sound":0}],"tick":728},{"sounds":[{"level":-1,"sound":0}],"tick":729},{"sounds":[{"level":-1,"sound":0},{"level":49,"sound":81}],"tick":730},{"sounds":[{"level":-1,"sound":0}],"tick":731},{"sounds":[{"level":-1,"sound":0}],"tick":732},{"sounds":[{"level":-1,"sound":0}],"tick":733},{"sounds":[{"level":-1,"sound":0}],"tick":734},{"sounds":[{"level":-1,"sound":0}],"tick":735},{"sounds":[{"level":-1,"sound":0}],"tick":736},{"sounds":[{"level":-1,"sound":0}],"tick":737},{"sounds":[{"level":-1,"sound":0},{"level":49,"sound":81}],"tick":738},{"sounds":[{"level":-1,"sound":0}],"tick":739},{"sounds":[{"level":-1,"sound":0},{"level":50,"sound":81}],"tick":740},{"sounds":[{"level":-1,"sound":0}],"tick":741},{"sounds":[{"level":-1,"sound":0}],"tick":742},{"sounds":[{"level":-1,"sound":0}],"tick":743},{"sounds":[{"level":-1,"sound":0}],"tick":744},{"sounds":[{"level":-1,"sound":0}],"tick":745},{"sounds":[{"level":-1,"sound":0}],"tick":746},{"sounds":[{"level":-1,"sound":0},{"level":50,"sound":81}],"tick":747},{"sounds":[{"level":-1,"sound":0}],"tick":748},{"sounds":[{"level":-1,"sound":0}],"tick":749},{"sounds":[{"level":-1,"sound":0},{"level":49,"sound":81}],"tick":750},{"sounds":[{"level":-1,"sound":0}],"tick":751},{"sounds":[{"level":-1,"sound":0}],"tick":752},{"sounds":[{"level":-1,"sound":0}],"tick":753},{"sounds":[{"level":-1,"sound":0}],"tick":754},{"sounds":[{"level":-1,"sound":0}],"tick":755},{"sounds":[{"level":-1,"sound":0}],"tick":756},{"sounds":[{"level":-1,"sound":0}],"tick":757},{"sounds":[{"level":-1,"sound":0}],"tick":758},{"sounds":[{"level":-1,"sound":0}],"tick":759},{"sounds":[{"level":-1,"sound":0},{"level":47,"sound":81}],"tick":760},{"sounds":[{"level":-1,"sound":0}],"tick":761},{"sounds":[{"level":-1,"sound":0}],"tick":762},{"sounds":[{"level":-1,"sound":0}],"tick":763},{"sounds":[{"level":-1,"sound":0}],"tick":764},{"sounds":[{"level":-1,"sound":0}],"tick":765},{"sounds":[{"level":-1,"sound":0},{"level":47,"sound":81}],"tick":766},{"sounds":[{"level":-1,"sound":0}],"tick":767},{"sounds":[{"level":-1,"sound":0}],"tick":768},{"sounds":[{"level":-1,"sound":0},{"level":49,"sound":81}],"tick":769},{"sounds":[{"level":-1,"sound":0}],"tick":770},{"sounds":[{"level":-1,"sound":0}],"tick":771},{"sounds":[{"level":-1,"sound":0}],"tick":772},{"sounds":[{"level":-1,"sound":0}],"tick":773},{"sounds":[{"level":-1,"sound":0}],"tick":774},{"sounds":[{"level":-1,"sound":0}],"tick":775},{"sounds":[{"level":-1,"sound":0}],"tick":776},{"sounds":[{"level":-1,"sound":0},{"level":49,"sound":81}],"tick":777},{"sounds":[{"level":-1,"sound":0}],"tick":778},{"sounds":[{"level":-1,"sound":0}],"tick":779},{"sounds":[{"level":-1,"sound":0},{"level":50,"sound":81}],"tick":780},{"sounds":[{"level":-1,"sound":0}],"tick":781},{"sounds":[{"level":-1,"sound":0}],"tick":782},{"sounds":[{"level":-1,"sound":0}],"tick":783},{"sounds":[{"level":-1,"sound":0}],"tick":784},{"sounds":[{"level":-1,"sound":0}],"tick":785},{"sounds":[{"level":-1,"sound":0}],"tick":786},{"sounds":[{"level":-1,"sound":0}],"tick":787},{"sounds":[{"level":-1,"sound":0}],"tick":788},{"sounds":[{"level":-1,"sound":0}],"tick":789},{"sounds":[{"level":-1,"sound":0}],"tick":790},{"sounds":[{"level":-1,"sound":0}],"tick":791},{"sounds":[{"level":-1,"sound":0}],"tick":792},{"sounds":[{"level":-1,"sound":0}],"tick":793},{"sounds":[{"level":-1,"sound":0}],"tick":794},{"sounds":[{"level":-1,"sound":0}],"tick":795},{"sounds":[{"level":-1,"sound":0},{"level":50,"sound":81}],"tick":796},{"sounds":[{"level":-1,"sound":0},{"level":52,"sound":81}],"tick":797},{"sounds":[{"level":-1,"sound":0},{"level":51,"sound":81}],"tick":798},{"sounds":[{"level":-1,"sound":0}],"tick":799},{"sounds":[{"level":-1,"sound":0},{"level":3,"sound":81},{"level":46,"sound":81},{"level":42,"sound":81}],"tick":800},{"sounds":[{"level":-1,"sound":0}],"tick":801},{"sounds":[{"level":-1,"sound":0}],"tick":802},{"sounds":[{"level":-1,"sound":0},{"level":51,"sound":81}],"tick":803},{"sounds":[{"level":-1,"sound":0}],"tick":804},{"sounds":[{"level":-1,"sound":0}],"tick":805},{"sounds":[{"level":-1,"sound":0},{"level":51,"sound":81}],"tick":806},{"sounds":[{"level":-1,"sound":0}],"tick":807},{"sounds":[{"level":-1,"sound":0}],"tick":808},{"sounds":[{"level":-1,"sound":0},{"level":53,"sound":81}],"tick":809},{"sounds":[{"level":-1,"sound":0}],"tick":810},{"sounds":[{"level":-1,"sound":0}],"tick":811},{"sounds":[{"level":-1,"sound":0}],"tick":812},{"sounds":[{"level":-1,"sound":0}],"tick":813},{"sounds":[{"level":-1,"sound":0}],"tick":814},{"sounds":[{"level":-1,"sound":0}],"tick":815},{"sounds":[{"level":-1,"sound":0},{"level":53,"sound":81}],"tick":816},{"sounds":[{"level":-1,"sound":0}],"tick":817},{"sounds":[{"level":-1,"sound":0}],"tick":818},{"sounds":[{"level":-1,"sound":0},{"level":54,"sound":81}],"tick":819},{"sounds":[{"level":-1,"sound":0}],"tick":820},{"sounds":[{"level":-1,"sound":0}],"tick":821},{"sounds":[{"level":-1,"sound":0}],"tick":822},{"sounds":[{"level":-1,"sound":0}],"tick":823},{"sounds":[{"level":-1,"sound":0}],"tick":824},{"sounds":[{"level":-1,"sound":0}],"tick":825},{"sounds":[{"level":-1,"sound":0},{"level":54,"sound":81}],"tick":826},{"sounds":[{"level":-1,"sound":0}],"tick":827},{"sounds":[{"level":-1,"sound":0}],"tick":828},{"sounds":[{"level":-1,"sound":0}],"tick":829},{"sounds":[{"level":-1,"sound":0},{"level":53,"sound":81}],"tick":830},{"sounds":[{"level":-1,"sound":0}],"tick":831},{"sounds":[{"level":-1,"sound":0}],"tick":832},{"sounds":[{"level":-1,"sound":0}],"tick":833},{"sounds":[{"level":-1,"sound":0}],"tick":834},{"sounds":[{"level":-1,"sound":0}],"tick":835},{"sounds":[{"level":-1,"sound":0}],"tick":836},{"sounds":[{"level":-1,"sound":0}],"tick":837},{"sounds":[{"level":-1,"sound":0}],"tick":838},{"sounds":[{"level":-1,"sound":0}],"tick":839},{"sounds":[{"level":-1,"sound":0},{"level":51,"sound":81}],"tick":840},{"sounds":[{"level":-1,"sound":0}],"tick":841},{"sounds":[{"level":-1,"sound":0}],"tick":842},{"sounds":[{"level":-1,"sound":0}],"tick":843},{"sounds":[{"level":-1,"sound":0}],"tick":844},{"sounds":[{"level":-1,"sound":0}],"tick":845},{"sounds":[{"level":-1,"sound":0},{"level":51,"sound":81}],"tick":846},{"sounds":[{"level":-1,"sound":0}],"tick":847},{"sounds":[{"level":-1,"sound":0}],"tick":848},{"sounds":[{"level":-1,"sound":0}],"tick":849},{"sounds":[{"level":-1,"sound":0},{"level":53,"sound":81}],"tick":850},{"sounds":[{"level":-1,"sound":0}],"tick":851},{"sounds":[{"level":-1,"sound":0}],"tick":852},{"sounds":[{"level":-1,"sound":0}],"tick":853},{"sounds":[{"level":-1,"sound":0}],"tick":854},{"sounds":[{"level":-1,"sound":0}],"tick":855},{"sounds":[{"level":-1,"sound":0},{"level":53,"sound":81}],"tick":856},{"sounds":[{"level":-1,"sound":0}],"tick":857},{"sounds":[{"level":-1,"sound":0}],"tick":858},{"sounds":[{"level":-1,"sound":0},{"level":54,"sound":81}],"tick":859},{"sounds":[{"level":-1,"sound":0}],"tick":860},{"sounds":[{"level":-1,"sound":0}],"tick":861},{"sounds":[{"level":-1,"sound":0}],"tick":862},{"sounds":[{"level":-1,"sound":0}],"tick":863},{"sounds":[{"level":-1,"sound":0}],"tick":864},{"sounds":[{"level":-1,"sound":0}],"tick":865},{"sounds":[{"level":-1,"sound":0}],"tick":866},{"sounds":[{"level":-1,"sound":0}],"tick":867},{"sounds":[{"level":-1,"sound":0}],"tick":868},{"sounds":[{"level":-1,"sound":0}],"tick":869},{"sounds":[{"level":-1,"sound":0}],"tick":870},{"sounds":[{"level":-1,"sound":0}],"tick":871},{"sounds":[{"level":-1,"sound":0}],"tick":872},{"sounds":[{"level":-1,"sound":0}],"tick":873},{"sounds":[{"level":-1,"sound":0}],"tick":874},{"sounds":[{"level":-1,"sound":0},{"level":55,"sound":81},{"level":58,"sound":81}],"tick":875},{"sounds":[{"level":-1,"sound":0}],"tick":876},{"sounds":[{"level":-1,"sound":0}],"tick":877},{"sounds":[{"level":-1,"sound":0}],"tick":878},{"sounds":[{"level":-1,"sound":0}],"tick":879},{"sounds":[{"level":-1,"sound":0},{"level":3,"sound":81},{"level":48,"sound":81},{"level":43,"sound":81},{"level":39,"sound":81}],"tick":880},{"sounds":[{"level":-1,"sound":0}],"tick":881},{"sounds":[{"level":-1,"sound":0}],"tick":882},{"sounds":[{"level":-1,"sound":0},{"level":48,"sound":81}],"tick":883},{"sounds":[{"level":-1,"sound":0}],"tick":884},{"sounds":[{"level":-1,"sound":0}],"tick":885},{"sounds":[{"level":-1,"sound":0}],"tick":886},{"sounds":[{"level":-1,"sound":0},{"level":48,"sound":81}],"tick":887},{"sounds":[{"level":-1,"sound":0}],"tick":888},{"sounds":[{"level":-1,"sound":0}],"tick":889},{"sounds":[{"level":-1,"sound":0},{"level":50,"sound":81}],"tick":890},{"sounds":[{"level":-1,"sound":0}],"tick":891},{"sounds":[{"level":-1,"sound":0}],"tick":892},{"sounds":[{"level":-1,"sound":0}],"tick":893},{"sounds":[{"level":-1,"sound":0}],"tick":894},{"sounds":[{"level":-1,"sound":0}],"tick":895},{"sounds":[{"level":-1,"sound":0},{"level":50,"sound":81}],"tick":896},{"sounds":[{"level":-1,"sound":0}],"tick":897},{"sounds":[{"level":-1,"sound":0}],"tick":898},{"sounds":[{"level":-1,"sound":0},{"level":51,"sound":81}],"tick":899},{"sounds":[{"level":-1,"sound":0}],"tick":900},{"sounds":[{"level":-1,"sound":0}],"tick":901},{"sounds":[{"level":-1,"sound":0}],"tick":902},{"sounds":[{"level":-1,"sound":0}],"tick":903},{"sounds":[{"level":-1,"sound":0}],"tick":904},{"sounds":[{"level":-1,"sound":0}],"tick":905},{"sounds":[{"level":-1,"sound":0},{"level":51,"sound":81}],"tick":906},{"sounds":[{"level":-1,"sound":0}],"tick":907},{"sounds":[{"level":-1,"sound":0}],"tick":908},{"sounds":[{"level":-1,"sound":0}],"tick":909},{"sounds":[{"level":-1,"sound":0},{"level":50,"sound":81}],"tick":910},{"sounds":[{"level":-1,"sound":0}],"tick":911},{"sounds":[{"level":-1,"sound":0}],"tick":912},{"sounds":[{"level":-1,"sound":0}],"tick":913},{"sounds":[{"level":-1,"sound":0}],"tick":914},{"sounds":[{"level":-1,"sound":0}],"tick":915},{"sounds":[{"level":-1,"sound":0}],"tick":916},{"sounds":[{"level":-1,"sound":0}],"tick":917},{"sounds":[{"level":-1,"sound":0}],"tick":918},{"sounds":[{"level":-1,"sound":0}],"tick":919},{"sounds":[{"level":-1,"sound":0},{"level":48,"sound":81}],"tick":920},{"sounds":[{"level":-1,"sound":0}],"tick":921},{"sounds":[{"level":-1,"sound":0}],"tick":922},{"sounds":[{"level":-1,"sound":0}],"tick":923},{"sounds":[{"level":-1,"sound":0}],"tick":924},{"sounds":[{"level":-1,"sound":0}],"tick":925},{"sounds":[{"level":-1,"sound":0}],"tick":926},{"sounds":[{"level":-1,"sound":0},{"level":48,"sound":81}],"tick":927},{"sounds":[{"level":-1,"sound":0}],"tick":928},{"sounds":[{"level":-1,"sound":0}],"tick":929},{"sounds":[{"level":-1,"sound":0},{"level":50,"sound":81}],"tick":930},{"sounds":[{"level":-1,"sound":0}],"tick":931},{"sounds":[{"level":-1,"sound":0}],"tick":932},{"sounds":[{"level":-1,"sound":0}],"tick":933},{"sounds":[{"level":-1,"sound":0}],"tick":934},{"sounds":[{"level":-1,"sound":0}],"tick":935},{"sounds":[{"level":-1,"sound":0}],"tick":936},{"sounds":[{"level":-1,"sound":0},{"level":50,"sound":81}],"tick":937},{"sounds":[{"level":-1,"sound":0}],"tick":938},{"sounds":[{"level":-1,"sound":0}],"tick":939},{"sounds":[{"level":-1,"sound":0},{"level":51,"sound":81}],"tick":940},{"sounds":[{"level":-1,"sound":0}],"tick":941},{"sounds":[{"level":-1,"sound":0}],"tick":942},{"sounds":[{"level":-1,"sound":0}],"tick":943},{"sounds":[{"level":-1,"sound":0}],"tick":944},{"sounds":[{"level":-1,"sound":0}],"tick":945},{"sounds":[{"level":-1,"sound":0}],"tick":946},{"sounds":[{"level":-1,"sound":0}],"tick":947},{"sounds":[{"level":-1,"sound":0}],"tick":948},{"sounds":[{"level":-1,"sound":0}],"tick":949},{"sounds":[{"level":-1,"sound":0}],"tick":950},{"sounds":[{"level":-1,"sound":0}],"tick":951},{"sounds":[{"level":-1,"sound":0}],"tick":952},{"sounds":[{"level":-1,"sound":0}],"tick":953},{"sounds":[{"level":-1,"sound":0}],"tick":954},{"sounds":[{"level":-1,"sound":0}],"tick":955},{"sounds":[{"level":-1,"sound":0}],"tick":956},{"sounds":[{"level":-1,"sound":0}],"tick":957},{"sounds":[{"level":-1,"sound":0}],"tick":958},{"sounds":[{"level":-1,"sound":0}],"tick":959},{"sounds":[{"level":-1,"sound":0},{"level":2,"sound":81},{"level":47,"sound":81},{"level":42,"sound":81},{"level":38,"sound":81}],"tick":960},{"sounds":[{"level":-1,"sound":0}],"tick":961},{"sounds":[{"level":-1,"sound":0}],"tick":962},{"sounds":[{"level":-1,"sound":0},{"level":47,"sound":81}],"tick":963},{"sounds":[{"level":-1,"sound":0}],"tick":964},{"sounds":[{"level":-1,"sound":0}],"tick":965},{"sounds":[{"level":-1,"sound":0}],"tick":966},{"sounds":[{"level":-1,"sound":0},{"level":47,"sound":81}],"tick":967},{"sounds":[{"level":-1,"sound":0}],"tick":968},{"sounds":[{"level":-1,"sound":0}],"tick":969},{"sounds":[{"level":-1,"sound":0},{"level":49,"sound":81}],"tick":970},{"sounds":[{"level":-1,"sound":0}],"tick":971},{"sounds":[{"level":-1,"sound":0}],"tick":972},{"sounds":[{"level":-1,"sound":0}],"tick":973},{"sounds":[{"level":-1,"sound":0}],"tick":974},{"sounds":[{"level":-1,"sound":0}],"tick":975},{"sounds":[{"level":-1,"sound":0}],"tick":976},{"sounds":[{"level":-1,"sound":0}],"tick":977},{"sounds":[{"level":-1,"sound":0},{"level":49,"sound":81}],"tick":978},{"sounds":[{"level":-1,"sound":0}],"tick":979},{"sounds":[{"level":-1,"sound":0},{"level":50,"sound":81}],"tick":980},{"sounds":[{"level":-1,"sound":0}],"tick":981},{"sounds":[{"level":-1,"sound":0}],"tick":982},{"sounds":[{"level":-1,"sound":0}],"tick":983},{"sounds":[{"level":-1,"sound":0}],"tick":984},{"sounds":[{"level":-1,"sound":0}],"tick":985},{"sounds":[{"level":-1,"sound":0}],"tick":986},{"sounds":[{"level":-1,"sound":0},{"level":50,"sound":81}],"tick":987},{"sounds":[{"level":-1,"sound":0}],"tick":988},{"sounds":[{"level":-1,"sound":0}],"tick":989},{"sounds":[{"level":-1,"sound":0},{"level":49,"sound":81}],"tick":990},{"sounds":[{"level":-1,"sound":0}],"tick":991},{"sounds":[{"level":-1,"sound":0}],"tick":992},{"sounds":[{"level":-1,"sound":0}],"tick":993},{"sounds":[{"level":-1,"sound":0}],"tick":994},{"sounds":[{"level":-1,"sound":0}],"tick":995},{"sounds":[{"level":-1,"sound":0}],"tick":996},{"sounds":[{"level":-1,"sound":0}],"tick":997},{"sounds":[{"level":-1,"sound":0}],"tick":998},{"sounds":[{"level":-1,"sound":0}],"tick":999},{"sounds":[{"level":-1,"sound":0},{"level":3,"sound":81},{"level":47,"sound":81},{"level":35,"sound":81}],"tick":1000},{"sounds":[{"level":-1,"sound":0}],"tick":1001},{"sounds":[{"level":-1,"sound":0}],"tick":1002},{"sounds":[{"level":-1,"sound":0}],"tick":1003},{"sounds":[{"level":-1,"sound":0}],"tick":1004},{"sounds":[{"level":-1,"sound":0}],"tick":1005},{"sounds":[{"level":-1,"sound":0}],"tick":1006},{"sounds":[{"level":-1,"sound":0}],"tick":1007},{"sounds":[{"level":-1,"sound":0}],"tick":1008},{"sounds":[{"level":-1,"sound":0}],"tick":1009},{"sounds":[{"level":-1,"sound":0},{"level":3,"sound":81},{"level":47,"sound":81},{"level":35,"sound":81}],"tick":1010},{"sounds":[{"level":-1,"sound":0}],"tick":1011},{"sounds":[{"level":-1,"sound":0}],"tick":1012},{"sounds":[{"level":-1,"sound":0}],"tick":1013},{"sounds":[{"level":-1,"sound":0}],"tick":1014},{"sounds":[{"level":-1,"sound":0}],"tick":1015},{"sounds":[{"level":-1,"sound":0}],"tick":1016},{"sounds":[{"level":-1,"sound":0}],"tick":1017},{"sounds":[{"level":-1,"sound":0}],"tick":1018},{"sounds":[{"level":-1,"sound":0}],"tick":1019},{"sounds":[{"level":-1,"sound":0},{"level":5,"sound":81},{"level":1,"sound":81},{"level":49,"sound":81},{"level":37,"sound":81}],"tick":1020},{"sounds":[{"level":-1,"sound":0}],"tick":1021},{"sounds":[{"level":-1,"sound":0}],"tick":1022},{"sounds":[{"level":-1,"sound":0}],"tick":1023},{"sounds":[{"level":-1,"sound":0}],"tick":1024},{"sounds":[{"level":-1,"sound":0}],"tick":1025},{"sounds":[{"level":-1,"sound":0}],"tick":1026},{"sounds":[{"level":-1,"sound":0}],"tick":1027},{"sounds":[{"level":-1,"sound":0}],"tick":1028},{"sounds":[{"level":-1,"sound":0}],"tick":1029},{"sounds":[{"level":-1,"sound":0},{"level":5,"sound":81},{"level":1,"sound":81},{"level":49,"sound":81},{"level":37,"sound":81}],"tick":1030},{"sounds":[{"level":-1,"sound":0}],"tick":1031},{"sounds":[{"level":-1,"sound":0}],"tick":1032},{"sounds":[{"level":-1,"sound":0}],"tick":1033},{"sounds":[{"level":-1,"sound":0}],"tick":1034},{"sounds":[{"level":-1,"sound":0}],"tick":1035},{"sounds":[{"level":-1,"sound":0}],"tick":1036},{"sounds":[{"level":-1,"sound":0}],"tick":1037},{"sounds":[{"level":-1,"sound":0}],"tick":1038},{"sounds":[{"level":-1,"sound":0}],"tick":1039},{"sounds":[{"level":-1,"sound":0}],"tick":1040},{"sounds":[{"level":-1,"sound":0}],"tick":1041},{"sounds":[{"level":-1,"sound":0}],"tick":1042},{"sounds":[{"level":-1,"sound":0}],"tick":1043},{"sounds":[{"level":-1,"sound":0}],"tick":1044},{"sounds":[{"level":-1,"sound":0}],"tick":1045},{"sounds":[{"level":-1,"sound":0}],"tick":1046},{"sounds":[{"level":-1,"sound":0}],"tick":1047},{"sounds":[{"level":-1,"sound":0}],"tick":1048},{"sounds":[{"level":-1,"sound":0}],"tick":1049},{"sounds":[{"level":-1,"sound":0}],"tick":1050},{"sounds":[{"level":-1,"sound":0}],"tick":1051},{"sounds":[{"level":-1,"sound":0}],"tick":1052},{"sounds":[{"level":-1,"sound":0}],"tick":1053},{"sounds":[{"level":-1,"sound":0}],"tick":1054},{"sounds":[{"level":-1,"sound":0}],"tick":1055}]