[{"sounds":[{"level":-1,"sound":145}],"tick":0},{"sounds":[],"tick":1},{"sounds":[{"level":-1,"sound":145}],"tick":2},{"sounds":[{"level":-1,"sound":145}],"tick":3},{"sounds":[{"level":-1,"sound":145}],"tick":4},{"sounds":[{"level":-1,"sound":145}],"tick":5},{"sounds":[{"level":-1,"sound":145}],"tick":6},{"sounds":[{"level":-1,"sound":145}],"tick":7},{"sounds":[{"level":7596,"sound":73},{"level":-1,"sound":145}],"tick":8},{"sounds":[{"level":-1,"sound":145}],"tick":9},{"sounds":[{"level":-1,"sound":145}],"tick":10},{"sounds":[{"level":-1,"sound":145}],"tick":11},{"sounds":[{"level":-1,"sound":145}],"tick":12},{"sounds":[{"level":-1,"sound":145}],"tick":13},{"sounds":[{"level":-1,"sound":145}],"tick":14},{"sounds":[{"level":-1,"sound":145}],"tick":15},{"sounds":[{"level":-1,"sound":145},{"level":10,"sound":81}],"tick":16},{"sounds":[{"level":-1,"sound":145}],"tick":17},{"sounds":[{"level":-1,"sound":145},{"level":4922,"sound":35}],"tick":18},{"sounds":[{"level":-1,"sound":145}],"tick":19},{"sounds":[{"level":-1,"sound":145}],"tick":20},{"sounds":[{"level":-1,"sound":145}],"tick":21},{"sounds":[{"level":-1,"sound":145}],"tick":22},{"sounds":[{"level":-1,"sound":145}],"tick":23},{"sounds":[{"level":-1,"sound":145},{"level":10,"sound":81}],"tick":24},{"sounds":[{"level":-1,"sound":145}],"tick":25},{"sounds":[{"level":-1,"sound":145}],"tick":26},{"sounds":[{"level":-1,"sound":145}],"tick":27},{"sounds":[{"level":-1,"sound":145}],"tick":28},{"sounds":[{"level":-1,"sound":145}],"tick":29},{"sounds":[{"level":-1,"sound":145}],"tick":30},{"sounds":[{"level":-1,"sound":145}],"tick":31},{"sounds":[{"level":-1,"sound":145},{"level":11,"sound":81}],"tick":32},{"sounds":[{"level":-1,"sound":145}],"tick":33},{"sounds":[{"level":-1,"sound":145}],"tick":34},{"sounds":[{"level":-1,"sound":145}],"tick":35},{"sounds":[{"level":-1,"sound":145}],"tick":36},{"sounds":[{"level":-1,"sound":145}],"tick":37},{"sounds":[{"level":-1,"sound":145},{"level":7590,"sound":74}],"tick":38},{"sounds":[{"level":-1,"sound":145}],"tick":39},{"sounds":[{"level":-1,"sound":145},{"level":12,"sound":81}],"tick":40},{"sounds":[{"level":-1,"sound":145}],"tick":41},{"sounds":[{"level":-1,"sound":145}],"tick":42},{"sounds":[{"level":-1,"sound":145}],"tick":43},{"sounds":[{"level":-1,"sound":145}],"tick":44},{"sounds":[{"level":-1,"sound":145}],"tick":45},{"sounds":[{"level":-1,"sound":145}],"tick":46},{"sounds":[{"level":-1,"sound":145}],"tick":47},{"sounds":[{"level":-1,"sound":145},{"level":12,"sound":81}],"tick":48},{"sounds":[{"level":-1,"sound":145}],"tick":49},{"sounds":[{"level":-1,"sound":145}],"tick":50},{"sounds":[{"level":-1,"sound":145}],"tick":51},{"sounds":[{"level":-1,"sound":145}],"tick":52},{"sounds":[{"level":-1,"sound":145}],"tick":53},{"sounds":[{"level":-1,"sound":145}],"tick":54},{"sounds":[{"level":-1,"sound":145}],"tick":55},{"sounds":[{"level":-1,"sound":145},{"level":11,"sound":81}],"tick":56},{"sounds":[{"level":-1,"sound":145}],"tick":57},{"sounds":[{"level":-1,"sound":145}],"tick":58},{"sounds":[{"level":-1,"sound":145}],"tick":59},{"sounds":[{"level":-1,"sound":145}],"tick":60},{"sounds":[{"level":-1,"sound":145}],"tick":61},{"sounds":[{"level":-1,"sound":145}],"tick":62},{"sounds":[{"level":-1,"sound":145}],"tick":63},{"sounds":[{"level":10,"sound":81},{"level":-1,"sound":145}],"tick":64},{"sounds":[{"level":-1,"sound":145}],"tick":65},{"sounds":[{"level":-1,"sound":145}],"tick":66},{"sounds":[{"level":-1,"sound":145}],"tick":67},{"sounds":[{"level":-1,"sound":145}],"tick":68},{"sounds":[{"level":-1,"sound":145}],"tick":69},{"sounds":[{"level":-1,"sound":145}],"tick":70},{"sounds":[{"level":-1,"sound":145}],"tick":71},{"sounds":[{"level":9,"sound":81},{"level":-1,"sound":145}],"tick":72},{"sounds":[{"level":-1,"sound":145}],"tick":73},{"sounds":[{"level":-1,"sound":145}],"tick":74},{"sounds":[{"level":-1,"sound":145}],"tick":75},{"sounds":[{"level":-1,"sound":145}],"tick":76},{"sounds":[{"level":-1,"sound":145}],"tick":77},{"sounds":[{"level":-1,"sound":145}],"tick":78},{"sounds":[{"level":-1,"sound":145}],"tick":79},{"sounds":[{"level":-1,"sound":145}],"tick":80},{"sounds":[{"level":-1,"sound":145}],"tick":81},{"sounds":[{"level":-1,"sound":145}],"tick":82},{"sounds":[{"level":-1,"sound":145}],"tick":83},{"sounds":[{"level":-1,"sound":145},{"level":8,"sound":81}],"tick":84},{"sounds":[{"level":-1,"sound":145}],"tick":85},{"sounds":[{"level":-1,"sound":145}],"tick":86},{"sounds":[{"level":-1,"sound":145}],"tick":87},{"sounds":[{"level":-1,"sound":145}],"tick":88},{"sounds":[{"level":-1,"sound":145}],"tick":89},{"sounds":[{"level":-1,"sound":145}],"tick":90},{"sounds":[{"level":-1,"sound":145}],"tick":91},{"sounds":[{"level":8,"sound":81},{"level":-1,"sound":145}],"tick":92},{"sounds":[{"level":-1,"sound":145}],"tick":93},{"sounds":[{"level":-1,"sound":145}],"tick":94},{"sounds":[{"level":-1,"sound":145}],"tick":95},{"sounds":[{"level":-1,"sound":145}],"tick":96},{"sounds":[{"level":-1,"sound":145}],"tick":97},{"sounds":[{"level":-1,"sound":145}],"tick":98},{"sounds":[{"level":-1,"sound":145}],"tick":99},{"sounds":[{"level":9,"sound":81},{"level":-1,"sound":145}],"tick":100},{"sounds":[{"level":-1,"sound":145}],"tick":101},{"sounds":[{"level":-1,"sound":145}],"tick":102},{"sounds":[{"level":-1,"sound":145}],"tick":103},{"sounds":[{"level":-1,"sound":145}],"tick":104},{"sounds":[{"level":-1,"sound":145}],"tick":105},{"sounds":[{"level":-1,"sound":145}],"tick":106},{"sounds":[{"level":-1,"sound":145}],"tick":107},{"sounds":[{"level":-1,"sound":145},{"level":10,"sound":81}],"tick":108},{"sounds":[{"level":-1,"sound":145}],"tick":109},{"sounds":[{"level":-1,"sound":145}],"tick":110},{"sounds":[{"level":-1,"sound":145}],"tick":111},{"sounds":[{"level":-1,"sound":145}],"tick":112},{"sounds":[{"level":-1,"sound":145}],"tick":113},{"sounds":[{"level":-1,"sound":145}],"tick":114},{"sounds":[{"level":10,"sound":81},{"level":-1,"sound":145}],"tick":115},{"sounds":[{"level":-1,"sound":145}],"tick":116},{"sounds":[{"level":-1,"sound":145}],"tick":117},{"sounds":[{"level":-1,"sound":145}],"tick":118},{"sounds":[{"level":-1,"sound":145}],"tick":119},{"sounds":[{"level":-1,"sound":145}],"tick":120},{"sounds":[{"level":-1,"sound":145}],"tick":121},{"sounds":[{"level":-1,"sound":145}],"tick":122},{"sounds":[{"level":-1,"sound":145}],"tick":123},{"sounds":[{"level":-1,"sound":145}],"tick":124},{"sounds":[{"level":-1,"sound":145}],"tick":125},{"sounds":[{"level":-1,"sound":145}],"tick":126},{"sounds":[{"level":9,"sound":81},{"level":-1,"sound":145}],"tick":127},{"sounds":[{"level":-1,"sound":145}],"tick":128},{"sounds":[{"level":-1,"sound":145}],"tick":129},{"sounds":[{"level":-1,"sound":145}],"tick":130},{"sounds":[{"level":-1,"sound":145}],"tick":131},{"sounds":[{"level":-1,"sound":145},{"level":9,"sound":81}],"tick":132},{"sounds":[{"level":-1,"sound":145}],"tick":133},{"sounds":[{"level":-1,"sound":145}],"tick":134},{"sounds":[{"level":-1,"sound":145}],"tick":135},{"sounds":[{"level":-1,"sound":145}],"tick":136},{"sounds":[{"level":-1,"sound":145}],"tick":137},{"sounds":[{"level":-1,"sound":145}],"tick":138},{"sounds":[{"level":-1,"sound":145}],"tick":139},{"sounds":[{"level":-1,"sound":145}],"tick":140},{"sounds":[],"tick":141},{"sounds":[{"level":-1,"sound":145}],"tick":142},{"sounds":[{"level":-1,"sound":145}],"tick":143},{"sounds":[{"level":-1,"sound":145}],"tick":144},{"sounds":[{"level":-1,"sound":145}],"tick":145},{"sounds":[{"level":-1,"sound":145}],"tick":146},{"sounds":[{"level":-1,"sound":145},{"level":4922,"sound":35}],"tick":147},{"sounds":[{"level":-1,"sound":145},{"level":10,"sound":81}],"tick":148},{"sounds":[{"level":-1,"sound":145}],"tick":149},{"sounds":[{"level":-1,"sound":145}],"tick":150},{"sounds":[{"level":-1,"sound":145}],"tick":151},{"sounds":[{"level":-1,"sound":145}],"tick":152},{"sounds":[{"level":-1,"sound":145}],"tick":153},{"sounds":[{"level":-1,"sound":145}],"tick":154},{"sounds":[{"level":10,"sound":81},{"level":-1,"sound":145}],"tick":155},{"sounds":[{"level":-1,"sound":145}],"tick":156},{"sounds":[{"level":-1,"sound":145}],"tick":157},{"sounds":[{"level":-1,"sound":145}],"tick":158},{"sounds":[{"level":-1,"sound":145}],"tick":159},{"sounds":[{"level":-1,"sound":145}],"tick":160},{"sounds":[{"level":-1,"sound":145}],"tick":161},{"sounds":[{"level":-1,"sound":145}],"tick":162},{"sounds":[{"level":11,"sound":81},{"level":-1,"sound":145}],"tick":163},{"sounds":[{"level":-1,"sound":145}],"tick":164},{"sounds":[{"level":-1,"sound":145}],"tick":165},{"sounds":[{"level":-1,"sound":145}],"tick":166},{"sounds":[{"level":-1,"sound":145}],"tick":167},{"sounds":[{"level":-1,"sound":145}],"tick":168},{"sounds":[{"level":-1,"sound":145}],"tick":169},{"sounds":[{"level":-1,"sound":145}],"tick":170},{"sounds":[{"level":-1,"sound":145}],"tick":171},{"sounds":[{"level":-1,"sound":145},{"level":12,"sound":81}],"tick":172},{"sounds":[{"level":-1,"sound":145}],"tick":173},{"sounds":[{"level":-1,"sound":145}],"tick":174},{"sounds":[{"level":-1,"sound":145}],"tick":175},{"sounds":[{"level":-1,"sound":145}],"tick":176},{"sounds":[{"level":-1,"sound":145}],"tick":177},{"sounds":[{"level":-1,"sound":145}],"tick":178},{"sounds":[{"level":-1,"sound":145}],"tick":179},{"sounds":[{"level":-1,"sound":145},{"level":12,"sound":81}],"tick":180},{"sounds":[{"level":-1,"sound":145}],"tick":181},{"sounds":[{"level":-1,"sound":145}],"tick":182},{"sounds":[{"level":-1,"sound":145}],"tick":183},{"sounds":[{"level":-1,"sound":145}],"tick":184},{"sounds":[{"level":-1,"sound":145}],"tick":185},{"sounds":[{"level":-1,"sound":145}],"tick":186},{"sounds":[{"level":-1,"sound":145}],"tick":187},{"sounds":[{"level":-1,"sound":145},{"level":11,"sound":81}],"tick":188},{"sounds":[{"level":-1,"sound":145}],"tick":189},{"sounds":[{"level":-1,"sound":145}],"tick":190},{"sounds":[{"level":-1,"sound":145}],"tick":191},{"sounds":[{"level":-1,"sound":145}],"tick":192},{"sounds":[{"level":-1,"sound":145}],"tick":193},{"sounds":[{"level":-1,"sound":145}],"tick":194},{"sounds":[{"level":10,"sound":81},{"level":-1,"sound":145}],"tick":195},{"sounds":[{"level":-1,"sound":145}],"tick":196},{"sounds":[{"level":-1,"sound":145}],"tick":197},{"sounds":[{"level":-1,"sound":145}],"tick":198},{"sounds":[{"level":-1,"sound":145}],"tick":199},{"sounds":[{"level":-1,"sound":145}],"tick":200},{"sounds":[{"level":-1,"sound":145}],"tick":201},{"sounds":[{"level":-1,"sound":145}],"tick":202},{"sounds":[{"level":9,"sound":81},{"level":-1,"sound":145}],"tick":203},{"sounds":[{"level":-1,"sound":145}],"tick":204},{"sounds":[{"level":-1,"sound":145}],"tick":205},{"sounds":[{"level":-1,"sound":145}],"tick":206},{"sounds":[{"level":-1,"sound":145}],"tick":207},{"sounds":[{"level":-1,"sound":145}],"tick":208},{"sounds":[{"level":-1,"sound":145}],"tick":209},{"sounds":[{"level":-1,"sound":145}],"tick":210},{"sounds":[{"level":-1,"sound":145}],"tick":211},{"sounds":[{"level":-1,"sound":145}],"tick":212},{"sounds":[{"level":-1,"sound":145}],"tick":213},{"sounds":[{"level":-1,"sound":145}],"tick":214},{"sounds":[{"level":8,"sound":81},{"level":-1,"sound":145}],"tick":215},{"sounds":[{"level":-1,"sound":145}],"tick":216},{"sounds":[{"level":-1,"sound":145}],"tick":217},{"sounds":[{"level":-1,"sound":145}],"tick":218},{"sounds":[{"level":-1,"sound":145}],"tick":219},{"sounds":[{"level":-1,"sound":145}],"tick":220},{"sounds":[{"level":-1,"sound":145}],"tick":221},{"sounds":[{"level":-1,"sound":145}],"tick":222},{"sounds":[{"level":8,"sound":81},{"level":-1,"sound":145}],"tick":223},{"sounds":[{"level":-1,"sound":145}],"tick":224},{"sounds":[{"level":-1,"sound":145}],"tick":225},{"sounds":[{"level":-1,"sound":145}],"tick":226},{"sounds":[{"level":-1,"sound":145}],"tick":227},{"sounds":[{"level":-1,"sound":145}],"tick":228},{"sounds":[{"level":-1,"sound":145}],"tick":229},{"sounds":[{"level":-1,"sound":145}],"tick":230},{"sounds":[{"level":-1,"sound":145}],"tick":231},{"sounds":[{"level":-1,"sound":145},{"level":9,"sound":81}],"tick":232},{"sounds":[{"level":-1,"sound":145}],"tick":233},{"sounds":[{"level":-1,"sound":145}],"tick":234},{"sounds":[{"level":-1,"sound":145}],"tick":235},{"sounds":[{"level":-1,"sound":145}],"tick":236},{"sounds":[{"level":-1,"sound":145}],"tick":237},{"sounds":[{"level":-1,"sound":145}],"tick":238},{"sounds":[{"level":-1,"sound":145}],"tick":239},{"sounds":[{"level":-1,"sound":145},{"level":10,"sound":81}],"tick":240},{"sounds":[{"level":-1,"sound":145}],"tick":241},{"sounds":[{"level":-1,"sound":145}],"tick":242},{"sounds":[{"level":-1,"sound":145}],"tick":243},{"sounds":[{"level":-1,"sound":145}],"tick":244},{"sounds":[{"level":-1,"sound":145}],"tick":245},{"sounds":[{"level":-1,"sound":145}],"tick":246},{"sounds":[{"level":-1,"sound":145}],"tick":247},{"sounds":[{"level":-1,"sound":145},{"level":9,"sound":81}],"tick":248},{"sounds":[{"level":-1,"sound":145}],"tick":249},{"sounds":[{"level":-1,"sound":145}],"tick":250},{"sounds":[{"level":-1,"sound":145}],"tick":251},{"sounds":[{"level":-1,"sound":145}],"tick":252},{"sounds":[{"level":-1,"sound":145}],"tick":253},{"sounds":[{"level":-1,"sound":145}],"tick":254},{"sounds":[{"level":-1,"sound":145}],"tick":255},{"sounds":[{"level":-1,"sound":145}],"tick":256},{"sounds":[{"level":-1,"sound":145}],"tick":257},{"sounds":[{"level":-1,"sound":145}],"tick":258},{"sounds":[{"level":8,"sound":81},{"level":-1,"sound":145}],"tick":259},{"sounds":[{"level":-1,"sound":145}],"tick":260},{"sounds":[{"level":-1,"sound":145}],"tick":261},{"sounds":[{"level":-1,"sound":145}],"tick":262},{"sounds":[{"level":8,"sound":81},{"level":-1,"sound":145}],"tick":263},{"sounds":[{"level":-1,"sound":145}],"tick":264},{"sounds":[{"level":-1,"sound":145}],"tick":265},{"sounds":[{"level":-1,"sound":145}],"tick":266},{"sounds":[{"level":-1,"sound":145}],"tick":267},{"sounds":[{"level":-1,"sound":145}],"tick":268},{"sounds":[{"level":-1,"sound":145}],"tick":269},{"sounds":[{"level":-1,"sound":145}],"tick":270},{"sounds":[{"level":-1,"sound":145}],"tick":271},{"sounds":[{"level":-1,"sound":145}],"tick":272},{"sounds":[{"level":-1,"sound":145}],"tick":273},{"sounds":[{"level":-1,"sound":145}],"tick":274},{"sounds":[{"level":-1,"sound":145}],"tick":275},{"sounds":[{"level":-1,"sound":145}],"tick":276},{"sounds":[{"level":-1,"sound":145}],"tick":277},{"sounds":[{"level":-1,"sound":145}],"tick":278},{"sounds":[{"level":-1,"sound":145}],"tick":279},{"sounds":[{"level":-1,"sound":145},{"level":9,"sound":81}],"tick":280},{"sounds":[{"level":-1,"sound":145}],"tick":281},{"sounds":[{"level":-1,"sound":145}],"tick":282},{"sounds":[{"level":-1,"sound":145}],"tick":283},{"sounds":[{"level":-1,"sound":145}],"tick":284},{"sounds":[{"level":-1,"sound":145}],"tick":285},{"sounds":[{"level":-1,"sound":145}],"tick":286},{"sounds":[{"level":-1,"sound":145}],"tick":287},{"sounds":[{"level":-1,"sound":145},{"level":9,"sound":81}],"tick":288},{"sounds":[{"level":-1,"sound":145}],"tick":289},{"sounds":[{"level":-1,"sound":145}],"tick":290},{"sounds":[{"level":-1,"sound":145}],"tick":291},{"sounds":[{"level":-1,"sound":145}],"tick":292},{"sounds":[{"level":-1,"sound":145}],"tick":293},{"sounds":[{"level":-1,"sound":145}],"tick":294},{"sounds":[{"level":-1,"sound":145}],"tick":295},{"sounds":[{"level":-1,"sound":145},{"level":10,"sound":81}],"tick":296},{"sounds":[{"level":-1,"sound":145}],"tick":297},{"sounds":[{"level":-1,"sound":145}],"tick":298},{"sounds":[{"level":-1,"sound":145}],"tick":299},{"sounds":[{"level":-1,"sound":145}],"tick":300},{"sounds":[{"level":-1,"sound":145}],"tick":301},{"sounds":[{"level":-1,"sound":145}],"tick":302},{"sounds":[{"level":8,"sound":81},{"level":-1,"sound":145}],"tick":303},{"sounds":[],"tick":304},{"sounds":[{"level":-1,"sound":145}],"tick":305},{"sounds":[{"level":-1,"sound":145}],"tick":306},{"sounds":[{"level":-1,"sound":145}],"tick":307},{"sounds":[{"level":-1,"sound":145}],"tick":308},{"sounds":[{"level":-1,"sound":145}],"tick":309},{"sounds":[{"level":-1,"sound":145},{"level":9,"sound":81}],"tick":310},{"sounds":[{"level":-1,"sound":145}],"tick":311},{"sounds":[{"level":-1,"sound":145}],"tick":312},{"sounds":[{"level":-1,"sound":145}],"tick":313},{"sounds":[{"level":-1,"sound":145}],"tick":314},{"sounds":[{"level":-1,"sound":145}],"tick":315},{"sounds":[{"level":-1,"sound":145}],"tick":316},{"sounds":[{"level":-1,"sound":145}],"tick":317},{"sounds":[{"level":10,"sound":81},{"level":-1,"sound":145}],"tick":318},{"sounds":[{"level":-1,"sound":145}],"tick":319},{"sounds":[{"level":-1,"sound":145}],"tick":320},{"sounds":[{"level":-1,"sound":145}],"tick":321},{"sounds":[{"level":-1,"sound":145},{"level":11,"sound":81}],"tick":322},{"sounds":[{"level":-1,"sound":145}],"tick":323},{"sounds":[{"level":-1,"sound":145}],"tick":324},{"sounds":[{"level":-1,"sound":145}],"tick":325},{"sounds":[{"level":-1,"sound":145}],"tick":326},{"sounds":[{"level":-1,"sound":145}],"tick":327},{"sounds":[{"level":-1,"sound":145}],"tick":328},{"sounds":[{"level":-1,"sound":145}],"tick":329},{"sounds":[{"level":-1,"sound":145},{"level":10,"sound":81}],"tick":330},{"sounds":[{"level":-1,"sound":145}],"tick":331},{"sounds":[{"level":-1,"sound":145}],"tick":332},{"sounds":[{"level":-1,"sound":145}],"tick":333},{"sounds":[{"level":-1,"sound":145}],"tick":334},{"sounds":[{"level":-1,"sound":145}],"tick":335},{"sounds":[{"level":-1,"sound":145}],"tick":336},{"sounds":[{"level":-1,"sound":145}],"tick":337},{"sounds":[{"level":-1,"sound":145},{"level":8,"sound":81}],"tick":338},{"sounds":[{"level":-1,"sound":145}],"tick":339},{"sounds":[{"level":-1,"sound":145}],"tick":340},{"sounds":[{"level":-1,"sound":145}],"tick":341},{"sounds":[{"level":-1,"sound":145}],"tick":342},{"sounds":[{"level":-1,"sound":145}],"tick":343},{"sounds":[{"level":-1,"sound":145}],"tick":344},{"sounds":[{"level":-1,"sound":145}],"tick":345},{"sounds":[{"level":-1,"sound":145}],"tick":346},{"sounds":[{"level":-1,"sound":145}],"tick":347},{"sounds":[{"level":-1,"sound":145}],"tick":348},{"sounds":[{"level":9,"sound":81},{"level":-1,"sound":145}],"tick":349},{"sounds":[{"level":-1,"sound":145}],"tick":350},{"sounds":[{"level":-1,"sound":145}],"tick":351},{"sounds":[{"level":-1,"sound":145},{"level":4922,"sound":35}],"tick":352},{"sounds":[{"level":-1,"sound":145}],"tick":353},{"sounds":[{"level":-1,"sound":145}],"tick":354},{"sounds":[{"level":-1,"sound":145}],"tick":355},{"sounds":[{"level":-1,"sound":145}],"tick":356},{"sounds":[{"level":-1,"sound":145}],"tick":357},{"sounds":[{"level":10,"sound":81},{"level":-1,"sound":145}],"tick":358},{"sounds":[{"level":-1,"sound":145}],"tick":359},{"sounds":[{"level":-1,"sound":145}],"tick":360},{"sounds":[{"level":-1,"sound":145}],"tick":361},{"sounds":[{"level":11,"sound":81},{"level":-1,"sound":145}],"tick":362},{"sounds":[{"level":-1,"sound":145}],"tick":363},{"sounds":[{"level":-1,"sound":145}],"tick":364},{"sounds":[{"level":-1,"sound":145}],"tick":365},{"sounds":[{"level":-1,"sound":145}],"tick":366},{"sounds":[{"level":-1,"sound":145}],"tick":367},{"sounds":[{"level":-1,"sound":145}],"tick":368},{"sounds":[{"level":-1,"sound":145}],"tick":369},{"sounds":[{"level":10,"sound":81},{"level":-1,"sound":145}],"tick":370},{"sounds":[{"level":-1,"sound":145}],"tick":371},{"sounds":[{"level":-1,"sound":145}],"tick":372},{"sounds":[{"level":-1,"sound":145}],"tick":373},{"sounds":[{"level":-1,"sound":145}],"tick":374},{"sounds":[{"level":-1,"sound":145}],"tick":375},{"sounds":[{"level":-1,"sound":145}],"tick":376},{"sounds":[],"tick":377},{"sounds":[{"level":9,"sound":81},{"level":-1,"sound":145}],"tick":378},{"sounds":[{"level":-1,"sound":145}],"tick":379},{"sounds":[{"level":-1,"sound":145}],"tick":380},{"sounds":[{"level":8,"sound":81},{"level":-1,"sound":145}],"tick":381},{"sounds":[{"level":-1,"sound":145}],"tick":382},{"sounds":[{"level":-1,"sound":145}],"tick":383},{"sounds":[{"level":-1,"sound":145}],"tick":384},{"sounds":[{"level":-1,"sound":145}],"tick":385},{"sounds":[{"level":-1,"sound":145}],"tick":386},{"sounds":[{"level":-1,"sound":145}],"tick":387},{"sounds":[{"level":-1,"sound":145}],"tick":388},{"sounds":[{"level":9,"sound":81},{"level":-1,"sound":145}],"tick":389},{"sounds":[{"level":-1,"sound":145}],"tick":390},{"sounds":[{"level":-1,"sound":145}],"tick":391},{"sounds":[{"level":-1,"sound":145}],"tick":392},{"sounds":[{"level":-1,"sound":145}],"tick":393},{"sounds":[{"level":-1,"sound":145}],"tick":394},{"sounds":[{"level":-1,"sound":145}],"tick":395},{"sounds":[{"level":-1,"sound":145}],"tick":396},{"sounds":[{"level":-1,"sound":145}],"tick":397},{"sounds":[{"level":5,"sound":81},{"level":-1,"sound":145}],"tick":398},{"sounds":[{"level":-1,"sound":145}],"tick":399},{"sounds":[{"level":-1,"sound":145}],"tick":400},{"sounds":[{"level":-1,"sound":145}],"tick":401},{"sounds":[{"level":-1,"sound":145}],"tick":402},{"sounds":[{"level":-1,"sound":145}],"tick":403},{"sounds":[{"level":-1,"sound":145}],"tick":404},{"sounds":[{"level":-1,"sound":145}],"tick":405},{"sounds":[{"level":-1,"sound":145}],"tick":406},{"sounds":[{"level":-1,"sound":145}],"tick":407},{"sounds":[],"tick":408},{"sounds":[{"level":-1,"sound":145}],"tick":409},{"sounds":[{"level":-1,"sound":145}],"tick":410},{"sounds":[{"level":-1,"sound":145}],"tick":411},{"sounds":[{"level":-1,"sound":145}],"tick":412},{"sounds":[{"level":-1,"sound":145}],"tick":413},{"sounds":[{"level":10,"sound":81},{"level":-1,"sound":145},{"level":4922,"sound":35}],"tick":414},{"sounds":[{"level":-1,"sound":145}],"tick":415},{"sounds":[{"level":-1,"sound":145}],"tick":416},{"sounds":[{"level":-1,"sound":145}],"tick":417},{"sounds":[{"level":-1,"sound":145}],"tick":418},{"sounds":[{"level":-1,"sound":145}],"tick":419},{"sounds":[{"level":-1,"sound":145}],"tick":420},{"sounds":[{"level":-1,"sound":145}],"tick":421},{"sounds":[{"level":-1,"sound":145},{"level":10,"sound":81}],"tick":422},{"sounds":[{"level":-1,"sound":145}],"tick":423},{"sounds":[{"level":-1,"sound":145}],"tick":424},{"sounds":[{"level":-1,"sound":145}],"tick":425},{"sounds":[{"level":-1,"sound":145}],"tick":426},{"sounds":[{"level":-1,"sound":145}],"tick":427},{"sounds":[{"level":-1,"sound":145}],"tick":428},{"sounds":[{"level":-1,"sound":145}],"tick":429},{"sounds":[{"level":-1,"sound":145},{"level":11,"sound":81}],"tick":430},{"sounds":[{"level":-1,"sound":145}],"tick":431},{"sounds":[{"level":-1,"sound":145}],"tick":432},{"sounds":[{"level":-1,"sound":145}],"tick":433},{"sounds":[{"level":-1,"sound":145}],"tick":434},{"sounds":[{"level":-1,"sound":145}],"tick":435},{"sounds":[{"level":-1,"sound":145}],"tick":436},{"sounds":[{"level":-1,"sound":145}],"tick":437},{"sounds":[{"level":-1,"sound":145},{"level":12,"sound":81}],"tick":438},{"sounds":[{"level":-1,"sound":145}],"tick":439},{"sounds":[{"level":-1,"sound":145}],"tick":440},{"sounds":[{"level":-1,"sound":145}],"tick":441},{"sounds":[{"level":-1,"sound":145}],"tick":442},{"sounds":[{"level":-1,"sound":145}],"tick":443},{"sounds":[{"level":-1,"sound":145}],"tick":444},{"sounds":[{"level":-1,"sound":145}],"tick":445},{"sounds":[{"level":12,"sound":81},{"level":-1,"sound":145}],"tick":446},{"sounds":[{"level":-1,"sound":145}],"tick":447},{"sounds":[{"level":-1,"sound":145}],"tick":448},{"sounds":[{"level":-1,"sound":145}],"tick":449},{"sounds":[{"level":-1,"sound":145}],"tick":450},{"sounds":[{"level":-1,"sound":145}],"tick":451},{"sounds":[{"level":-1,"sound":145}],"tick":452},{"sounds":[],"tick":453},{"sounds":[{"level":11,"sound":81},{"level":-1,"sound":145}],"tick":454},{"sounds":[{"level":-1,"sound":145}],"tick":455},{"sounds":[{"level":-1,"sound":145}],"tick":456},{"sounds":[{"level":-1,"sound":145}],"tick":457},{"sounds":[{"level":-1,"sound":145}],"tick":458},{"sounds":[{"level":-1,"sound":145}],"tick":459},{"sounds":[{"level":-1,"sound":145}],"tick":460},{"sounds":[{"level":-1,"sound":145}],"tick":461},{"sounds":[{"level":10,"sound":81},{"level":-1,"sound":145}],"tick":462},{"sounds":[{"level":-1,"sound":145}],"tick":463},{"sounds":[{"level":-1,"sound":145}],"tick":464},{"sounds":[{"level":-1,"sound":145}],"tick":465},{"sounds":[{"level":-1,"sound":145}],"tick":466},{"sounds":[{"level":-1,"sound":145}],"tick":467},{"sounds":[{"level":-1,"sound":145}],"tick":468},{"sounds":[{"level":-1,"sound":145}],"tick":469},{"sounds":[{"level":-1,"sound":145},{"level":9,"sound":81}],"tick":470},{"sounds":[{"level":-1,"sound":145}],"tick":471},{"sounds":[{"level":-1,"sound":145}],"tick":472},{"sounds":[{"level":-1,"sound":145}],"tick":473},{"sounds":[{"level":-1,"sound":145}],"tick":474},{"sounds":[{"level":-1,"sound":145}],"tick":475},{"sounds":[{"level":-1,"sound":145}],"tick":476},{"sounds":[{"level":-1,"sound":145}],"tick":477},{"sounds":[{"level":-1,"sound":145}],"tick":478},{"sounds":[{"level":-1,"sound":145}],"tick":479},{"sounds":[{"level":-1,"sound":145}],"tick":480},{"sounds":[{"level":-1,"sound":145}],"tick":481},{"sounds":[{"level":-1,"sound":145},{"level":8,"sound":81}],"tick":482},{"sounds":[{"level":-1,"sound":145}],"tick":483},{"sounds":[{"level":-1,"sound":145}],"tick":484},{"sounds":[{"level":-1,"sound":145}],"tick":485},{"sounds":[{"level":-1,"sound":145}],"tick":486},{"sounds":[{"level":-1,"sound":145}],"tick":487},{"sounds":[{"level":-1,"sound":145}],"tick":488},{"sounds":[{"level":-1,"sound":145}],"tick":489},{"sounds":[{"level":-1,"sound":145},{"level":8,"sound":81}],"tick":490},{"sounds":[{"level":-1,"sound":145}],"tick":491},{"sounds":[{"level":-1,"sound":145}],"tick":492},{"sounds":[{"level":-1,"sound":145}],"tick":493},{"sounds":[{"level":-1,"sound":145}],"tick":494},{"sounds":[{"level":-1,"sound":145}],"tick":495},{"sounds":[{"level":-1,"sound":145}],"tick":496},{"sounds":[{"level":-1,"sound":145}],"tick":497},{"sounds":[{"level":-1,"sound":145},{"level":9,"sound":81}],"tick":498},{"sounds":[{"level":-1,"sound":145}],"tick":499},{"sounds":[{"level":-1,"sound":145}],"tick":500},{"sounds":[{"level":-1,"sound":145}],"tick":501},{"sounds":[{"level":-1,"sound":145}],"tick":502},{"sounds":[{"level":-1,"sound":145}],"tick":503},{"sounds":[{"level":-1,"sound":145}],"tick":504},{"sounds":[{"level":10,"sound":81},{"level":-1,"sound":145}],"tick":505},{"sounds":[{"level":-1,"sound":145}],"tick":506},{"sounds":[{"level":-1,"sound":145}],"tick":507},{"sounds":[{"level":-1,"sound":145}],"tick":508},{"sounds":[{"level":-1,"sound":145}],"tick":509},{"sounds":[{"level":-1,"sound":145}],"tick":510},{"sounds":[{"level":-1,"sound":145}],"tick":511},{"sounds":[{"level":-1,"sound":145}],"tick":512},{"sounds":[{"level":-1,"sound":145}],"tick":513},{"sounds":[{"level":-1,"sound":145},{"level":9,"sound":81}],"tick":514},{"sounds":[{"level":-1,"sound":145}],"tick":515},{"sounds":[{"level":-1,"sound":145}],"tick":516},{"sounds":[{"level":-1,"sound":145}],"tick":517},{"sounds":[{"level":-1,"sound":145}],"tick":518},{"sounds":[{"level":-1,"sound":145}],"tick":519},{"sounds":[{"level":-1,"sound":145}],"tick":520},{"sounds":[{"level":-1,"sound":145}],"tick":521},{"sounds":[{"level":-1,"sound":145}],"tick":522},{"sounds":[{"level":-1,"sound":145}],"tick":523},{"sounds":[{"level":-1,"sound":145}],"tick":524},{"sounds":[{"level":-1,"sound":145}],"tick":525},{"sounds":[{"level":-1,"sound":145},{"level":8,"sound":81}],"tick":526},{"sounds":[{"level":-1,"sound":145}],"tick":527},{"sounds":[{"level":-1,"sound":145}],"tick":528},{"sounds":[{"level":-1,"sound":145}],"tick":529},{"sounds":[{"level":-1,"sound":145},{"level":8,"sound":81}],"tick":530},{"sounds":[{"level":-1,"sound":145}],"tick":531},{"sounds":[{"level":-1,"sound":145}],"tick":532},{"sounds":[{"level":-1,"sound":145}],"tick":533},{"sounds":[{"level":-1,"sound":145}],"tick":534},{"sounds":[{"level":-1,"sound":145}],"tick":535},{"sounds":[{"level":-1,"sound":145}],"tick":536},{"sounds":[{"level":-1,"sound":145}],"tick":537},{"sounds":[],"tick":538},{"sounds":[{"level":-1,"sound":145}],"tick":539},{"sounds":[{"level":-1,"sound":145}],"tick":540},{"sounds":[{"level":-1,"sound":145}],"tick":541},{"sounds":[{"level":-1,"sound":145}],"tick":542},{"sounds":[{"level":-1,"sound":145}],"tick":543},{"sounds":[{"level":-1,"sound":145}],"tick":544},{"sounds":[{"level":-1,"sound":145}],"tick":545},{"sounds":[{"level":-1,"sound":145}],"tick":546},{"sounds":[{"level":-1,"sound":145}],"tick":547},{"sounds":[{"level":-1,"sound":145}],"tick":548},{"sounds":[{"level":-1,"sound":145}],"tick":549},{"sounds":[{"level":-1,"sound":145}],"tick":550},{"sounds":[{"level":-1,"sound":145}],"tick":551},{"sounds":[{"level":-1,"sound":145}],"tick":552},{"sounds":[{"level":-1,"sound":145}],"tick":553},{"sounds":[{"level":-1,"sound":145}],"tick":554},{"sounds":[{"level":-1,"sound":145}],"tick":555},{"sounds":[{"level":-1,"sound":145}],"tick":556},{"sounds":[{"level":-1,"sound":145}],"tick":557},{"sounds":[{"level":-1,"sound":145}],"tick":558},{"sounds":[{"level":-1,"sound":145}],"tick":559},{"sounds":[{"level":-1,"sound":145}],"tick":560},{"sounds":[{"level":-1,"sound":145}],"tick":561},{"sounds":[{"level":-1,"sound":145}],"tick":562},{"sounds":[{"level":-1,"sound":145}],"tick":563},{"sounds":[{"level":-1,"sound":145}],"tick":564},{"sounds":[{"level":-1,"sound":145}],"tick":565},{"sounds":[{"level":-1,"sound":145}],"tick":566},{"sounds":[{"level":-1,"sound":145}],"tick":567},{"sounds":[{"level":-1,"sound":145}],"tick":568},{"sounds":[{"level":-1,"sound":145}],"tick":569},{"sounds":[{"level":-1,"sound":145}],"tick":570},{"sounds":[{"level":-1,"sound":145}],"tick":571},{"sounds":[{"level":-1,"sound":145}],"tick":572},{"sounds":[{"level":-1,"sound":145}],"tick":573},{"sounds":[{"level":-1,"sound":145}],"tick":574},{"sounds":[{"level":-1,"sound":145}],"tick":575},{"sounds":[{"level":-1,"sound":145}],"tick":576},{"sounds":[{"level":-1,"sound":145}],"tick":577},{"sounds":[{"level":-1,"sound":145}],"tick":578},{"sounds":[{"level":-1,"sound":145}],"tick":579},{"sounds":[{"level":-1,"sound":145}],"tick":580},{"sounds":[{"level":-1,"sound":145}],"tick":581},{"sounds":[{"level":-1,"sound":145}],"tick":582},{"sounds":[{"level":-1,"sound":145}],"tick":583},{"sounds":[{"level":-1,"sound":145}],"tick":584},{"sounds":[{"level":-1,"sound":145}],"tick":585},{"sounds":[{"level":-1,"sound":145}],"tick":586},{"sounds":[{"level":-1,"sound":145}],"tick":587},{"sounds":[{"level":-1,"sound":145}],"tick":588},{"sounds":[{"level":-1,"sound":145}],"tick":589},{"sounds":[{"level":-1,"sound":145}],"tick":590},{"sounds":[{"level":-1,"sound":145}],"tick":591},{"sounds":[{"level":-1,"sound":145}],"tick":592},{"sounds":[{"level":-1,"sound":145}],"tick":593}]